{"type":"FeatureCollection","features":[{"type":"Feature","geometry":{"type":"MultiPolygon","coordinates":[[[[-155.85,20.27],[-155.83,20.26],[-155.82,20.26],[-155.81,20.26],[-155.8,20.25],[-155.77,20.24],[-155.75,20.24],[-155.73,20.22],[-155.73,20.2],[-155.68,20.18],[-155.65,20.16],[-155.64,20.15],[-155.63,20.14],[-155.61,20.13],[-155.6,20.12],[-155.59,20.12],[-155.57,20.13],[-155.55,20.13],[-155.51,20.11],[-155.5,20.11],[-155.49,20.11],[-155.46,20.1],[-155.4,20.08],[-155.39,20.07],[-155.38,20.06],[-155.35,20.05],[-155.33,20.04],[-155.3,20.02],[-155.28,20.02],[-155.25,20],[-155.24,19.99],[-155.21,19.97],[-155.2,19.96],[-155.18,19.95],[-155.14,19.92],[-155.12,19.9],[-155.12,19.88],[-155.11,19.87],[-155.09,19.86],[-155.08,19.85],[-155.08,19.83],[-155.09,19.81],[-155.09,19.8],[-155.09,19.79],[-155.09,19.78],[-155.09,19.77],[-155.09,19.73],[-155.08,19.72],[-155.07,19.73],[-155.06,19.73],[-155.03,19.74],[-155.02,19.73],[-155,19.74],[-154.99,19.72],[-154.98,19.69],[-154.98,19.67],[-154.98,19.64],[-154.96,19.62],[-154.95,19.62],[-154.94,19.6],[-154.91,19.58],[-154.9,19.57],[-154.87,19.55],[-154.85,19.55],[-154.83,19.53],[-154.81,19.53],[-154.81,19.51],[-154.82,19.48],[-154.83,19.46],[-154.86,19.44],[-154.89,19.42],[-154.89,19.41],[-154.91,19.4],[-154.93,19.39],[-154.94,19.38],[-154.96,19.37],[-154.97,19.35],[-155,19.34],[-155.05,19.31],[-155.07,19.31],[-155.09,19.3],[-155.1,19.29],[-155.12,19.28],[-155.14,19.27],[-155.15,19.27],[-155.19,19.26],[-155.21,19.26],[-155.23,19.26],[-155.24,19.27],[-155.26,19.27],[-155.3,19.26],[-155.32,19.24],[-155.33,19.23],[-155.35,19.21],[-155.37,19.2],[-155.39,19.2],[-155.4,19.19],[-155.42,19.18],[-155.43,19.17],[-155.45,19.15],[-155.49,19.14],[-155.51,19.13],[-155.51,19.12],[-155.52,19.11],[-155.54,19.09],[-155.56,19.08],[-155.55,19.05],[-155.56,19.03],[-155.58,19.02],[-155.58,19.01],[-155.59,19],[-155.59,18.98],[-155.6,18.97],[-155.62,18.97],[-155.62,18.96],[-155.64,18.94],[-155.65,18.93],[-155.66,18.92],[-155.67,18.91],[-155.68,18.91],[-155.69,18.94],[-155.7,18.95],[-155.72,18.96],[-155.76,18.98],[-155.79,19],[-155.8,19.01],[-155.82,19.01],[-155.83,19.02],[-155.85,19.02],[-155.88,19.04],[-155.88,19.05],[-155.89,19.06],[-155.91,19.08],[-155.92,19.11],[-155.92,19.13],[-155.91,19.15],[-155.92,19.16],[-155.91,19.17],[-155.91,19.2],[-155.9,19.21],[-155.9,19.23],[-155.9,19.24],[-155.9,19.26],[-155.89,19.27],[-155.89,19.29],[-155.89,19.31],[-155.89,19.32],[-155.89,19.33],[-155.89,19.34],[-155.89,19.36],[-155.91,19.4],[-155.91,19.41],[-155.91,19.42],[-155.92,19.43],[-155.92,19.45],[-155.93,19.46],[-155.92,19.47],[-155.93,19.48],[-155.95,19.49],[-155.95,19.51],[-155.96,19.51],[-155.96,19.53],[-155.96,19.55],[-155.97,19.55],[-155.97,19.57],[-155.98,19.6],[-155.99,19.62],[-155.99,19.64],[-156,19.64],[-156.02,19.65],[-156.03,19.65],[-156.03,19.66],[-156.03,19.68],[-156.04,19.69],[-156.05,19.7],[-156.05,19.72],[-156.06,19.73],[-156.05,19.73],[-156.05,19.75],[-156.05,19.77],[-156.04,19.79],[-156.03,19.79],[-156.01,19.8],[-155.97,19.85],[-155.95,19.85],[-155.94,19.85],[-155.92,19.86],[-155.92,19.87],[-155.91,19.89],[-155.9,19.91],[-155.89,19.91],[-155.89,19.93],[-155.88,19.93],[-155.88,19.94],[-155.86,19.95],[-155.85,19.97],[-155.83,19.97],[-155.83,19.99],[-155.83,20],[-155.82,20.03],[-155.85,20.06],[-155.86,20.07],[-155.88,20.11],[-155.89,20.12],[-155.9,20.17],[-155.9,20.2],[-155.9,20.21],[-155.9,20.24],[-155.88,20.26],[-155.87,20.27],[-155.85,20.27]]],[[[-156.57,20.6],[-156.55,20.59],[-156.54,20.58],[-156.54,20.57],[-156.55,20.56],[-156.55,20.55],[-156.55,20.54],[-156.55,20.53],[-156.53,20.53],[-156.55,20.51],[-156.56,20.52],[-156.59,20.51],[-156.6,20.52],[-156.6,20.51],[-156.62,20.51],[-156.64,20.51],[-156.65,20.51],[-156.66,20.5],[-156.68,20.5],[-156.69,20.52],[-156.7,20.52],[-156.7,20.53],[-156.68,20.56],[-156.65,20.56],[-156.6,20.59],[-156.59,20.6],[-156.57,20.6]]],[[[-156.98,20.93],[-156.97,20.92],[-156.94,20.92],[-156.9,20.91],[-156.88,20.9],[-156.83,20.86],[-156.82,20.85],[-156.81,20.82],[-156.81,20.81],[-156.81,20.79],[-156.83,20.77],[-156.84,20.76],[-156.87,20.75],[-156.89,20.74],[-156.9,20.74],[-156.97,20.73],[-156.97,20.74],[-156.98,20.75],[-156.99,20.78],[-156.99,20.82],[-157,20.84],[-157.01,20.85],[-157.05,20.87],[-157.06,20.89],[-157.06,20.9],[-157.05,20.91],[-157.03,20.92],[-156.99,20.93],[-156.98,20.93]]],[[[-156.6,21.03],[-156.58,21.02],[-156.56,21.01],[-156.55,21],[-156.54,21],[-156.54,20.99],[-156.53,20.98],[-156.52,20.96],[-156.51,20.95],[-156.5,20.93],[-156.49,20.93],[-156.49,20.92],[-156.48,20.91],[-156.48,20.89],[-156.45,20.9],[-156.42,20.91],[-156.41,20.91],[-156.4,20.91],[-156.38,20.92],[-156.37,20.93],[-156.35,20.94],[-156.34,20.94],[-156.32,20.95],[-156.31,20.94],[-156.28,20.95],[-156.27,20.94],[-156.26,20.94],[-156.24,20.93],[-156.23,20.93],[-156.23,20.91],[-156.21,20.91],[-156.21,20.9],[-156.2,20.89],[-156.19,20.89],[-156.17,20.87],[-156.17,20.86],[-156.14,20.86],[-156.13,20.86],[-156.12,20.84],[-156.11,20.82],[-156.08,20.83],[-156.06,20.81],[-156.03,20.8],[-156,20.79],[-155.98,20.76],[-155.99,20.72],[-155.99,20.71],[-156.01,20.68],[-156.03,20.68],[-156.04,20.67],[-156.05,20.65],[-156.07,20.65],[-156.08,20.65],[-156.1,20.64],[-156.11,20.64],[-156.13,20.62],[-156.14,20.62],[-156.15,20.63],[-156.16,20.62],[-156.18,20.62],[-156.19,20.63],[-156.21,20.62],[-156.23,20.61],[-156.26,20.6],[-156.28,20.59],[-156.3,20.58],[-156.35,20.58],[-156.36,20.58],[-156.38,20.57],[-156.38,20.58],[-156.4,20.58],[-156.41,20.59],[-156.42,20.6],[-156.43,20.6],[-156.44,20.61],[-156.45,20.63],[-156.44,20.65],[-156.44,20.68],[-156.45,20.72],[-156.46,20.73],[-156.46,20.75],[-156.46,20.77],[-156.46,20.78],[-156.48,20.79],[-156.5,20.8],[-156.51,20.79],[-156.52,20.78],[-156.54,20.77],[-156.57,20.79],[-156.58,20.79],[-156.61,20.81],[-156.62,20.81],[-156.63,20.82],[-156.65,20.83],[-156.66,20.85],[-156.67,20.86],[-156.69,20.88],[-156.69,20.9],[-156.7,20.92],[-156.69,20.95],[-156.67,21],[-156.67,21.01],[-156.65,21.01],[-156.64,21.01],[-156.64,21.02],[-156.61,21.02],[-156.6,21.03]]],[[[-157.24,21.22],[-157.22,21.22],[-157.21,21.22],[-157.2,21.21],[-157.19,21.2],[-157.16,21.2],[-157.13,21.2],[-157.11,21.19],[-157.1,21.2],[-157.08,21.19],[-157.07,21.2],[-157,21.18],[-156.99,21.19],[-156.98,21.2],[-156.97,21.22],[-156.96,21.21],[-156.95,21.19],[-156.95,21.18],[-156.93,21.17],[-156.91,21.17],[-156.9,21.16],[-156.89,21.17],[-156.86,21.16],[-156.84,21.17],[-156.83,21.16],[-156.82,21.17],[-156.8,21.17],[-156.74,21.17],[-156.73,21.16],[-156.72,21.16],[-156.71,21.15],[-156.72,21.13],[-156.75,21.1],[-156.78,21.08],[-156.79,21.08],[-156.8,21.07],[-156.81,21.07],[-156.84,21.06],[-156.86,21.06],[-156.88,21.05],[-156.89,21.05],[-156.95,21.06],[-156.98,21.07],[-157.03,21.09],[-157.07,21.1],[-157.08,21.1],[-157.09,21.1],[-157.11,21.1],[-157.15,21.09],[-157.18,21.09],[-157.25,21.09],[-157.31,21.1],[-157.3,21.12],[-157.3,21.13],[-157.29,21.14],[-157.28,21.16],[-157.27,21.16],[-157.25,21.18],[-157.25,21.2],[-157.26,21.22],[-157.25,21.22],[-157.24,21.22]]],[[[-157.96,21.36],[-157.97,21.36],[-157.96,21.37],[-157.95,21.37],[-157.96,21.36]]],[[[-157.87,21.3],[-157.89,21.3],[-157.89,21.32],[-157.9,21.33],[-157.92,21.31],[-157.91,21.3],[-157.95,21.3],[-157.95,21.32],[-157.96,21.32],[-157.97,21.33],[-157.97,21.35],[-157.95,21.36],[-157.94,21.37],[-157.95,21.38],[-157.96,21.39],[-157.97,21.37],[-157.99,21.39],[-157.99,21.38],[-157.98,21.37],[-157.97,21.35],[-157.99,21.35],[-157.99,21.36],[-158.01,21.37],[-158.02,21.37],[-158.02,21.36],[-157.99,21.35],[-157.98,21.35],[-157.97,21.34],[-157.97,21.33],[-157.98,21.32],[-158.03,21.3],[-158.1,21.3],[-158.11,21.3],[-158.12,21.31],[-158.14,21.37],[-158.16,21.39],[-158.17,21.4],[-158.18,21.41],[-158.18,21.43],[-158.19,21.45],[-158.2,21.45],[-158.22,21.47],[-158.22,21.48],[-158.23,21.48],[-158.23,21.52],[-158.23,21.54],[-158.25,21.56],[-158.28,21.57],[-158.25,21.58],[-158.22,21.58],[-158.19,21.58],[-158.17,21.58],[-158.14,21.58],[-158.12,21.58],[-158.11,21.6],[-158.09,21.62],[-158.06,21.64],[-158.06,21.66],[-158.01,21.7],[-158,21.7],[-157.99,21.71],[-157.97,21.71],[-157.93,21.67],[-157.94,21.67],[-157.93,21.65],[-157.92,21.65],[-157.92,21.63],[-157.91,21.61],[-157.9,21.6],[-157.89,21.58],[-157.88,21.57],[-157.88,21.56],[-157.86,21.56],[-157.85,21.55],[-157.83,21.53],[-157.84,21.51],[-157.85,21.5],[-157.85,21.49],[-157.84,21.48],[-157.84,21.47],[-157.84,21.46],[-157.82,21.45],[-157.81,21.43],[-157.79,21.43],[-157.79,21.41],[-157.77,21.42],[-157.77,21.43],[-157.76,21.44],[-157.78,21.44],[-157.78,21.45],[-157.76,21.46],[-157.74,21.45],[-157.73,21.46],[-157.73,21.45],[-157.74,21.44],[-157.74,21.43],[-157.74,21.42],[-157.74,21.41],[-157.73,21.4],[-157.72,21.4],[-157.71,21.38],[-157.71,21.37],[-157.7,21.35],[-157.69,21.33],[-157.68,21.33],[-157.66,21.31],[-157.65,21.3],[-157.66,21.29],[-157.69,21.27],[-157.69,21.26],[-157.71,21.26],[-157.71,21.28],[-157.74,21.28],[-157.76,21.27],[-157.77,21.27],[-157.79,21.26],[-157.81,21.25],[-157.82,21.26],[-157.83,21.28],[-157.86,21.29],[-157.87,21.3]]],[[[-160.09,22],[-160.07,22],[-160.06,22],[-160.05,21.98],[-160.06,21.98],[-160.07,21.97],[-160.07,21.92],[-160.07,21.89],[-160.08,21.89],[-160.13,21.87],[-160.14,21.87],[-160.16,21.86],[-160.19,21.82],[-160.2,21.78],[-160.23,21.79],[-160.25,21.82],[-160.25,21.85],[-160.23,21.86],[-160.23,21.88],[-160.22,21.89],[-160.2,21.91],[-160.19,21.93],[-160.17,21.93],[-160.16,21.94],[-160.13,21.95],[-160.11,21.97],[-160.11,21.99],[-160.09,22]]],[[[-159.4,22.22],[-159.38,22.22],[-159.36,22.21],[-159.35,22.21],[-159.33,22.2],[-159.33,22.19],[-159.31,22.18],[-159.31,22.17],[-159.31,22.16],[-159.31,22.15],[-159.29,22.15],[-159.29,22.13],[-159.3,22.1],[-159.3,22.09],[-159.32,22.08],[-159.32,22.06],[-159.33,22.05],[-159.34,22.03],[-159.34,22.02],[-159.33,22],[-159.33,21.99],[-159.33,21.96],[-159.34,21.96],[-159.35,21.96],[-159.35,21.95],[-159.36,21.93],[-159.38,21.92],[-159.4,21.89],[-159.44,21.87],[-159.47,21.88],[-159.51,21.89],[-159.53,21.88],[-159.53,21.89],[-159.55,21.89],[-159.59,21.9],[-159.6,21.89],[-159.64,21.91],[-159.65,21.93],[-159.65,21.94],[-159.66,21.94],[-159.67,21.96],[-159.7,21.96],[-159.72,21.97],[-159.76,21.98],[-159.77,22.01],[-159.78,22.01],[-159.79,22.03],[-159.78,22.05],[-159.78,22.07],[-159.77,22.07],[-159.75,22.09],[-159.73,22.13],[-159.73,22.14],[-159.72,22.15],[-159.7,22.16],[-159.69,22.16],[-159.66,22.17],[-159.64,22.18],[-159.63,22.19],[-159.6,22.21],[-159.59,22.22],[-159.58,22.22],[-159.57,22.22],[-159.55,22.22],[-159.54,22.21],[-159.53,22.22],[-159.52,22.21],[-159.51,22.2],[-159.5,22.21],[-159.5,22.22],[-159.49,22.23],[-159.48,22.23],[-159.46,22.22],[-159.46,22.23],[-159.44,22.22],[-159.4,22.22]]]]},"properties":{"Cat":"EC","Prob":33}},{"type":"Feature","geometry":{"type":"MultiPolygon","coordinates":[[[[-81.72,24.56],[-81.75,24.55],[-81.77,24.55],[-81.78,24.55],[-81.81,24.55],[-81.81,24.56],[-81.79,24.57],[-81.78,24.56],[-81.77,24.57],[-81.75,24.57],[-81.75,24.58],[-81.74,24.59],[-81.73,24.58],[-81.73,24.57],[-81.72,24.56]]],[[[-82.11,24.56],[-82.12,24.58],[-82.14,24.59],[-82.13,24.6],[-82.11,24.59],[-82.1,24.58],[-82.1,24.57],[-82.11,24.56]]],[[[-81.72,24.56],[-81.71,24.57],[-81.71,24.58],[-81.71,24.59],[-81.7,24.6],[-81.69,24.59],[-81.67,24.6],[-81.65,24.6],[-81.65,24.58],[-81.66,24.57],[-81.69,24.56],[-81.71,24.56],[-81.72,24.56]]],[[[-81.4,24.66],[-81.4,24.65],[-81.41,24.65],[-81.42,24.65],[-81.42,24.67],[-81.41,24.67],[-81.4,24.66]]],[[[-81.25,24.67],[-81.26,24.66],[-81.27,24.66],[-81.26,24.67],[-81.25,24.67]]],[[[-81.61,24.59],[-81.62,24.59],[-81.62,24.61],[-81.61,24.62],[-81.62,24.63],[-81.6,24.64],[-81.61,24.65],[-81.6,24.65],[-81.58,24.65],[-81.59,24.64],[-81.59,24.63],[-81.6,24.62],[-81.57,24.61],[-81.57,24.62],[-81.57,24.63],[-81.56,24.62],[-81.55,24.63],[-81.58,24.65],[-81.57,24.67],[-81.57,24.68],[-81.56,24.69],[-81.54,24.68],[-81.52,24.66],[-81.51,24.64],[-81.51,24.63],[-81.52,24.62],[-81.55,24.61],[-81.56,24.6],[-81.61,24.59]]],[[[-81.66,24.68],[-81.68,24.69],[-81.67,24.7],[-81.66,24.68]]],[[[-81.31,24.69],[-81.31,24.68],[-81.33,24.68],[-81.34,24.71],[-81.32,24.7],[-81.31,24.69]]],[[[-81.47,24.67],[-81.48,24.66],[-81.5,24.66],[-81.51,24.66],[-81.52,24.67],[-81.52,24.71],[-81.48,24.69],[-81.47,24.67]]],[[[-81.46,24.66],[-81.47,24.68],[-81.48,24.69],[-81.48,24.71],[-81.47,24.7],[-81.45,24.68],[-81.44,24.68],[-81.44,24.65],[-81.46,24.66]]],[[[-81.59,24.72],[-81.58,24.72],[-81.59,24.71],[-81.59,24.72]]],[[[-81.36,24.63],[-81.35,24.64],[-81.35,24.66],[-81.37,24.65],[-81.38,24.68],[-81.39,24.7],[-81.39,24.71],[-81.4,24.73],[-81.39,24.73],[-81.38,24.72],[-81.37,24.72],[-81.37,24.71],[-81.36,24.71],[-81.35,24.69],[-81.34,24.67],[-81.33,24.64],[-81.35,24.64],[-81.36,24.63]]],[[[-81.4,24.66],[-81.43,24.69],[-81.44,24.71],[-81.45,24.72],[-81.45,24.73],[-81.44,24.73],[-81.43,24.7],[-81.41,24.7],[-81.4,24.69],[-81.39,24.68],[-81.39,24.65],[-81.4,24.66]]],[[[-81.3,24.73],[-81.31,24.73],[-81.32,24.73],[-81.32,24.74],[-81.31,24.74],[-81.3,24.73]]],[[[-81.42,24.75],[-81.4,24.75],[-81.4,24.74],[-81.42,24.74],[-81.43,24.75],[-81.43,24.76],[-81.42,24.75]]],[[[-81.4,24.76],[-81.38,24.75],[-81.38,24.74],[-81.4,24.75],[-81.4,24.76]]],[[[-80.99,24.73],[-81.02,24.72],[-81.03,24.73],[-81.07,24.72],[-81.08,24.7],[-81.08,24.69],[-81.11,24.69],[-81.12,24.71],[-81.08,24.72],[-81.07,24.72],[-81.06,24.73],[-81.04,24.73],[-81.02,24.73],[-80.99,24.75],[-80.99,24.76],[-80.97,24.76],[-80.95,24.77],[-80.95,24.76],[-80.96,24.75],[-80.99,24.73]]],[[[-81.4,24.76],[-81.42,24.77],[-81.42,24.78],[-81.4,24.76]]],[[[-81.45,24.79],[-81.45,24.77],[-81.45,24.76],[-81.45,24.75],[-81.46,24.77],[-81.45,24.79]]],[[[-81.29,24.83],[-81.29,24.82],[-81.29,24.8],[-81.3,24.82],[-81.29,24.83]]],[[[-80.81,24.82],[-80.79,24.83],[-80.79,24.82],[-80.8,24.81],[-80.83,24.81],[-80.81,24.83],[-80.81,24.82]]],[[[-80.72,24.86],[-80.74,24.85],[-80.74,24.86],[-80.73,24.87],[-80.72,24.86]]],[[[-80.72,24.86],[-80.71,24.87],[-80.7,24.89],[-80.69,24.88],[-80.7,24.87],[-80.72,24.86]]],[[[-80.65,25.09],[-80.65,25.11],[-80.64,25.12],[-80.63,25.12],[-80.65,25.1],[-80.64,25.09],[-80.65,25.09]]],[[[-80.44,25.16],[-80.43,25.15],[-80.43,25.14],[-80.44,25.14],[-80.45,25.16],[-80.44,25.16]]],[[[-80.25,25.34],[-80.26,25.32],[-80.27,25.32],[-80.29,25.28],[-80.31,25.26],[-80.35,25.19],[-80.36,25.18],[-80.35,25.17],[-80.36,25.15],[-80.37,25.15],[-80.38,25.13],[-80.4,25.11],[-80.41,25.1],[-80.42,25.11],[-80.43,25.09],[-80.44,25.08],[-80.46,25.07],[-80.47,25.06],[-80.49,25.04],[-80.49,25.03],[-80.5,25.02],[-80.51,25.01],[-80.52,25],[-80.53,25],[-80.57,24.96],[-80.6,24.95],[-80.61,24.94],[-80.64,24.91],[-80.66,24.9],[-80.64,24.91],[-80.61,24.94],[-80.61,24.95],[-80.6,24.95],[-80.6,24.96],[-80.59,24.97],[-80.57,24.96],[-80.56,24.97],[-80.55,25],[-80.54,25],[-80.54,25.01],[-80.53,25.02],[-80.51,25.02],[-80.51,25.03],[-80.5,25.05],[-80.48,25.06],[-80.47,25.07],[-80.46,25.09],[-80.45,25.09],[-80.42,25.13],[-80.42,25.14],[-80.4,25.14],[-80.39,25.17],[-80.38,25.18],[-80.38,25.2],[-80.37,25.21],[-80.35,25.21],[-80.34,25.23],[-80.33,25.26],[-80.34,25.28],[-80.36,25.28],[-80.34,25.29],[-80.33,25.29],[-80.31,25.3],[-80.29,25.32],[-80.28,25.33],[-80.27,25.35],[-80.26,25.35],[-80.25,25.34]]],[[[-80.24,25.39],[-80.23,25.38],[-80.24,25.35],[-80.26,25.36],[-80.25,25.38],[-80.24,25.39]]],[[[-80.18,25.49],[-80.18,25.48],[-80.19,25.46],[-80.19,25.45],[-80.2,25.43],[-80.19,25.48],[-80.18,25.49]]],[[[-80.16,25.71],[-80.16,25.72],[-80.15,25.72],[-80.16,25.7],[-80.15,25.67],[-80.18,25.69],[-80.16,25.71]]],[[[-80.16,25.75],[-80.15,25.76],[-80.14,25.75],[-80.16,25.73],[-80.17,25.74],[-80.16,25.75]]],[[[-80.15,25.77],[-80.14,25.77],[-80.15,25.76],[-80.16,25.77],[-80.18,25.77],[-80.18,25.78],[-80.18,25.79],[-80.17,25.78],[-80.15,25.77]]],[[[-81.38,25.81],[-81.38,25.82],[-81.37,25.81],[-81.38,25.81]]],[[[-81.68,25.88],[-81.67,25.87],[-81.68,25.85],[-81.69,25.85],[-81.7,25.88],[-81.69,25.89],[-81.68,25.88]]],[[[-81.66,25.9],[-81.66,25.89],[-81.68,25.88],[-81.68,25.89],[-81.67,25.9],[-81.66,25.9]]],[[[-81.86,26.38],[-81.87,26.38],[-81.89,26.4],[-81.87,26.41],[-81.86,26.39],[-81.86,26.38]]],[[[-82.19,26.51],[-82.18,26.52],[-82.18,26.5],[-82.16,26.48],[-82.14,26.48],[-82.13,26.48],[-82.1,26.47],[-82.09,26.45],[-82.07,26.45],[-82.06,26.47],[-82.03,26.45],[-82.01,26.45],[-82.06,26.43],[-82.08,26.42],[-82.09,26.42],[-82.13,26.44],[-82.14,26.45],[-82.17,26.47],[-82.18,26.48],[-82.19,26.51]]],[[[-82.08,26.57],[-82.09,26.58],[-82.08,26.58],[-82.08,26.57]]],[[[-82.21,26.58],[-82.22,26.59],[-82.22,26.6],[-82.21,26.58]]],[[[-80.04,26.56],[-80.05,26.56],[-80.05,26.58],[-80.04,26.57],[-80.04,26.56]]],[[[-82.11,26.64],[-82.09,26.64],[-82.07,26.64],[-82.07,26.63],[-82.07,26.61],[-82.07,26.6],[-82.07,26.58],[-82.08,26.58],[-82.09,26.58],[-82.08,26.56],[-82.08,26.55],[-82.07,26.54],[-82.07,26.52],[-82.06,26.49],[-82.07,26.49],[-82.09,26.49],[-82.1,26.5],[-82.1,26.51],[-82.11,26.52],[-82.11,26.53],[-82.12,26.56],[-82.12,26.57],[-82.12,26.58],[-82.13,26.6],[-82.14,26.62],[-82.14,26.63],[-82.14,26.64],[-82.17,26.68],[-82.18,26.7],[-82.17,26.71],[-82.16,26.71],[-82.13,26.7],[-82.11,26.68],[-82.1,26.66],[-82.11,26.65],[-82.11,26.64]]],[[[-82.24,26.65],[-82.26,26.68],[-82.26,26.7],[-82.25,26.71],[-82.24,26.7],[-82.25,26.69],[-82.24,26.68],[-82.24,26.66],[-82.24,26.65]]],[[[-80.04,26.77],[-80.03,26.7],[-80.04,26.69],[-80.05,26.7],[-80.04,26.73],[-80.04,26.77]]],[[[-82.28,26.81],[-82.26,26.78],[-82.26,26.77],[-82.25,26.75],[-82.26,26.73],[-82.27,26.77],[-82.27,26.79],[-82.28,26.8],[-82.28,26.81]]],[[[-80.04,26.77],[-80.04,26.78],[-80.04,26.8],[-80.03,26.8],[-80.03,26.77],[-80.04,26.77]]],[[[-82.34,26.9],[-82.35,26.91],[-82.35,26.92],[-82.34,26.91],[-82.34,26.9]]],[[[-82.36,26.93],[-82.35,26.92],[-82.35,26.91],[-82.36,26.93]]],[[[-80.17,27.18],[-80.16,27.19],[-80.15,27.17],[-80.17,27.18]]],[[[-80.21,27.29],[-80.19,27.25],[-80.17,27.2],[-80.18,27.21],[-80.19,27.23],[-80.19,27.24],[-80.2,27.25],[-80.21,27.25],[-80.21,27.27],[-80.22,27.29],[-80.23,27.29],[-80.23,27.3],[-80.22,27.31],[-80.21,27.29]]],[[[-82.57,27.32],[-82.56,27.31],[-82.57,27.3],[-82.59,27.32],[-82.59,27.33],[-82.58,27.33],[-82.58,27.32],[-82.57,27.32]]],[[[-82.67,27.43],[-82.65,27.42],[-82.65,27.41],[-82.64,27.4],[-82.64,27.39],[-82.62,27.38],[-82.62,27.37],[-82.6,27.34],[-82.58,27.34],[-82.59,27.33],[-82.62,27.36],[-82.65,27.39],[-82.66,27.41],[-82.69,27.43],[-82.68,27.44],[-82.67,27.43]]],[[[-82.71,27.52],[-82.71,27.49],[-82.72,27.51],[-82.74,27.53],[-82.73,27.53],[-82.71,27.52]]],[[[-82.6,27.56],[-82.61,27.55],[-82.63,27.55],[-82.63,27.56],[-82.6,27.56]]],[[[-82.72,27.64],[-82.71,27.63],[-82.7,27.63],[-82.71,27.63],[-82.74,27.61],[-82.74,27.62],[-82.72,27.62],[-82.72,27.64]]],[[[-82.72,27.66],[-82.73,27.66],[-82.73,27.68],[-82.73,27.69],[-82.72,27.69],[-82.72,27.66]]],[[[-82.76,27.76],[-82.76,27.75],[-82.77,27.76],[-82.76,27.76]]],[[[-80.26,27.35],[-80.26,27.36],[-80.26,27.37],[-80.27,27.4],[-80.28,27.43],[-80.29,27.43],[-80.3,27.45],[-80.29,27.46],[-80.31,27.46],[-80.32,27.48],[-80.33,27.5],[-80.32,27.51],[-80.33,27.53],[-80.32,27.53],[-80.33,27.54],[-80.33,27.55],[-80.34,27.56],[-80.33,27.57],[-80.34,27.59],[-80.34,27.6],[-80.36,27.63],[-80.36,27.64],[-80.38,27.66],[-80.38,27.67],[-80.37,27.68],[-80.38,27.69],[-80.39,27.7],[-80.4,27.73],[-80.41,27.73],[-80.42,27.75],[-80.41,27.75],[-80.42,27.76],[-80.43,27.77],[-80.43,27.79],[-80.43,27.8],[-80.44,27.81],[-80.42,27.82],[-80.4,27.76],[-80.39,27.75],[-80.36,27.68],[-80.35,27.62],[-80.33,27.6],[-80.33,27.57],[-80.31,27.53],[-80.29,27.47],[-80.26,27.4],[-80.24,27.35],[-80.24,27.34],[-80.25,27.34],[-80.26,27.35]]],[[[-82.43,27.87],[-82.44,27.87],[-82.44,27.88],[-82.43,27.88],[-82.43,27.87]]],[[[-82.82,27.98],[-82.83,27.98],[-82.83,28.01],[-82.81,27.98],[-82.82,27.98]]],[[[-82.82,28.01],[-82.83,28.01],[-82.83,28.02],[-82.82,28.04],[-82.81,28.03],[-82.82,28.01]]],[[[-80.44,27.84],[-80.44,27.85],[-80.45,27.85],[-80.46,27.87],[-80.47,27.88],[-80.47,27.89],[-80.48,27.91],[-80.5,27.92],[-80.51,27.94],[-80.51,27.96],[-80.52,27.97],[-80.53,27.98],[-80.52,27.99],[-80.54,28.01],[-80.54,28.02],[-80.55,28.04],[-80.55,28.05],[-80.57,28.06],[-80.57,28.07],[-80.58,28.08],[-80.58,28.09],[-80.59,28.13],[-80.6,28.14],[-80.61,28.17],[-80.62,28.21],[-80.62,28.24],[-80.61,28.26],[-80.61,28.28],[-80.59,28.19],[-80.58,28.13],[-80.57,28.09],[-80.55,28.06],[-80.51,27.98],[-80.45,27.86],[-80.44,27.84]]],[[[-80.78,28.63],[-80.78,28.62],[-80.79,28.63],[-80.78,28.64],[-80.78,28.63]]],[[[-80.71,28.76],[-80.72,28.76],[-80.73,28.76],[-80.74,28.76],[-80.73,28.77],[-80.73,28.79],[-80.74,28.79],[-80.75,28.81],[-80.71,28.76]]],[[[-80.75,28.81],[-80.77,28.82],[-80.77,28.84],[-80.75,28.81]]],[[[-82.66,28.87],[-82.67,28.86],[-82.68,28.87],[-82.66,28.87]]],[[[-80.83,28.89],[-80.84,28.9],[-80.82,28.9],[-80.83,28.89]]],[[[-80.83,28.92],[-80.84,28.9],[-80.84,28.92],[-80.83,28.92]]],[[[-80.83,28.92],[-80.83,28.91],[-80.84,28.92],[-80.83,28.92]]],[[[-80.81,28.89],[-80.82,28.9],[-80.82,28.92],[-80.79,28.87],[-80.8,28.87],[-80.81,28.89]]],[[[-80.84,28.94],[-80.83,28.92],[-80.84,28.92],[-80.85,28.92],[-80.85,28.93],[-80.85,28.94],[-80.84,28.94]]],[[[-80.86,28.93],[-80.85,28.92],[-80.86,28.92],[-80.87,28.94],[-80.86,28.93]]],[[[-80.84,28.95],[-80.85,28.94],[-80.87,28.95],[-80.86,28.96],[-80.85,28.96],[-80.84,28.95]]],[[[-83.03,29.15],[-83.02,29.16],[-83.02,29.14],[-83.03,29.13],[-83.04,29.14],[-83.05,29.13],[-83.06,29.14],[-83.05,29.15],[-83.05,29.16],[-83.03,29.15]]],[[[-85.03,29.6],[-85,29.61],[-85,29.6],[-85.04,29.59],[-85.05,29.59],[-85.07,29.61],[-85.1,29.62],[-85.09,29.63],[-85.07,29.61],[-85.03,29.6]]],[[[-85.15,29.68],[-85.14,29.69],[-85.12,29.69],[-85.09,29.68],[-85.08,29.67],[-85.09,29.65],[-85.1,29.63],[-85.12,29.63],[-85.14,29.63],[-85.15,29.64],[-85.18,29.66],[-85.22,29.68],[-85.17,29.68],[-85.15,29.68]]],[[[-84.79,29.7],[-84.78,29.69],[-84.77,29.7],[-84.78,29.71],[-84.75,29.73],[-84.73,29.73],[-84.77,29.7],[-84.79,29.68],[-84.82,29.67],[-84.85,29.67],[-84.88,29.66],[-84.96,29.61],[-84.96,29.62],[-84.93,29.64],[-84.92,29.65],[-84.9,29.65],[-84.88,29.66],[-84.86,29.67],[-84.8,29.68],[-84.79,29.69],[-84.79,29.7]]],[[[-84.58,29.81],[-84.61,29.8],[-84.6,29.81],[-84.59,29.82],[-84.58,29.83],[-84.58,29.81]]],[[[-85.4,29.77],[-85.41,29.78],[-85.41,29.8],[-85.42,29.83],[-85.42,29.84],[-85.41,29.86],[-85.4,29.88],[-85.4,29.85],[-85.41,29.83],[-85.41,29.82],[-85.41,29.8],[-85.4,29.77]]],[[[-84.34,30.03],[-84.35,30.01],[-84.36,30.02],[-84.35,30.04],[-84.35,30.05],[-84.33,30.04],[-84.34,30.03]]],[[[-85.71,30.11],[-85.73,30.12],[-85.72,30.12],[-85.71,30.11]]],[[[-87.47,30.31],[-87.5,30.31],[-87.49,30.32],[-87.47,30.31]]],[[[-87.4,30.3],[-87.37,30.31],[-87.35,30.32],[-87.34,30.32],[-87.32,30.33],[-87.32,30.32],[-87.4,30.3]]],[[[-87.25,30.32],[-87.26,30.32],[-87.28,30.32],[-87.29,30.32],[-87.3,30.33],[-87.25,30.32]]],[[[-81.31,31.37],[-81.33,31.37],[-81.33,31.39],[-81.32,31.39],[-81.31,31.38],[-81.29,31.38],[-81.3,31.37],[-81.31,31.37]]],[[[-81.3,31.45],[-81.32,31.46],[-81.33,31.48],[-81.31,31.48],[-81.27,31.5],[-81.26,31.5],[-81.25,31.5],[-81.24,31.53],[-81.22,31.53],[-81.2,31.54],[-81.18,31.53],[-81.18,31.51],[-81.19,31.5],[-81.21,31.47],[-81.22,31.46],[-81.24,31.43],[-81.25,31.42],[-81.26,31.39],[-81.27,31.38],[-81.28,31.38],[-81.31,31.42],[-81.3,31.45]]],[[[-81.14,31.82],[-81.16,31.82],[-81.16,31.84],[-81.14,31.85],[-81.13,31.85],[-81.1,31.85],[-81.08,31.84],[-81.08,31.83],[-81.05,31.82],[-81.04,31.82],[-81.03,31.82],[-81.06,31.78],[-81.08,31.76],[-81.11,31.74],[-81.12,31.74],[-81.13,31.72],[-81.14,31.72],[-81.15,31.74],[-81.17,31.76],[-81.17,31.77],[-81.16,31.78],[-81.16,31.79],[-81.18,31.79],[-81.18,31.82],[-81.14,31.82]]],[[[-80.89,32.03],[-80.89,32.02],[-80.92,32.03],[-80.91,32.04],[-80.89,32.03]]],[[[-80.79,32.17],[-80.79,32.18],[-80.78,32.2],[-80.77,32.21],[-80.78,32.22],[-80.76,32.22],[-80.75,32.24],[-80.75,32.25],[-80.74,32.27],[-80.72,32.27],[-80.69,32.25],[-80.69,32.24],[-80.67,32.23],[-80.67,32.21],[-80.69,32.2],[-80.7,32.19],[-80.72,32.17],[-80.74,32.15],[-80.79,32.12],[-80.81,32.11],[-80.82,32.11],[-80.83,32.12],[-80.82,32.13],[-80.8,32.15],[-80.8,32.16],[-80.79,32.16],[-80.79,32.17]]],[[[-80.54,32.34],[-80.53,32.35],[-80.52,32.35],[-80.5,32.37],[-80.48,32.37],[-80.48,32.38],[-80.47,32.38],[-80.44,32.41],[-80.43,32.4],[-80.45,32.34],[-80.46,32.34],[-80.45,32.32],[-80.5,32.31],[-80.52,32.3],[-80.55,32.29],[-80.58,32.27],[-80.58,32.29],[-80.56,32.3],[-80.55,32.31],[-80.56,32.32],[-80.54,32.33],[-80.54,32.34]]],[[[-80.5,32.48],[-80.49,32.48],[-80.48,32.47],[-80.48,32.46],[-80.49,32.46],[-80.52,32.46],[-80.54,32.47],[-80.54,32.48],[-80.51,32.47],[-80.5,32.48]]],[[[-80.6,32.49],[-80.59,32.48],[-80.56,32.49],[-80.56,32.48],[-80.55,32.47],[-80.58,32.46],[-80.58,32.47],[-80.59,32.47],[-80.61,32.46],[-80.61,32.44],[-80.58,32.45],[-80.57,32.45],[-80.56,32.46],[-80.54,32.46],[-80.53,32.45],[-80.52,32.45],[-80.5,32.45],[-80.48,32.45],[-80.47,32.43],[-80.46,32.4],[-80.47,32.39],[-80.49,32.39],[-80.51,32.39],[-80.5,32.38],[-80.55,32.36],[-80.54,32.36],[-80.55,32.35],[-80.55,32.34],[-80.54,32.33],[-80.56,32.32],[-80.56,32.31],[-80.59,32.28],[-80.6,32.27],[-80.62,32.26],[-80.64,32.26],[-80.65,32.29],[-80.64,32.3],[-80.65,32.34],[-80.66,32.35],[-80.67,32.36],[-80.67,32.38],[-80.67,32.39],[-80.67,32.41],[-80.65,32.44],[-80.67,32.46],[-80.68,32.46],[-80.69,32.47],[-80.69,32.49],[-80.68,32.5],[-80.67,32.5],[-80.65,32.5],[-80.62,32.5],[-80.61,32.5],[-80.6,32.49],[-80.6,32.48],[-80.6,32.49]]],[[[-80.4,32.53],[-80.39,32.53],[-80.38,32.52],[-80.36,32.5],[-80.37,32.49],[-80.38,32.49],[-80.39,32.48],[-80.41,32.47],[-80.42,32.48],[-80.42,32.49],[-80.41,32.51],[-80.41,32.53],[-80.4,32.53]]],[[[-79.73,32.83],[-79.73,32.84],[-79.72,32.85],[-79.7,32.85],[-79.71,32.83],[-79.73,32.83]]],[[[-79.34,33.05],[-79.35,33.04],[-79.36,33.05],[-79.34,33.05]]],[[[-119.53,33.29],[-119.49,33.27],[-119.46,33.26],[-119.44,33.24],[-119.43,33.23],[-119.44,33.22],[-119.47,33.21],[-119.51,33.22],[-119.52,33.23],[-119.54,33.23],[-119.57,33.25],[-119.57,33.26],[-119.58,33.28],[-119.56,33.27],[-119.55,33.28],[-119.53,33.29]]],[[[-79.22,33.29],[-79.22,33.27],[-79.24,33.27],[-79.24,33.28],[-79.23,33.3],[-79.22,33.29]]],[[[-119.03,33.49],[-119.03,33.47],[-119.04,33.47],[-119.05,33.48],[-119.03,33.49]]],[[[-77.96,33.92],[-77.96,33.91],[-77.98,33.9],[-77.98,33.92],[-77.96,33.92]]],[[[-77.95,33.92],[-77.95,33.9],[-77.95,33.89],[-77.96,33.86],[-77.96,33.84],[-78,33.86],[-78.01,33.86],[-77.99,33.89],[-77.95,33.9],[-77.96,33.91],[-77.96,33.92],[-77.95,33.92]]],[[[-120.05,34.04],[-120.04,34.04],[-120.04,34.03],[-120.05,34.01],[-120.05,34],[-120.03,33.99],[-120.01,33.98],[-119.99,33.98],[-119.98,33.98],[-119.98,33.96],[-119.97,33.94],[-120,33.94],[-120.02,33.93],[-120.05,33.92],[-120.08,33.91],[-120.1,33.91],[-120.11,33.89],[-120.12,33.89],[-120.16,33.92],[-120.17,33.92],[-120.18,33.94],[-120.2,33.95],[-120.22,33.99],[-120.25,34],[-120.23,34.01],[-120.22,34.01],[-120.21,34.01],[-120.19,34.01],[-120.17,34.01],[-120.15,34.02],[-120.14,34.03],[-120.11,34.02],[-120.09,34.02],[-120.07,34.03],[-120.06,34.04],[-120.05,34.04]]],[[[-120.45,34.03],[-120.42,34.06],[-120.4,34.05],[-120.39,34.05],[-120.36,34.07],[-120.36,34.06],[-120.36,34.05],[-120.35,34.05],[-120.33,34.05],[-120.32,34.04],[-120.31,34.02],[-120.35,34.02],[-120.36,34.01],[-120.38,34.03],[-120.41,34.03],[-120.43,34.03],[-120.45,34.03]]],[[[-119.9,34.07],[-119.88,34.08],[-119.86,34.07],[-119.84,34.06],[-119.82,34.05],[-119.81,34.05],[-119.8,34.06],[-119.75,34.05],[-119.74,34.05],[-119.71,34.04],[-119.7,34.03],[-119.68,34.02],[-119.67,34.02],[-119.66,34.02],[-119.63,34.01],[-119.62,34.02],[-119.61,34.03],[-119.61,34.04],[-119.58,34.05],[-119.56,34.06],[-119.56,34.05],[-119.53,34.04],[-119.52,34.03],[-119.54,34.02],[-119.55,34.01],[-119.56,34],[-119.58,34],[-119.59,33.99],[-119.65,33.99],[-119.66,33.99],[-119.7,33.97],[-119.71,33.97],[-119.72,33.96],[-119.75,33.96],[-119.76,33.96],[-119.77,33.96],[-119.79,33.96],[-119.82,33.96],[-119.83,33.97],[-119.85,33.97],[-119.86,33.98],[-119.87,33.98],[-119.89,34.01],[-119.88,34.02],[-119.88,34.03],[-119.9,34.05],[-119.92,34.06],[-119.92,34.07],[-119.92,34.08],[-119.9,34.07]]],[[[-77.84,34.16],[-77.84,34.14],[-77.86,34.13],[-77.85,34.15],[-77.86,34.15],[-77.84,34.16]]],[[[-77.82,34.17],[-77.83,34.16],[-77.84,34.17],[-77.82,34.17]]],[[[-77.64,34.36],[-77.61,34.38],[-77.6,34.39],[-77.63,34.36],[-77.64,34.36]]],[[[-77.35,34.55],[-77.34,34.54],[-77.35,34.52],[-77.36,34.52],[-77.37,34.52],[-77.36,34.54],[-77.35,34.55]]],[[[-76.52,34.63],[-76.53,34.59],[-76.55,34.61],[-76.54,34.61],[-76.52,34.63]]],[[[-76.53,34.63],[-76.54,34.63],[-76.55,34.64],[-76.54,34.65],[-76.52,34.64],[-76.53,34.63]]],[[[-77.12,34.66],[-77.11,34.66],[-77.11,34.67],[-77.1,34.67],[-77.11,34.66],[-77.12,34.65],[-77.12,34.66]]],[[[-77.12,34.68],[-77.11,34.67],[-77.12,34.67],[-77.13,34.68],[-77.12,34.68]]],[[[-76.92,34.68],[-77.02,34.66],[-77.07,34.65],[-77.09,34.64],[-77.09,34.66],[-77.04,34.67],[-77.01,34.68],[-76.99,34.67],[-76.93,34.68],[-76.92,34.68]]],[[[-76.55,34.7],[-76.55,34.71],[-76.52,34.71],[-76.53,34.69],[-76.57,34.7],[-76.58,34.7],[-76.59,34.71],[-76.57,34.71],[-76.56,34.7],[-76.55,34.7]]],[[[-76.76,34.71],[-76.74,34.71],[-76.73,34.7],[-76.7,34.7],[-76.7,34.71],[-76.68,34.69],[-76.74,34.7],[-76.77,34.7],[-76.82,34.69],[-76.88,34.69],[-76.87,34.69],[-76.84,34.7],[-76.82,34.7],[-76.77,34.7],[-76.76,34.71]]],[[[-76.69,34.73],[-76.7,34.74],[-76.68,34.75],[-76.69,34.73]]],[[[-76.51,34.65],[-76.5,34.67],[-76.49,34.69],[-76.47,34.71],[-76.46,34.72],[-76.45,34.72],[-76.44,34.74],[-76.44,34.76],[-76.41,34.76],[-76.41,34.77],[-76.38,34.79],[-76.37,34.81],[-76.36,34.82],[-76.35,34.82],[-76.39,34.78],[-76.41,34.76],[-76.43,34.74],[-76.46,34.7],[-76.51,34.65]]],[[[-76.3,35],[-76.29,35.01],[-76.27,35],[-76.28,34.99],[-76.28,35],[-76.3,35]]],[[[-76.09,35.05],[-76.08,35.06],[-76.07,35.07],[-76.05,35.07],[-76.04,35.06],[-76.04,35.05],[-76.06,35.05],[-76.08,35.03],[-76.14,34.99],[-76.19,34.95],[-76.19,34.96],[-76.16,34.98],[-76.15,35],[-76.14,35.01],[-76.11,35.02],[-76.11,35.03],[-76.09,35.04],[-76.09,35.05]]],[[[-75.79,35.18],[-75.82,35.17],[-75.87,35.15],[-75.93,35.12],[-75.97,35.1],[-75.99,35.08],[-75.99,35.11],[-75.98,35.12],[-75.96,35.12],[-75.93,35.13],[-75.88,35.15],[-75.87,35.15],[-75.85,35.16],[-75.81,35.18],[-75.8,35.18],[-75.78,35.19],[-75.77,35.18],[-75.79,35.18]]],[[[-75.72,35.2],[-75.74,35.19],[-75.73,35.2],[-75.72,35.2]]],[[[-75.72,35.2],[-75.7,35.21],[-75.69,35.23],[-75.68,35.22],[-75.66,35.22],[-75.69,35.21],[-75.72,35.2]]],[[[-75.65,35.22],[-75.64,35.23],[-75.62,35.25],[-75.6,35.26],[-75.6,35.27],[-75.58,35.26],[-75.54,35.27],[-75.52,35.27],[-75.52,35.26],[-75.53,35.25],[-75.53,35.23],[-75.55,35.23],[-75.57,35.24],[-75.6,35.23],[-75.65,35.22]]],[[[-76.27,35.31],[-76.28,35.31],[-76.27,35.33],[-76.26,35.31],[-76.27,35.31]]],[[[-75.51,35.3],[-75.52,35.33],[-75.51,35.36],[-75.5,35.37],[-75.5,35.39],[-75.5,35.4],[-75.49,35.41],[-75.49,35.43],[-75.48,35.47],[-75.48,35.46],[-75.49,35.41],[-75.49,35.39],[-75.51,35.3]]],[[[-75.48,35.47],[-75.49,35.48],[-75.48,35.51],[-75.49,35.52],[-75.48,35.54],[-75.47,35.59],[-75.47,35.63],[-75.48,35.64],[-75.49,35.67],[-75.48,35.67],[-75.49,35.69],[-75.5,35.69],[-75.5,35.7],[-75.51,35.71],[-75.51,35.72],[-75.52,35.74],[-75.51,35.76],[-75.5,35.73],[-75.49,35.71],[-75.47,35.66],[-75.47,35.62],[-75.46,35.59],[-75.46,35.55],[-75.47,35.52],[-75.48,35.48],[-75.48,35.47]]],[[[-75.64,35.87],[-75.64,35.86],[-75.62,35.85],[-75.62,35.82],[-75.63,35.82],[-75.65,35.82],[-75.66,35.82],[-75.66,35.87],[-75.67,35.88],[-75.7,35.9],[-75.7,35.91],[-75.72,35.93],[-75.73,35.94],[-75.7,35.94],[-75.68,35.93],[-75.66,35.92],[-75.67,35.9],[-75.66,35.9],[-75.64,35.91],[-75.63,35.88],[-75.62,35.86],[-75.64,35.87]]],[[[-75.87,35.97],[-75.87,35.96],[-75.9,35.95],[-75.91,35.94],[-75.92,35.94],[-75.94,35.96],[-75.92,35.97],[-75.9,35.98],[-75.9,35.97],[-75.87,35.97]]],[[[-75.69,36.02],[-75.71,36.02],[-75.71,36.03],[-75.7,36.04],[-75.69,36.02]]],[[[-75.54,35.78],[-75.55,35.8],[-75.58,35.82],[-75.57,35.83],[-75.6,35.85],[-75.6,35.88],[-75.61,35.89],[-75.6,35.89],[-75.6,35.91],[-75.64,35.96],[-75.65,35.97],[-75.67,35.97],[-75.67,35.98],[-75.68,36],[-75.69,36],[-75.69,36.01],[-75.69,36],[-75.7,35.99],[-75.71,36],[-75.73,36],[-75.73,36.02],[-75.69,36.02],[-75.68,36.02],[-75.69,36.05],[-75.7,36.06],[-75.72,36.05],[-75.74,36.04],[-75.74,36.06],[-75.74,36.09],[-75.75,36.12],[-75.74,36.13],[-75.75,36.14],[-75.76,36.17],[-75.76,36.2],[-75.73,36.13],[-75.7,36.08],[-75.67,36.05],[-75.62,35.96],[-75.59,35.91],[-75.57,35.86],[-75.56,35.84],[-75.54,35.79],[-75.54,35.78]]],[[[-75.95,36.65],[-75.94,36.66],[-75.94,36.67],[-75.93,36.67],[-75.93,36.65],[-75.95,36.65]]],[[[-75.97,37.1],[-75.96,37.1],[-75.94,37.09],[-75.96,37.08],[-75.98,37.09],[-75.98,37.1],[-75.97,37.1]]],[[[-75.82,37.23],[-75.83,37.23],[-75.82,37.25],[-75.8,37.23],[-75.81,37.22],[-75.83,37.21],[-75.84,37.21],[-75.84,37.22],[-75.82,37.23]]],[[[-75.86,37.29],[-75.85,37.27],[-75.85,37.26],[-75.87,37.26],[-75.88,37.23],[-75.89,37.21],[-75.87,37.21],[-75.87,37.2],[-75.84,37.2],[-75.8,37.21],[-75.8,37.2],[-75.82,37.18],[-75.83,37.18],[-75.83,37.17],[-75.84,37.17],[-75.87,37.15],[-75.9,37.12],[-75.91,37.11],[-75.92,37.12],[-75.9,37.13],[-75.9,37.14],[-75.88,37.14],[-75.88,37.16],[-75.89,37.16],[-75.9,37.18],[-75.91,37.18],[-75.91,37.19],[-75.91,37.23],[-75.92,37.24],[-75.9,37.25],[-75.9,37.28],[-75.89,37.29],[-75.86,37.29]]],[[[-75.73,37.35],[-75.73,37.34],[-75.74,37.32],[-75.77,37.31],[-75.75,37.34],[-75.73,37.35]]],[[[-75.66,37.45],[-75.69,37.42],[-75.72,37.38],[-75.73,37.38],[-75.71,37.39],[-75.71,37.4],[-75.7,37.41],[-75.69,37.43],[-75.71,37.45],[-75.68,37.45],[-75.67,37.46],[-75.66,37.45]]],[[[-76.27,37.5],[-76.27,37.49],[-76.29,37.49],[-76.3,37.49],[-76.3,37.52],[-76.28,37.51],[-76.27,37.5]]],[[[-122.37,37.81],[-122.38,37.83],[-122.37,37.83],[-122.36,37.82],[-122.37,37.81]]],[[[-75.98,37.84],[-75.98,37.82],[-75.99,37.81],[-76,37.83],[-76,37.85],[-75.98,37.84]]],[[[-122.42,37.86],[-122.44,37.86],[-122.45,37.86],[-122.43,37.87],[-122.42,37.87],[-122.42,37.86]]],[[[-76.05,38.02],[-76.05,38.03],[-76.02,38.04],[-76.02,38.03],[-75.98,38],[-75.98,37.99],[-75.99,37.98],[-76,37.97],[-75.99,37.96],[-76,37.95],[-76.01,37.96],[-76.02,37.94],[-76.02,37.93],[-76.03,37.92],[-76.03,37.93],[-76.03,37.94],[-76.03,37.96],[-76.05,37.95],[-76.05,37.99],[-76.03,38],[-76.01,37.98],[-76.01,38.01],[-76.04,38.02],[-76.05,38.02]]],[[[-122.01,38.09],[-122,38.08],[-122.02,38.08],[-122.03,38.09],[-122.01,38.09]]],[[[-76.03,38.11],[-76.02,38.1],[-76.01,38.09],[-76.01,38.08],[-76.02,38.08],[-76.04,38.08],[-76.03,38.1],[-76.05,38.11],[-76.03,38.12],[-76.03,38.11]]],[[[-76.06,38.2],[-76.05,38.2],[-76.03,38.18],[-76.02,38.18],[-76.04,38.16],[-76.03,38.15],[-76.05,38.15],[-76.06,38.17],[-76.07,38.16],[-76.09,38.16],[-76.08,38.17],[-76.08,38.19],[-76.06,38.19],[-76.06,38.2]]],[[[-75.38,37.91],[-75.39,37.9],[-75.41,37.9],[-75.4,37.92],[-75.41,37.93],[-75.42,37.94],[-75.4,37.95],[-75.39,37.95],[-75.38,37.93],[-75.37,37.94],[-75.33,37.97],[-75.33,37.98],[-75.31,37.98],[-75.33,37.97],[-75.33,37.96],[-75.35,37.95],[-75.32,37.95],[-75.32,37.94],[-75.34,37.94],[-75.34,37.93],[-75.33,37.93],[-75.32,37.94],[-75.3,37.97],[-75.3,37.99],[-75.27,38.02],[-75.26,38.03],[-75.26,38.02],[-75.25,38.04],[-75.24,38.04],[-75.25,38.06],[-75.24,38.07],[-75.22,38.08],[-75.21,38.1],[-75.19,38.12],[-75.19,38.14],[-75.19,38.16],[-75.18,38.18],[-75.17,38.19],[-75.17,38.2],[-75.16,38.2],[-75.16,38.21],[-75.15,38.23],[-75.15,38.24],[-75.14,38.24],[-75.15,38.22],[-75.16,38.18],[-75.18,38.12],[-75.2,38.09],[-75.22,38.06],[-75.24,38.04],[-75.28,37.98],[-75.31,37.95],[-75.34,37.89],[-75.34,37.88],[-75.36,37.87],[-75.37,37.86],[-75.38,37.86],[-75.39,37.87],[-75.38,37.88],[-75.37,37.87],[-75.36,37.87],[-75.35,37.88],[-75.36,37.89],[-75.38,37.89],[-75.38,37.91]]],[[[-76.18,38.26],[-76.16,38.25],[-76.13,38.25],[-76.13,38.24],[-76.14,38.23],[-76.15,38.24],[-76.16,38.24],[-76.17,38.25],[-76.18,38.26]]],[[[-76.18,38.26],[-76.19,38.27],[-76.19,38.28],[-76.2,38.29],[-76.19,38.29],[-76.18,38.29],[-76.17,38.29],[-76.18,38.28],[-76.18,38.26]]],[[[-76.17,38.32],[-76.19,38.32],[-76.18,38.33],[-76.17,38.32]]],[[[-74.91,38.93],[-74.96,38.93],[-74.97,38.94],[-74.96,38.97],[-74.91,38.93]]],[[[-76.21,39.03],[-76.21,39.02],[-76.22,39.01],[-76.23,39.02],[-76.24,39.03],[-76.24,39.05],[-76.23,39.05],[-76.22,39.05],[-76.21,39.04],[-76.21,39.03]]],[[[-76.44,39.09],[-76.42,39.08],[-76.43,39.06],[-76.44,39.07],[-76.45,39.09],[-76.44,39.09]]],[[[-76.37,39.24],[-76.38,39.24],[-76.39,39.25],[-76.36,39.26],[-76.34,39.26],[-76.35,39.25],[-76.37,39.24]]],[[[-76.08,39.48],[-76.07,39.47],[-76.06,39.45],[-76.08,39.44],[-76.09,39.45],[-76.09,39.47],[-76.08,39.48]]],[[[-124.26,40.72],[-124.24,40.76],[-124.23,40.74],[-124.26,40.72]]],[[[-75.06,38.61],[-75.06,38.6],[-75.05,38.54],[-75.05,38.45],[-75.06,38.41],[-75.07,38.36],[-75.09,38.34],[-75.09,38.36],[-75.08,38.36],[-75.07,38.38],[-75.07,38.39],[-75.07,38.4],[-75.07,38.41],[-75.07,38.42],[-75.06,38.43],[-75.08,38.46],[-75.1,38.44],[-75.11,38.44],[-75.11,38.42],[-75.1,38.4],[-75.12,38.4],[-75.13,38.4],[-75.16,38.41],[-75.17,38.41],[-75.19,38.41],[-75.16,38.41],[-75.13,38.39],[-75.13,38.37],[-75.12,38.37],[-75.11,38.35],[-75.1,38.35],[-75.1,38.33],[-75.11,38.32],[-75.12,38.3],[-75.14,38.28],[-75.15,38.26],[-75.15,38.25],[-75.17,38.23],[-75.19,38.23],[-75.19,38.21],[-75.2,38.21],[-75.19,38.25],[-75.19,38.26],[-75.21,38.25],[-75.22,38.25],[-75.24,38.22],[-75.26,38.2],[-75.26,38.19],[-75.27,38.17],[-75.27,38.16],[-75.28,38.15],[-75.29,38.13],[-75.3,38.12],[-75.29,38.11],[-75.3,38.1],[-75.31,38.1],[-75.32,38.1],[-75.33,38.11],[-75.34,38.1],[-75.34,38.08],[-75.35,38.08],[-75.36,38.07],[-75.35,38.06],[-75.37,38.04],[-75.38,38.03],[-75.38,38.01],[-75.4,38],[-75.41,37.99],[-75.43,37.99],[-75.43,37.97],[-75.44,37.96],[-75.42,37.94],[-75.43,37.93],[-75.43,37.92],[-75.42,37.92],[-75.41,37.91],[-75.44,37.9],[-75.43,37.89],[-75.42,37.89],[-75.43,37.87],[-75.45,37.86],[-75.48,37.84],[-75.5,37.82],[-75.52,37.8],[-75.55,37.75],[-75.57,37.73],[-75.58,37.74],[-75.6,37.72],[-75.61,37.71],[-75.6,37.7],[-75.59,37.7],[-75.59,37.69],[-75.59,37.67],[-75.6,37.64],[-75.61,37.62],[-75.62,37.62],[-75.63,37.63],[-75.64,37.64],[-75.63,37.65],[-75.62,37.66],[-75.65,37.65],[-75.67,37.62],[-75.65,37.61],[-75.65,37.59],[-75.63,37.59],[-75.63,37.57],[-75.64,37.56],[-75.63,37.57],[-75.62,37.58],[-75.6,37.57],[-75.62,37.54],[-75.63,37.52],[-75.66,37.48],[-75.67,37.49],[-75.69,37.5],[-75.67,37.51],[-75.68,37.52],[-75.69,37.52],[-75.7,37.51],[-75.71,37.52],[-75.7,37.53],[-75.71,37.54],[-75.72,37.55],[-75.74,37.54],[-75.76,37.52],[-75.73,37.51],[-75.72,37.51],[-75.71,37.49],[-75.72,37.49],[-75.72,37.48],[-75.69,37.48],[-75.68,37.46],[-75.71,37.45],[-75.72,37.46],[-75.72,37.47],[-75.72,37.49],[-75.74,37.49],[-75.75,37.5],[-75.77,37.49],[-75.8,37.47],[-75.81,37.47],[-75.82,37.46],[-75.81,37.44],[-75.82,37.43],[-75.79,37.41],[-75.83,37.39],[-75.85,37.4],[-75.86,37.39],[-75.87,37.38],[-75.91,37.33],[-75.9,37.32],[-75.88,37.31],[-75.87,37.32],[-75.88,37.33],[-75.86,37.36],[-75.85,37.36],[-75.87,37.34],[-75.86,37.33],[-75.84,37.34],[-75.87,37.31],[-75.87,37.3],[-75.9,37.29],[-75.92,37.29],[-75.92,37.28],[-75.92,37.27],[-75.93,37.26],[-75.92,37.25],[-75.93,37.24],[-75.92,37.23],[-75.93,37.21],[-75.94,37.2],[-75.94,37.16],[-75.94,37.13],[-75.95,37.12],[-75.97,37.12],[-75.97,37.13],[-75.98,37.15],[-76,37.19],[-76.01,37.21],[-76.01,37.22],[-76.01,37.23],[-76,37.23],[-75.99,37.25],[-75.99,37.26],[-75.99,37.25],[-76,37.23],[-76.02,37.24],[-76.02,37.26],[-76.02,37.29],[-76,37.31],[-75.99,37.31],[-76,37.32],[-76.02,37.3],[-76.02,37.32],[-75.99,37.37],[-75.99,37.38],[-75.97,37.39],[-75.95,37.39],[-75.97,37.4],[-75.97,37.41],[-75.96,37.41],[-75.96,37.43],[-75.98,37.41],[-75.98,37.43],[-75.97,37.45],[-75.96,37.47],[-75.95,37.47],[-75.93,37.48],[-75.91,37.48],[-75.9,37.48],[-75.91,37.48],[-75.91,37.5],[-75.9,37.5],[-75.9,37.51],[-75.92,37.5],[-75.95,37.48],[-75.96,37.47],[-75.96,37.5],[-75.95,37.52],[-75.93,37.55],[-75.94,37.57],[-75.93,37.58],[-75.91,37.59],[-75.92,37.6],[-75.91,37.62],[-75.9,37.62],[-75.89,37.6],[-75.88,37.61],[-75.87,37.62],[-75.85,37.63],[-75.87,37.63],[-75.88,37.62],[-75.88,37.64],[-75.89,37.64],[-75.89,37.65],[-75.88,37.65],[-75.87,37.67],[-75.85,37.66],[-75.84,37.67],[-75.83,37.67],[-75.83,37.66],[-75.81,37.66],[-75.83,37.67],[-75.84,37.67],[-75.85,37.68],[-75.85,37.69],[-75.84,37.7],[-75.84,37.71],[-75.8,37.72],[-75.78,37.71],[-75.77,37.71],[-75.78,37.71],[-75.78,37.72],[-75.8,37.73],[-75.83,37.73],[-75.82,37.74],[-75.77,37.76],[-75.79,37.77],[-75.78,37.78],[-75.79,37.78],[-75.81,37.78],[-75.81,37.79],[-75.79,37.81],[-75.77,37.8],[-75.78,37.79],[-75.77,37.79],[-75.76,37.79],[-75.75,37.78],[-75.73,37.8],[-75.71,37.79],[-75.72,37.8],[-75.72,37.82],[-75.7,37.85],[-75.69,37.83],[-75.68,37.84],[-75.67,37.86],[-75.69,37.86],[-75.69,37.87],[-75.67,37.88],[-75.68,37.9],[-75.66,37.91],[-75.69,37.9],[-75.7,37.9],[-75.74,37.9],[-75.74,37.91],[-75.73,37.92],[-75.72,37.94],[-75.71,37.93],[-75.69,37.93],[-75.68,37.94],[-75.66,37.94],[-75.64,37.94],[-75.64,37.96],[-75.65,37.97],[-75.66,37.96],[-75.68,37.97],[-75.69,37.97],[-75.71,37.98],[-75.72,37.99],[-75.73,37.97],[-75.74,37.97],[-75.74,37.98],[-75.75,37.98],[-75.75,37.97],[-75.78,37.97],[-75.79,37.97],[-75.8,37.96],[-75.82,37.97],[-75.83,37.95],[-75.82,37.94],[-75.87,37.91],[-75.89,37.91],[-75.9,37.92],[-75.89,37.96],[-75.87,37.95],[-75.86,37.96],[-75.87,37.97],[-75.86,37.99],[-75.87,37.99],[-75.87,37.98],[-75.88,37.97],[-75.9,37.98],[-75.87,38.01],[-75.86,38.01],[-75.87,38.03],[-75.86,38.04],[-75.85,38.03],[-75.83,38.03],[-75.83,38.05],[-75.79,38.06],[-75.78,38.07],[-75.78,38.08],[-75.81,38.06],[-75.82,38.07],[-75.84,38.07],[-75.85,38.07],[-75.87,38.06],[-75.87,38.09],[-75.85,38.11],[-75.84,38.1],[-75.84,38.12],[-75.81,38.13],[-75.8,38.13],[-75.78,38.13],[-75.79,38.16],[-75.81,38.14],[-75.84,38.15],[-75.84,38.14],[-75.86,38.14],[-75.88,38.14],[-75.89,38.15],[-75.92,38.14],[-75.93,38.13],[-75.96,38.14],[-75.95,38.16],[-75.94,38.17],[-75.95,38.17],[-75.95,38.18],[-75.94,38.19],[-75.92,38.19],[-75.91,38.2],[-75.89,38.2],[-75.87,38.2],[-75.83,38.22],[-75.82,38.23],[-75.82,38.24],[-75.82,38.23],[-75.82,38.24],[-75.83,38.23],[-75.86,38.23],[-75.83,38.25],[-75.81,38.25],[-75.8,38.26],[-75.82,38.26],[-75.85,38.26],[-75.85,38.25],[-75.87,38.24],[-75.88,38.25],[-75.9,38.23],[-75.91,38.26],[-75.92,38.26],[-75.91,38.27],[-75.9,38.29],[-75.91,38.29],[-75.89,38.31],[-75.88,38.33],[-75.87,38.33],[-75.87,38.34],[-75.86,38.35],[-75.85,38.37],[-75.86,38.38],[-75.84,38.38],[-75.83,38.39],[-75.85,38.4],[-75.84,38.42],[-75.83,38.42],[-75.82,38.43],[-75.82,38.44],[-75.83,38.46],[-75.82,38.46],[-75.81,38.47],[-75.82,38.48],[-75.83,38.48],[-75.82,38.47],[-75.84,38.46],[-75.84,38.45],[-75.82,38.44],[-75.83,38.42],[-75.85,38.42],[-75.86,38.39],[-75.87,38.38],[-75.87,38.36],[-75.9,38.35],[-75.91,38.34],[-75.91,38.33],[-75.93,38.32],[-75.94,38.31],[-75.94,38.29],[-75.94,38.27],[-75.95,38.26],[-75.95,38.25],[-75.94,38.24],[-75.95,38.24],[-75.97,38.23],[-75.96,38.25],[-75.98,38.27],[-76.01,38.3],[-76.01,38.31],[-75.98,38.32],[-75.96,38.32],[-75.96,38.34],[-75.97,38.36],[-76,38.37],[-76.01,38.36],[-76.02,38.34],[-76.04,38.32],[-76.05,38.31],[-76.04,38.3],[-76.03,38.28],[-76.04,38.24],[-76.04,38.23],[-76.04,38.22],[-76.06,38.23],[-76.07,38.24],[-76.08,38.26],[-76.09,38.26],[-76.08,38.27],[-76.1,38.28],[-76.11,38.29],[-76.11,38.3],[-76.13,38.3],[-76.13,38.28],[-76.15,38.28],[-76.13,38.3],[-76.13,38.31],[-76.17,38.32],[-76.15,38.32],[-76.17,38.34],[-76.17,38.35],[-76.18,38.36],[-76.2,38.36],[-76.21,38.38],[-76.22,38.39],[-76.23,38.39],[-76.23,38.37],[-76.23,38.35],[-76.21,38.33],[-76.23,38.32],[-76.24,38.35],[-76.25,38.36],[-76.28,38.38],[-76.28,38.39],[-76.28,38.4],[-76.29,38.42],[-76.3,38.43],[-76.31,38.45],[-76.33,38.48],[-76.33,38.49],[-76.33,38.5],[-76.31,38.5],[-76.29,38.5],[-76.28,38.49],[-76.27,38.5],[-76.25,38.52],[-76.23,38.53],[-76.22,38.51],[-76.21,38.53],[-76.2,38.52],[-76.17,38.53],[-76.14,38.53],[-76.15,38.54],[-76.19,38.53],[-76.2,38.54],[-76.21,38.55],[-76.17,38.56],[-76.17,38.57],[-76.17,38.58],[-76.18,38.58],[-76.18,38.56],[-76.2,38.56],[-76.22,38.57],[-76.23,38.58],[-76.22,38.57],[-76.22,38.55],[-76.24,38.55],[-76.25,38.56],[-76.24,38.58],[-76.25,38.59],[-76.25,38.54],[-76.26,38.56],[-76.27,38.54],[-76.28,38.56],[-76.29,38.57],[-76.3,38.57],[-76.29,38.58],[-76.28,38.58],[-76.27,38.58],[-76.26,38.6],[-76.27,38.61],[-76.25,38.62],[-76.24,38.63],[-76.23,38.61],[-76.21,38.61],[-76.19,38.62],[-76.17,38.62],[-76.16,38.62],[-76.17,38.6],[-76.15,38.6],[-76.14,38.61],[-76.12,38.59],[-76.11,38.58],[-76.09,38.59],[-76.08,38.58],[-76.07,38.57],[-76.04,38.56],[-76.02,38.57],[-76.01,38.57],[-76,38.58],[-75.99,38.58],[-75.98,38.59],[-75.98,38.61],[-75.97,38.63],[-75.95,38.65],[-75.96,38.65],[-75.99,38.64],[-75.99,38.63],[-75.99,38.61],[-76,38.6],[-76.02,38.59],[-76.03,38.58],[-76.04,38.59],[-76.02,38.6],[-76.04,38.6],[-76.07,38.61],[-76.08,38.62],[-76.1,38.63],[-76.12,38.63],[-76.1,38.65],[-76.12,38.64],[-76.15,38.64],[-76.16,38.66],[-76.13,38.66],[-76.13,38.67],[-76.12,38.67],[-76.13,38.67],[-76.16,38.66],[-76.17,38.67],[-76.18,38.67],[-76.17,38.69],[-76.16,38.7],[-76.15,38.69],[-76.14,38.7],[-76.13,38.7],[-76.14,38.7],[-76.13,38.71],[-76.12,38.71],[-76.1,38.71],[-76.11,38.72],[-76.14,38.72],[-76.14,38.73],[-76.12,38.74],[-76.11,38.76],[-76.12,38.76],[-76.13,38.74],[-76.14,38.73],[-76.15,38.72],[-76.15,38.71],[-76.16,38.71],[-76.18,38.71],[-76.19,38.69],[-76.2,38.67],[-76.22,38.69],[-76.21,38.7],[-76.24,38.72],[-76.22,38.74],[-76.22,38.73],[-76.19,38.73],[-76.2,38.74],[-76.2,38.75],[-76.21,38.74],[-76.22,38.75],[-76.23,38.76],[-76.22,38.77],[-76.23,38.78],[-76.23,38.77],[-76.24,38.76],[-76.24,38.75],[-76.27,38.74],[-76.26,38.74],[-76.28,38.72],[-76.3,38.73],[-76.29,38.73],[-76.3,38.75],[-76.29,38.77],[-76.28,38.77],[-76.29,38.78],[-76.32,38.77],[-76.31,38.75],[-76.32,38.74],[-76.32,38.73],[-76.33,38.71],[-76.33,38.7],[-76.32,38.69],[-76.34,38.67],[-76.35,38.69],[-76.34,38.73],[-76.34,38.75],[-76.33,38.77],[-76.32,38.79],[-76.31,38.8],[-76.31,38.81],[-76.3,38.83],[-76.29,38.83],[-76.28,38.84],[-76.27,38.85],[-76.26,38.84],[-76.25,38.82],[-76.23,38.82],[-76.21,38.81],[-76.22,38.8],[-76.22,38.79],[-76.2,38.77],[-76.19,38.77],[-76.17,38.75],[-76.17,38.76],[-76.13,38.79],[-76.12,38.79],[-76.11,38.8],[-76.12,38.79],[-76.13,38.81],[-76.12,38.8],[-76.14,38.79],[-76.15,38.78],[-76.16,38.77],[-76.18,38.79],[-76.19,38.79],[-76.2,38.8],[-76.2,38.81],[-76.19,38.84],[-76.18,38.84],[-76.19,38.84],[-76.2,38.85],[-76.19,38.85],[-76.18,38.85],[-76.16,38.88],[-76.14,38.88],[-76.13,38.87],[-76.11,38.88],[-76.11,38.89],[-76.11,38.88],[-76.12,38.88],[-76.14,38.88],[-76.16,38.88],[-76.17,38.87],[-76.19,38.87],[-76.17,38.89],[-76.16,38.93],[-76.15,38.94],[-76.16,38.95],[-76.17,38.93],[-76.17,38.91],[-76.18,38.89],[-76.19,38.88],[-76.2,38.89],[-76.2,38.93],[-76.21,38.94],[-76.22,38.95],[-76.23,38.94],[-76.22,38.96],[-76.25,38.97],[-76.26,38.96],[-76.25,38.95],[-76.26,38.93],[-76.26,38.92],[-76.27,38.94],[-76.29,38.93],[-76.3,38.92],[-76.31,38.93],[-76.3,38.94],[-76.31,38.95],[-76.3,38.96],[-76.3,38.97],[-76.3,38.96],[-76.31,38.96],[-76.33,38.95],[-76.32,38.93],[-76.32,38.92],[-76.34,38.91],[-76.34,38.9],[-76.34,38.89],[-76.33,38.86],[-76.34,38.86],[-76.36,38.85],[-76.38,38.85],[-76.37,38.87],[-76.36,38.88],[-76.37,38.91],[-76.36,38.94],[-76.36,38.96],[-76.32,39],[-76.32,39.02],[-76.31,39.04],[-76.3,39.02],[-76.29,39],[-76.28,38.98],[-76.25,38.98],[-76.24,38.97],[-76.2,38.97],[-76.17,39],[-76.16,39.01],[-76.17,39.02],[-76.18,39.03],[-76.18,39.04],[-76.18,39.05],[-76.17,39.06],[-76.16,39.06],[-76.15,39.08],[-76.14,39.09],[-76.14,39.1],[-76.15,39.11],[-76.17,39.1],[-76.16,39.12],[-76.15,39.13],[-76.14,39.14],[-76.13,39.14],[-76.14,39.14],[-76.15,39.13],[-76.16,39.13],[-76.18,39.14],[-76.18,39.16],[-76.19,39.16],[-76.18,39.14],[-76.17,39.13],[-76.17,39.11],[-76.19,39.11],[-76.18,39.1],[-76.19,39.09],[-76.21,39.09],[-76.2,39.08],[-76.22,39.06],[-76.22,39.05],[-76.23,39.06],[-76.23,39.08],[-76.24,39.1],[-76.25,39.12],[-76.24,39.13],[-76.26,39.14],[-76.26,39.15],[-76.25,39.14],[-76.25,39.16],[-76.26,39.15],[-76.28,39.15],[-76.27,39.17],[-76.26,39.19],[-76.25,39.21],[-76.24,39.22],[-76.23,39.24],[-76.22,39.25],[-76.21,39.27],[-76.2,39.28],[-76.19,39.28],[-76.18,39.29],[-76.17,39.29],[-76.18,39.31],[-76.19,39.31],[-76.17,39.33],[-76.15,39.33],[-76.14,39.32],[-76.11,39.32],[-76.1,39.33],[-76.11,39.32],[-76.13,39.33],[-76.14,39.35],[-76.12,39.36],[-76.11,39.37],[-76.06,39.37],[-76.04,39.37],[-76.04,39.36],[-76.02,39.36],[-75.99,39.37],[-75.98,39.36],[-75.97,39.37],[-75.95,39.37],[-75.95,39.36],[-75.93,39.37],[-75.92,39.35],[-75.92,39.36],[-75.89,39.36],[-75.88,39.36],[-75.86,39.37],[-75.86,39.36],[-75.84,39.37],[-75.87,39.37],[-75.88,39.36],[-75.89,39.36],[-75.93,39.37],[-75.94,39.37],[-75.93,39.38],[-75.96,39.38],[-75.99,39.38],[-76,39.38],[-76.03,39.38],[-76.04,39.39],[-76.03,39.4],[-76,39.41],[-76,39.43],[-75.98,39.43],[-75.97,39.46],[-75.95,39.47],[-75.93,39.47],[-75.92,39.46],[-75.91,39.48],[-75.88,39.47],[-75.87,39.46],[-75.86,39.45],[-75.89,39.49],[-75.92,39.49],[-75.92,39.5],[-75.89,39.5],[-75.87,39.52],[-75.88,39.53],[-75.86,39.54],[-75.86,39.55],[-75.87,39.56],[-75.88,39.54],[-75.9,39.51],[-75.92,39.51],[-75.93,39.5],[-75.94,39.5],[-75.96,39.49],[-75.97,39.47],[-75.98,39.47],[-75.99,39.46],[-76,39.45],[-76.01,39.46],[-76,39.47],[-75.99,39.49],[-75.99,39.5],[-75.98,39.53],[-75.97,39.53],[-75.97,39.56],[-75.96,39.57],[-75.95,39.58],[-75.95,39.59],[-75.96,39.59],[-75.97,39.57],[-76,39.56],[-76.01,39.54],[-76.04,39.56],[-76.05,39.55],[-76.07,39.55],[-76.08,39.56],[-76.09,39.55],[-76.08,39.54],[-76.11,39.52],[-76.12,39.5],[-76.13,39.5],[-76.12,39.48],[-76.11,39.49],[-76.1,39.47],[-76.1,39.43],[-76.12,39.43],[-76.14,39.41],[-76.16,39.41],[-76.17,39.39],[-76.19,39.38],[-76.2,39.37],[-76.23,39.35],[-76.25,39.36],[-76.25,39.38],[-76.24,39.41],[-76.22,39.43],[-76.24,39.44],[-76.22,39.47],[-76.24,39.47],[-76.24,39.45],[-76.26,39.45],[-76.25,39.43],[-76.25,39.41],[-76.27,39.4],[-76.28,39.39],[-76.27,39.38],[-76.29,39.37],[-76.27,39.36],[-76.26,39.34],[-76.28,39.32],[-76.28,39.3],[-76.3,39.3],[-76.29,39.32],[-76.3,39.33],[-76.3,39.35],[-76.31,39.36],[-76.3,39.37],[-76.31,39.38],[-76.31,39.39],[-76.33,39.39],[-76.36,39.4],[-76.37,39.38],[-76.4,39.38],[-76.41,39.38],[-76.4,39.38],[-76.39,39.38],[-76.37,39.37],[-76.36,39.38],[-76.34,39.37],[-76.34,39.36],[-76.33,39.34],[-76.35,39.34],[-76.36,39.35],[-76.37,39.35],[-76.35,39.33],[-76.33,39.32],[-76.34,39.31],[-76.36,39.32],[-76.38,39.3],[-76.39,39.31],[-76.4,39.32],[-76.41,39.33],[-76.4,39.32],[-76.41,39.31],[-76.42,39.31],[-76.42,39.3],[-76.4,39.3],[-76.4,39.29],[-76.38,39.28],[-76.4,39.28],[-76.4,39.27],[-76.41,39.25],[-76.44,39.25],[-76.44,39.28],[-76.45,39.29],[-76.46,39.3],[-76.48,39.3],[-76.49,39.3],[-76.47,39.28],[-76.46,39.28],[-76.45,39.26],[-76.44,39.24],[-76.42,39.23],[-76.4,39.23],[-76.42,39.22],[-76.42,39.21],[-76.45,39.2],[-76.45,39.22],[-76.46,39.22],[-76.46,39.21],[-76.49,39.2],[-76.5,39.21],[-76.49,39.24],[-76.48,39.26],[-76.49,39.25],[-76.51,39.23],[-76.52,39.24],[-76.53,39.24],[-76.54,39.25],[-76.55,39.26],[-76.56,39.26],[-76.57,39.26],[-76.57,39.28],[-76.59,39.28],[-76.58,39.27],[-76.59,39.26],[-76.6,39.26],[-76.61,39.26],[-76.61,39.24],[-76.58,39.25],[-76.56,39.23],[-76.56,39.22],[-76.58,39.22],[-76.58,39.21],[-76.58,39.19],[-76.58,39.18],[-76.59,39.17],[-76.58,39.18],[-76.57,39.2],[-76.58,39.21],[-76.57,39.22],[-76.55,39.22],[-76.54,39.21],[-76.53,39.19],[-76.52,39.18],[-76.53,39.16],[-76.53,39.15],[-76.54,39.15],[-76.53,39.15],[-76.51,39.17],[-76.49,39.16],[-76.48,39.17],[-76.47,39.15],[-76.44,39.14],[-76.45,39.13],[-76.44,39.12],[-76.43,39.13],[-76.43,39.11],[-76.43,39.09],[-76.45,39.1],[-76.47,39.08],[-76.49,39.08],[-76.52,39.08],[-76.53,39.09],[-76.52,39.08],[-76.52,39.07],[-76.5,39.07],[-76.48,39.07],[-76.46,39.06],[-76.42,39.04],[-76.4,39.03],[-76.4,39.01],[-76.42,38.99],[-76.45,38.99],[-76.46,39],[-76.45,38.99],[-76.46,38.98],[-76.48,38.99],[-76.49,39.01],[-76.51,39.02],[-76.52,39.03],[-76.54,39.04],[-76.53,39.05],[-76.55,39.07],[-76.56,39.07],[-76.58,39.07],[-76.56,39.05],[-76.57,39.04],[-76.57,39.03],[-76.55,39.03],[-76.53,39.03],[-76.53,39.01],[-76.51,39.01],[-76.51,39],[-76.51,38.99],[-76.51,39],[-76.49,39],[-76.48,38.98],[-76.47,38.96],[-76.45,38.94],[-76.47,38.93],[-76.46,38.92],[-76.47,38.91],[-76.48,38.92],[-76.48,38.93],[-76.5,38.92],[-76.51,38.93],[-76.52,38.94],[-76.54,38.95],[-76.57,38.96],[-76.58,38.96],[-76.57,38.95],[-76.56,38.95],[-76.55,38.94],[-76.54,38.93],[-76.53,38.93],[-76.51,38.92],[-76.51,38.9],[-76.5,38.9],[-76.49,38.89],[-76.51,38.87],[-76.51,38.88],[-76.54,38.89],[-76.55,38.88],[-76.53,38.88],[-76.53,38.86],[-76.54,38.86],[-76.54,38.85],[-76.54,38.84],[-76.55,38.83],[-76.54,38.83],[-76.53,38.85],[-76.51,38.85],[-76.49,38.85],[-76.49,38.84],[-76.5,38.82],[-76.51,38.8],[-76.53,38.79],[-76.54,38.78],[-76.56,38.77],[-76.55,38.75],[-76.56,38.74],[-76.55,38.73],[-76.53,38.73],[-76.53,38.72],[-76.53,38.7],[-76.53,38.68],[-76.53,38.65],[-76.51,38.61],[-76.52,38.58],[-76.52,38.56],[-76.52,38.54],[-76.5,38.5],[-76.49,38.48],[-76.45,38.45],[-76.45,38.44],[-76.44,38.43],[-76.42,38.42],[-76.4,38.4],[-76.38,38.38],[-76.39,38.37],[-76.39,38.36],[-76.41,38.34],[-76.42,38.32],[-76.45,38.33],[-76.46,38.32],[-76.48,38.33],[-76.47,38.35],[-76.49,38.37],[-76.49,38.38],[-76.48,38.41],[-76.49,38.43],[-76.49,38.42],[-76.49,38.4],[-76.51,38.39],[-76.52,38.41],[-76.55,38.41],[-76.55,38.42],[-76.57,38.42],[-76.58,38.43],[-76.6,38.44],[-76.6,38.45],[-76.59,38.46],[-76.6,38.47],[-76.6,38.46],[-76.61,38.45],[-76.62,38.46],[-76.64,38.47],[-76.65,38.49],[-76.66,38.5],[-76.66,38.51],[-76.65,38.52],[-76.66,38.53],[-76.67,38.54],[-76.66,38.56],[-76.67,38.57],[-76.67,38.59],[-76.67,38.6],[-76.67,38.62],[-76.68,38.63],[-76.67,38.62],[-76.68,38.6],[-76.69,38.58],[-76.68,38.54],[-76.7,38.54],[-76.68,38.53],[-76.67,38.51],[-76.69,38.5],[-76.67,38.49],[-76.66,38.47],[-76.66,38.46],[-76.65,38.45],[-76.64,38.44],[-76.63,38.43],[-76.58,38.4],[-76.53,38.38],[-76.51,38.36],[-76.5,38.36],[-76.51,38.34],[-76.49,38.33],[-76.49,38.32],[-76.48,38.32],[-76.46,38.3],[-76.45,38.29],[-76.43,38.29],[-76.42,38.3],[-76.4,38.31],[-76.39,38.31],[-76.38,38.29],[-76.4,38.27],[-76.4,38.26],[-76.39,38.22],[-76.36,38.2],[-76.36,38.18],[-76.33,38.16],[-76.32,38.14],[-76.33,38.12],[-76.35,38.14],[-76.36,38.12],[-76.34,38.12],[-76.33,38.1],[-76.33,38.06],[-76.34,38.06],[-76.36,38.06],[-76.37,38.07],[-76.38,38.09],[-76.39,38.1],[-76.41,38.11],[-76.39,38.12],[-76.4,38.13],[-76.42,38.11],[-76.44,38.13],[-76.44,38.15],[-76.43,38.16],[-76.44,38.16],[-76.44,38.17],[-76.43,38.18],[-76.43,38.2],[-76.45,38.2],[-76.45,38.21],[-76.47,38.22],[-76.47,38.21],[-76.45,38.2],[-76.44,38.19],[-76.46,38.17],[-76.45,38.16],[-76.47,38.15],[-76.46,38.14],[-76.48,38.14],[-76.49,38.15],[-76.52,38.17],[-76.5,38.14],[-76.54,38.15],[-76.55,38.19],[-76.59,38.21],[-76.63,38.23],[-76.65,38.23],[-76.67,38.23],[-76.69,38.23],[-76.68,38.25],[-76.65,38.25],[-76.65,38.26],[-76.65,38.27],[-76.67,38.26],[-76.69,38.26],[-76.7,38.23],[-76.72,38.24],[-76.71,38.25],[-76.7,38.26],[-76.71,38.27],[-76.71,38.29],[-76.72,38.29],[-76.72,38.26],[-76.74,38.26],[-76.73,38.25],[-76.75,38.23],[-76.75,38.22],[-76.78,38.23],[-76.78,38.24],[-76.79,38.25],[-76.79,38.26],[-76.79,38.25],[-76.81,38.25],[-76.81,38.27],[-76.8,38.28],[-76.81,38.29],[-76.84,38.34],[-76.83,38.34],[-76.83,38.36],[-76.86,38.38],[-76.87,38.39],[-76.88,38.39],[-76.91,38.39],[-76.92,38.39],[-76.93,38.4],[-76.93,38.41],[-76.93,38.4],[-76.92,38.39],[-76.91,38.38],[-76.88,38.37],[-76.86,38.37],[-76.86,38.35],[-76.87,38.33],[-76.86,38.32],[-76.85,38.29],[-76.84,38.29],[-76.83,38.27],[-76.85,38.26],[-76.86,38.27],[-76.87,38.27],[-76.89,38.28],[-76.93,38.29],[-76.92,38.31],[-76.9,38.31],[-76.91,38.31],[-76.93,38.32],[-76.94,38.33],[-76.98,38.34],[-76.97,38.35],[-76.98,38.36],[-76.99,38.4],[-77,38.41],[-77,38.42],[-77.03,38.47],[-77.05,38.45],[-77.04,38.44],[-77.08,38.43],[-77.09,38.41],[-77.11,38.41],[-77.1,38.43],[-77.11,38.43],[-77.1,38.45],[-77.12,38.44],[-77.13,38.4],[-77.14,38.39],[-77.19,38.37],[-77.21,38.36],[-77.25,38.38],[-77.26,38.42],[-77.26,38.43],[-77.27,38.44],[-77.27,38.47],[-77.27,38.48],[-77.26,38.51],[-77.26,38.53],[-77.23,38.54],[-77.24,38.54],[-77.24,38.55],[-77.19,38.56],[-77.17,38.57],[-77.16,38.59],[-77.19,38.58],[-77.19,38.57],[-77.21,38.57],[-77.19,38.58],[-77.18,38.6],[-77.17,38.61],[-77.15,38.61],[-77.13,38.61],[-77.11,38.63],[-77.11,38.64],[-77.12,38.66],[-77.11,38.67],[-77.1,38.69],[-77.08,38.69],[-77.07,38.7],[-77.04,38.7],[-77.01,38.69],[-77.02,38.7],[-77.04,38.71],[-77.03,38.74],[-77.02,38.74],[-77.03,38.77],[-77.01,38.79],[-77.02,38.79],[-77.03,38.82],[-77.02,38.84],[-77.02,38.86],[-77.03,38.85],[-77.04,38.83],[-77.04,38.79],[-77.05,38.79],[-77.05,38.78],[-77.05,38.75],[-77.04,38.73],[-77.05,38.71],[-77.08,38.71],[-77.1,38.7],[-77.12,38.7],[-77.12,38.69],[-77.13,38.67],[-77.16,38.68],[-77.16,38.69],[-77.17,38.68],[-77.15,38.66],[-77.14,38.65],[-77.13,38.64],[-77.16,38.64],[-77.17,38.62],[-77.2,38.62],[-77.21,38.63],[-77.2,38.65],[-77.2,38.66],[-77.21,38.66],[-77.24,38.66],[-77.22,38.65],[-77.23,38.64],[-77.25,38.63],[-77.25,38.62],[-77.25,38.61],[-77.26,38.6],[-77.25,38.59],[-77.27,38.58],[-77.26,38.56],[-77.27,38.55],[-77.28,38.54],[-77.31,38.56],[-77.31,38.55],[-77.29,38.54],[-77.29,38.52],[-77.3,38.51],[-77.32,38.47],[-77.33,38.44],[-77.31,38.4],[-77.36,38.43],[-77.35,38.41],[-77.32,38.38],[-77.3,38.37],[-77.29,38.36],[-77.3,38.35],[-77.32,38.35],[-77.32,38.34],[-77.3,38.34],[-77.28,38.34],[-77.27,38.33],[-77.25,38.33],[-77.23,38.33],[-77.2,38.34],[-77.18,38.34],[-77.16,38.35],[-77.14,38.36],[-77.11,38.37],[-77.09,38.36],[-77.07,38.38],[-77.05,38.4],[-77.04,38.4],[-77.01,38.38],[-77.02,38.35],[-77.02,38.33],[-77.02,38.32],[-77.06,38.32],[-77.04,38.31],[-77.03,38.31],[-77,38.28],[-77,38.27],[-76.98,38.27],[-76.96,38.26],[-76.96,38.24],[-76.97,38.23],[-76.96,38.22],[-76.97,38.21],[-76.95,38.21],[-76.94,38.2],[-76.91,38.2],[-76.88,38.17],[-76.84,38.16],[-76.82,38.16],[-76.8,38.17],[-76.78,38.17],[-76.76,38.15],[-76.75,38.15],[-76.73,38.13],[-76.72,38.13],[-76.72,38.12],[-76.74,38.1],[-76.73,38.09],[-76.73,38.08],[-76.73,38.09],[-76.73,38.1],[-76.72,38.1],[-76.71,38.11],[-76.71,38.13],[-76.71,38.14],[-76.7,38.16],[-76.69,38.16],[-76.67,38.15],[-76.65,38.13],[-76.64,38.12],[-76.63,38.13],[-76.64,38.14],[-76.63,38.15],[-76.61,38.15],[-76.6,38.13],[-76.61,38.11],[-76.58,38.09],[-76.56,38.08],[-76.54,38.07],[-76.53,38.06],[-76.52,38.05],[-76.54,38.04],[-76.55,38.05],[-76.55,38.03],[-76.54,38.02],[-76.54,38],[-76.54,37.99],[-76.54,38],[-76.53,38.01],[-76.54,38.03],[-76.52,38.03],[-76.48,38.01],[-76.46,38],[-76.47,38],[-76.48,37.98],[-76.47,37.97],[-76.48,37.96],[-76.49,37.95],[-76.48,37.94],[-76.49,37.95],[-76.48,37.96],[-76.47,37.97],[-76.46,37.97],[-76.46,37.98],[-76.44,37.98],[-76.41,37.96],[-76.35,37.95],[-76.35,37.94],[-76.35,37.95],[-76.27,37.91],[-76.25,37.89],[-76.29,37.89],[-76.31,37.91],[-76.31,37.9],[-76.29,37.89],[-76.28,37.89],[-76.28,37.88],[-76.25,37.88],[-76.24,37.89],[-76.25,37.86],[-76.25,37.83],[-76.27,37.81],[-76.28,37.83],[-76.28,37.84],[-76.28,37.85],[-76.28,37.83],[-76.3,37.83],[-76.31,37.81],[-76.31,37.79],[-76.3,37.78],[-76.32,37.76],[-76.31,37.75],[-76.32,37.75],[-76.31,37.74],[-76.33,37.74],[-76.33,37.73],[-76.31,37.72],[-76.3,37.7],[-76.31,37.7],[-76.31,37.69],[-76.33,37.69],[-76.32,37.68],[-76.33,37.67],[-76.34,37.68],[-76.35,37.67],[-76.34,37.66],[-76.34,37.65],[-76.33,37.63],[-76.35,37.63],[-76.32,37.63],[-76.31,37.63],[-76.31,37.64],[-76.29,37.64],[-76.28,37.62],[-76.29,37.62],[-76.3,37.62],[-76.31,37.63],[-76.35,37.62],[-76.36,37.61],[-76.39,37.63],[-76.41,37.63],[-76.42,37.64],[-76.43,37.64],[-76.44,37.65],[-76.42,37.65],[-76.44,37.66],[-76.45,37.65],[-76.47,37.67],[-76.46,37.68],[-76.48,37.7],[-76.49,37.67],[-76.5,37.66],[-76.5,37.64],[-76.51,37.64],[-76.54,37.67],[-76.54,37.69],[-76.54,37.71],[-76.56,37.72],[-76.57,37.73],[-76.57,37.75],[-76.58,37.77],[-76.58,37.78],[-76.58,37.77],[-76.6,37.77],[-76.63,37.79],[-76.61,37.81],[-76.63,37.81],[-76.65,37.8],[-76.67,37.81],[-76.68,37.82],[-76.7,37.82],[-76.73,37.84],[-76.73,37.85],[-76.74,37.85],[-76.74,37.86],[-76.75,37.88],[-76.77,37.88],[-76.77,37.89],[-76.78,37.91],[-76.8,37.92],[-76.81,37.92],[-76.82,37.93],[-76.83,37.93],[-76.85,37.95],[-76.85,37.97],[-76.85,37.98],[-76.86,37.98],[-76.87,37.99],[-76.89,37.99],[-76.9,38],[-76.9,38.01],[-76.91,38.02],[-76.91,38.05],[-76.92,38.07],[-76.93,38.08],[-76.96,38.09],[-76.98,38.09],[-76.99,38.11],[-77.01,38.11],[-77.03,38.1],[-77.05,38.12],[-77.05,38.16],[-77.07,38.17],[-77.08,38.16],[-77.08,38.17],[-77.09,38.17],[-77.11,38.16],[-77.12,38.16],[-77.12,38.17],[-77.14,38.17],[-77.15,38.18],[-77.18,38.17],[-77.19,38.19],[-77.2,38.18],[-77.18,38.16],[-77.16,38.16],[-77.15,38.17],[-77.13,38.16],[-77.13,38.14],[-77.11,38.14],[-77.11,38.15],[-77.1,38.15],[-77.09,38.13],[-77.06,38.14],[-77.06,38.12],[-77.06,38.11],[-77.05,38.1],[-77.03,38.09],[-77.02,38.09],[-77,38.1],[-76.98,38.08],[-76.93,38.07],[-76.92,38.04],[-76.92,38.03],[-76.93,38.03],[-76.92,38],[-76.93,37.98],[-76.92,37.97],[-76.89,37.97],[-76.88,37.97],[-76.89,37.95],[-76.88,37.95],[-76.86,37.93],[-76.85,37.92],[-76.83,37.92],[-76.82,37.91],[-76.8,37.9],[-76.79,37.89],[-76.78,37.87],[-76.77,37.85],[-76.76,37.84],[-76.75,37.82],[-76.74,37.8],[-76.72,37.79],[-76.69,37.79],[-76.68,37.78],[-76.68,37.77],[-76.67,37.75],[-76.66,37.75],[-76.63,37.75],[-76.62,37.73],[-76.6,37.72],[-76.6,37.71],[-76.6,37.7],[-76.58,37.68],[-76.59,37.67],[-76.58,37.66],[-76.56,37.63],[-76.55,37.62],[-76.53,37.61],[-76.51,37.61],[-76.49,37.61],[-76.46,37.61],[-76.44,37.61],[-76.43,37.61],[-76.44,37.6],[-76.43,37.59],[-76.38,37.57],[-76.34,37.57],[-76.3,37.56],[-76.31,37.55],[-76.33,37.55],[-76.34,37.54],[-76.36,37.54],[-76.4,37.54],[-76.41,37.54],[-76.42,37.52],[-76.44,37.53],[-76.44,37.52],[-76.45,37.52],[-76.46,37.53],[-76.48,37.54],[-76.48,37.53],[-76.44,37.51],[-76.42,37.51],[-76.41,37.51],[-76.41,37.53],[-76.38,37.53],[-76.36,37.52],[-76.36,37.51],[-76.35,37.5],[-76.33,37.5],[-76.33,37.49],[-76.3,37.49],[-76.28,37.48],[-76.29,37.47],[-76.27,37.46],[-76.26,37.45],[-76.25,37.44],[-76.25,37.41],[-76.26,37.4],[-76.25,37.39],[-76.25,37.38],[-76.26,37.36],[-76.28,37.36],[-76.27,37.34],[-76.27,37.32],[-76.3,37.33],[-76.34,37.36],[-76.33,37.38],[-76.34,37.4],[-76.35,37.4],[-76.34,37.39],[-76.35,37.37],[-76.37,37.37],[-76.37,37.38],[-76.39,37.39],[-76.4,37.41],[-76.4,37.42],[-76.41,37.42],[-76.44,37.42],[-76.45,37.43],[-76.44,37.45],[-76.45,37.43],[-76.45,37.42],[-76.42,37.41],[-76.42,37.4],[-76.41,37.37],[-76.43,37.38],[-76.45,37.38],[-76.46,37.39],[-76.47,37.38],[-76.47,37.37],[-76.46,37.36],[-76.44,37.36],[-76.43,37.35],[-76.41,37.34],[-76.41,37.32],[-76.44,37.32],[-76.46,37.33],[-76.47,37.32],[-76.48,37.33],[-76.47,37.32],[-76.47,37.31],[-76.45,37.32],[-76.44,37.31],[-76.43,37.31],[-76.41,37.31],[-76.38,37.29],[-76.38,37.28],[-76.39,37.27],[-76.42,37.26],[-76.43,37.26],[-76.46,37.25],[-76.48,37.25],[-76.51,37.25],[-76.51,37.27],[-76.53,37.29],[-76.54,37.29],[-76.56,37.3],[-76.56,37.31],[-76.59,37.33],[-76.59,37.34],[-76.61,37.35],[-76.64,37.38],[-76.66,37.4],[-76.66,37.41],[-76.67,37.41],[-76.69,37.42],[-76.72,37.46],[-76.74,37.49],[-76.78,37.51],[-76.78,37.53],[-76.8,37.53],[-76.81,37.51],[-76.8,37.49],[-76.77,37.49],[-76.76,37.48],[-76.76,37.46],[-76.75,37.46],[-76.74,37.44],[-76.72,37.43],[-76.7,37.4],[-76.67,37.37],[-76.66,37.37],[-76.65,37.35],[-76.64,37.34],[-76.62,37.31],[-76.6,37.29],[-76.6,37.28],[-76.56,37.27],[-76.52,37.24],[-76.51,37.24],[-76.49,37.23],[-76.47,37.21],[-76.46,37.22],[-76.42,37.22],[-76.42,37.21],[-76.39,37.19],[-76.39,37.18],[-76.4,37.18],[-76.41,37.16],[-76.43,37.15],[-76.41,37.14],[-76.4,37.16],[-76.39,37.16],[-76.38,37.16],[-76.37,37.14],[-76.37,37.15],[-76.35,37.15],[-76.36,37.16],[-76.34,37.16],[-76.34,37.15],[-76.32,37.14],[-76.29,37.13],[-76.3,37.11],[-76.32,37.11],[-76.33,37.11],[-76.35,37.1],[-76.35,37.11],[-76.37,37.12],[-76.38,37.11],[-76.35,37.1],[-76.34,37.09],[-76.32,37.1],[-76.31,37.09],[-76.28,37.1],[-76.27,37.09],[-76.28,37.05],[-76.29,37.03],[-76.3,37.03],[-76.32,37.01],[-76.34,37.02],[-76.35,37.01],[-76.38,36.99],[-76.41,36.97],[-76.43,36.97],[-76.44,36.98],[-76.45,36.99],[-76.45,37],[-76.45,37.01],[-76.47,37.03],[-76.52,37.06],[-76.53,37.07],[-76.52,37.08],[-76.54,37.09],[-76.56,37.11],[-76.57,37.11],[-76.55,37.09],[-76.57,37.08],[-76.58,37.1],[-76.6,37.11],[-76.62,37.12],[-76.63,37.13],[-76.62,37.14],[-76.61,37.16],[-76.61,37.17],[-76.62,37.18],[-76.62,37.19],[-76.64,37.22],[-76.66,37.22],[-76.69,37.22],[-76.7,37.22],[-76.73,37.21],[-76.74,37.21],[-76.74,37.19],[-76.76,37.19],[-76.78,37.21],[-76.79,37.23],[-76.82,37.24],[-76.85,37.24],[-76.87,37.24],[-76.88,37.26],[-76.9,37.25],[-76.91,37.24],[-76.92,37.23],[-76.94,37.24],[-76.96,37.25],[-76.98,37.28],[-76.99,37.3],[-77.02,37.31],[-77.03,37.3],[-77.06,37.28],[-77.07,37.27],[-77.08,37.28],[-77.07,37.31],[-77.08,37.33],[-77.09,37.32],[-77.14,37.31],[-77.17,37.31],[-77.18,37.31],[-77.2,37.33],[-77.23,37.33],[-77.25,37.32],[-77.27,37.31],[-77.25,37.29],[-77.23,37.3],[-77.22,37.31],[-77.21,37.3],[-77.2,37.29],[-77.19,37.29],[-77.17,37.3],[-77.15,37.3],[-77.12,37.3],[-77.1,37.3],[-77.09,37.31],[-77.08,37.27],[-77.07,37.27],[-77.05,37.27],[-77.04,37.28],[-77.01,37.3],[-77,37.3],[-77,37.29],[-76.99,37.27],[-76.99,37.24],[-76.98,37.24],[-76.95,37.23],[-76.9,37.2],[-76.88,37.2],[-76.87,37.21],[-76.84,37.21],[-76.8,37.21],[-76.81,37.18],[-76.8,37.19],[-76.78,37.18],[-76.76,37.17],[-76.75,37.15],[-76.73,37.15],[-76.71,37.15],[-76.71,37.17],[-76.7,37.18],[-76.69,37.2],[-76.66,37.17],[-76.67,37.17],[-76.67,37.14],[-76.66,37.13],[-76.66,37.1],[-76.67,37.07],[-76.67,37.06],[-76.66,37.05],[-76.64,37.04],[-76.61,37.04],[-76.59,37.03],[-76.58,37.02],[-76.58,37.01],[-76.58,37],[-76.56,37],[-76.54,36.99],[-76.52,36.98],[-76.51,36.97],[-76.5,36.96],[-76.49,36.96],[-76.49,36.94],[-76.5,36.94],[-76.5,36.93],[-76.51,36.92],[-76.5,36.91],[-76.49,36.92],[-76.48,36.91],[-76.48,36.9],[-76.51,36.89],[-76.51,36.88],[-76.52,36.87],[-76.53,36.85],[-76.55,36.84],[-76.56,36.84],[-76.57,36.83],[-76.56,36.81],[-76.55,36.82],[-76.55,36.83],[-76.54,36.83],[-76.53,36.84],[-76.51,36.85],[-76.51,36.87],[-76.49,36.87],[-76.48,36.88],[-76.45,36.89],[-76.45,36.9],[-76.44,36.91],[-76.41,36.9],[-76.39,36.9],[-76.39,36.92],[-76.36,36.92],[-76.35,36.9],[-76.34,36.89],[-76.35,36.87],[-76.34,36.86],[-76.36,36.86],[-76.37,36.84],[-76.39,36.84],[-76.39,36.83],[-76.4,36.82],[-76.39,36.83],[-76.38,36.84],[-76.36,36.83],[-76.35,36.85],[-76.33,36.86],[-76.32,36.86],[-76.29,36.84],[-76.28,36.84],[-76.27,36.84],[-76.24,36.83],[-76.23,36.84],[-76.22,36.83],[-76.22,36.84],[-76.23,36.85],[-76.23,36.84],[-76.25,36.84],[-76.28,36.84],[-76.29,36.84],[-76.31,36.86],[-76.32,36.87],[-76.33,36.87],[-76.32,36.89],[-76.31,36.9],[-76.3,36.91],[-76.32,36.91],[-76.33,36.92],[-76.33,36.93],[-76.33,36.94],[-76.33,36.96],[-76.3,36.96],[-76.29,36.95],[-76.27,36.95],[-76.27,36.96],[-76.25,36.96],[-76.23,36.94],[-76.18,36.93],[-76.14,36.92],[-76.1,36.91],[-76.1,36.9],[-76.12,36.88],[-76.11,36.87],[-76.11,36.88],[-76.1,36.89],[-76.08,36.89],[-76.07,36.86],[-76.06,36.87],[-76.07,36.89],[-76.09,36.9],[-76.09,36.91],[-76.05,36.92],[-76.04,36.93],[-76.01,36.93],[-75.99,36.92],[-75.97,36.85],[-75.97,36.82],[-75.95,36.77],[-75.94,36.74],[-75.92,36.7],[-75.93,36.69],[-75.91,36.67],[-75.88,36.61],[-75.88,36.58],[-75.86,36.52],[-75.85,36.48],[-75.84,36.45],[-75.82,36.36],[-75.81,36.35],[-75.81,36.31],[-75.79,36.26],[-75.77,36.23],[-75.79,36.23],[-75.8,36.23],[-75.81,36.25],[-75.8,36.28],[-75.81,36.29],[-75.82,36.3],[-75.83,36.29],[-75.85,36.31],[-75.84,36.32],[-75.85,36.32],[-75.85,36.33],[-75.82,36.32],[-75.82,36.34],[-75.83,36.36],[-75.83,36.37],[-75.84,36.38],[-75.84,36.4],[-75.84,36.41],[-75.84,36.42],[-75.86,36.42],[-75.87,36.44],[-75.88,36.44],[-75.89,36.45],[-75.88,36.46],[-75.88,36.47],[-75.9,36.47],[-75.88,36.49],[-75.88,36.51],[-75.9,36.52],[-75.9,36.54],[-75.89,36.55],[-75.9,36.55],[-75.9,36.57],[-75.89,36.57],[-75.9,36.59],[-75.89,36.59],[-75.91,36.61],[-75.92,36.64],[-75.92,36.67],[-75.93,36.69],[-75.94,36.72],[-75.95,36.72],[-75.97,36.71],[-75.96,36.7],[-75.98,36.67],[-75.95,36.67],[-75.95,36.65],[-75.97,36.66],[-75.99,36.63],[-75.99,36.61],[-75.98,36.58],[-75.99,36.57],[-75.99,36.56],[-75.98,36.54],[-75.96,36.54],[-75.97,36.56],[-75.98,36.56],[-75.98,36.57],[-75.97,36.57],[-75.96,36.56],[-75.94,36.56],[-75.92,36.57],[-75.92,36.55],[-75.92,36.54],[-75.91,36.55],[-75.9,36.54],[-75.91,36.53],[-75.91,36.49],[-75.92,36.48],[-75.93,36.49],[-75.99,36.49],[-75.97,36.52],[-76,36.53],[-76.01,36.55],[-76.01,36.56],[-76.03,36.58],[-76.05,36.58],[-76.04,36.56],[-76.03,36.56],[-76.03,36.54],[-76.03,36.53],[-76.05,36.51],[-76.06,36.51],[-76.07,36.52],[-76.08,36.5],[-76.06,36.5],[-76.05,36.5],[-76.04,36.5],[-76.02,36.46],[-76.01,36.44],[-75.99,36.44],[-76,36.43],[-75.99,36.41],[-75.98,36.4],[-75.97,36.39],[-75.95,36.38],[-75.95,36.39],[-75.93,36.39],[-75.94,36.41],[-75.93,36.43],[-75.92,36.42],[-75.92,36.4],[-75.92,36.39],[-75.92,36.37],[-75.93,36.36],[-75.91,36.35],[-75.9,36.32],[-75.89,36.3],[-75.88,36.28],[-75.87,36.28],[-75.86,36.28],[-75.86,36.26],[-75.87,36.25],[-75.87,36.24],[-75.86,36.23],[-75.85,36.21],[-75.84,36.19],[-75.84,36.18],[-75.82,36.15],[-75.82,36.14],[-75.81,36.13],[-75.81,36.12],[-75.8,36.12],[-75.8,36.1],[-75.79,36.08],[-75.8,36.07],[-75.85,36.1],[-75.86,36.12],[-75.87,36.14],[-75.86,36.16],[-75.88,36.18],[-75.91,36.21],[-75.91,36.22],[-75.92,36.25],[-75.95,36.26],[-75.94,36.27],[-75.94,36.29],[-75.97,36.29],[-75.96,36.3],[-75.98,36.32],[-75.99,36.31],[-76,36.32],[-76.01,36.33],[-76,36.31],[-75.98,36.31],[-75.97,36.3],[-75.97,36.29],[-75.95,36.28],[-75.96,36.28],[-75.97,36.26],[-75.95,36.22],[-75.95,36.21],[-75.96,36.2],[-75.94,36.19],[-75.94,36.18],[-75.92,36.17],[-75.93,36.16],[-75.99,36.18],[-76.02,36.19],[-76.03,36.2],[-76.04,36.21],[-76.05,36.23],[-76.08,36.24],[-76.08,36.25],[-76.1,36.26],[-76.11,36.27],[-76.13,36.29],[-76.15,36.29],[-76.17,36.3],[-76.21,36.29],[-76.19,36.29],[-76.19,36.28],[-76.17,36.26],[-76.16,36.26],[-76.14,36.26],[-76.12,36.21],[-76.09,36.21],[-76.08,36.2],[-76.07,36.17],[-76.06,36.15],[-76.07,36.14],[-76.1,36.13],[-76.12,36.14],[-76.13,36.14],[-76.14,36.13],[-76.17,36.12],[-76.19,36.13],[-76.21,36.14],[-76.23,36.16],[-76.23,36.17],[-76.25,36.18],[-76.25,36.19],[-76.26,36.19],[-76.28,36.19],[-76.28,36.18],[-76.25,36.16],[-76.24,36.15],[-76.23,36.13],[-76.21,36.12],[-76.2,36.1],[-76.21,36.1],[-76.25,36.1],[-76.28,36.11],[-76.29,36.12],[-76.31,36.12],[-76.32,36.13],[-76.34,36.14],[-76.37,36.14],[-76.38,36.15],[-76.39,36.17],[-76.43,36.18],[-76.44,36.19],[-76.47,36.2],[-76.45,36.18],[-76.44,36.18],[-76.43,36.16],[-76.4,36.14],[-76.38,36.12],[-76.37,36.12],[-76.35,36.12],[-76.34,36.11],[-76.32,36.1],[-76.3,36.09],[-76.33,36.09],[-76.35,36.09],[-76.37,36.09],[-76.38,36.08],[-76.42,36.08],[-76.41,36.07],[-76.43,36.06],[-76.46,36.03],[-76.46,36.02],[-76.5,36.02],[-76.51,36.01],[-76.56,36.01],[-76.58,36.01],[-76.6,36.04],[-76.61,36.05],[-76.62,36.06],[-76.62,36.05],[-76.64,36.04],[-76.65,36.04],[-76.68,36.05],[-76.69,36.07],[-76.69,36.08],[-76.69,36.11],[-76.7,36.11],[-76.72,36.14],[-76.72,36.15],[-76.72,36.2],[-76.71,36.22],[-76.7,36.24],[-76.69,36.25],[-76.68,36.27],[-76.67,36.28],[-76.68,36.3],[-76.7,36.31],[-76.7,36.29],[-76.7,36.27],[-76.71,36.26],[-76.72,36.24],[-76.72,36.23],[-76.73,36.24],[-76.75,36.21],[-76.75,36.19],[-76.75,36.17],[-76.76,36.15],[-76.75,36.13],[-76.73,36.1],[-76.73,36.07],[-76.72,36.06],[-76.71,36.04],[-76.7,36.02],[-76.68,36],[-76.68,35.99],[-76.69,35.98],[-76.71,35.97],[-76.72,35.96],[-76.73,35.93],[-76.71,35.95],[-76.69,35.94],[-76.66,35.93],[-76.65,35.94],[-76.61,35.94],[-76.6,35.94],[-76.57,35.94],[-76.55,35.94],[-76.51,35.95],[-76.49,35.96],[-76.47,35.96],[-76.46,35.97],[-76.4,35.98],[-76.39,35.98],[-76.38,35.96],[-76.38,35.95],[-76.37,35.93],[-76.35,35.94],[-76.33,35.94],[-76.32,35.93],[-76.31,35.93],[-76.29,35.93],[-76.28,35.92],[-76.29,35.94],[-76.3,35.94],[-76.31,35.95],[-76.28,35.97],[-76.27,35.97],[-76.21,35.99],[-76.18,35.99],[-76.17,35.99],[-76.15,36],[-76.13,35.99],[-76.1,35.99],[-76.08,35.99],[-76.06,35.99],[-76.05,35.98],[-76.02,35.97],[-76.01,35.95],[-76.03,35.94],[-76.05,35.95],[-76.06,35.96],[-76.07,35.94],[-76.06,35.93],[-76.07,35.92],[-76.09,35.94],[-76.09,35.92],[-76.06,35.91],[-76.04,35.93],[-76.01,35.92],[-76.03,35.91],[-76.04,35.89],[-76.05,35.87],[-76.06,35.86],[-76.09,35.87],[-76.1,35.87],[-76.06,35.85],[-76.07,35.83],[-76.06,35.82],[-76.05,35.81],[-76.05,35.77],[-76.06,35.76],[-76.05,35.74],[-76.06,35.72],[-76.06,35.7],[-76.04,35.7],[-76.04,35.69],[-76.04,35.67],[-76.06,35.68],[-76.07,35.68],[-76.11,35.68],[-76.1,35.67],[-76.09,35.66],[-76.07,35.66],[-76.06,35.67],[-76.05,35.66],[-76.04,35.65],[-76.03,35.65],[-76.02,35.65],[-76.01,35.66],[-76,35.7],[-76,35.71],[-76,35.72],[-75.99,35.74],[-75.99,35.76],[-75.98,35.77],[-75.99,35.79],[-75.99,35.81],[-75.98,35.84],[-75.99,35.86],[-75.98,35.87],[-75.99,35.89],[-75.98,35.9],[-75.96,35.9],[-75.95,35.92],[-75.94,35.93],[-75.92,35.92],[-75.92,35.91],[-75.91,35.91],[-75.9,35.89],[-75.88,35.88],[-75.88,35.9],[-75.89,35.9],[-75.89,35.91],[-75.91,35.92],[-75.91,35.93],[-75.89,35.94],[-75.88,35.93],[-75.86,35.92],[-75.86,35.93],[-75.83,35.92],[-75.82,35.93],[-75.85,35.94],[-75.86,35.95],[-75.85,35.96],[-75.86,35.98],[-75.83,35.97],[-75.81,35.96],[-75.81,35.95],[-75.78,35.93],[-75.78,35.92],[-75.77,35.91],[-75.76,35.89],[-75.75,35.89],[-75.75,35.86],[-75.76,35.85],[-75.74,35.84],[-75.73,35.82],[-75.73,35.81],[-75.74,35.79],[-75.73,35.79],[-75.74,35.77],[-75.74,35.76],[-75.74,35.75],[-75.73,35.74],[-75.73,35.73],[-75.73,35.72],[-75.72,35.7],[-75.72,35.69],[-75.73,35.68],[-75.74,35.69],[-75.75,35.7],[-75.77,35.71],[-75.78,35.69],[-75.77,35.68],[-75.77,35.66],[-75.75,35.65],[-75.74,35.65],[-75.73,35.63],[-75.75,35.62],[-75.75,35.61],[-75.78,35.6],[-75.78,35.58],[-75.82,35.57],[-75.82,35.58],[-75.81,35.59],[-75.83,35.59],[-75.84,35.59],[-75.86,35.59],[-75.86,35.6],[-75.87,35.61],[-75.87,35.63],[-75.88,35.63],[-75.9,35.6],[-75.88,35.58],[-75.91,35.56],[-75.92,35.56],[-75.92,35.54],[-75.95,35.54],[-75.96,35.53],[-75.96,35.52],[-75.97,35.52],[-75.98,35.51],[-75.97,35.51],[-75.96,35.49],[-75.99,35.48],[-76,35.47],[-76,35.46],[-76.02,35.44],[-76.01,35.43],[-76.02,35.41],[-76.03,35.41],[-76.03,35.43],[-76.06,35.44],[-76.07,35.42],[-76.07,35.41],[-76.08,35.4],[-76.08,35.39],[-76.06,35.38],[-76.07,35.37],[-76.09,35.37],[-76.1,35.36],[-76.11,35.35],[-76.14,35.36],[-76.14,35.34],[-76.16,35.33],[-76.16,35.34],[-76.18,35.35],[-76.2,35.34],[-76.22,35.34],[-76.23,35.36],[-76.26,35.38],[-76.26,35.36],[-76.25,35.35],[-76.27,35.34],[-76.29,35.35],[-76.29,35.36],[-76.32,35.37],[-76.32,35.38],[-76.33,35.39],[-76.33,35.4],[-76.36,35.38],[-76.34,35.36],[-76.35,35.35],[-76.36,35.36],[-76.39,35.36],[-76.42,35.37],[-76.41,35.38],[-76.37,35.36],[-76.36,35.37],[-76.4,35.4],[-76.38,35.4],[-76.39,35.43],[-76.42,35.44],[-76.42,35.43],[-76.43,35.42],[-76.42,35.42],[-76.43,35.41],[-76.45,35.4],[-76.46,35.41],[-76.47,35.4],[-76.48,35.41],[-76.48,35.39],[-76.47,35.38],[-76.48,35.37],[-76.5,35.39],[-76.53,35.4],[-76.54,35.41],[-76.53,35.44],[-76.53,35.43],[-76.55,35.44],[-76.56,35.45],[-76.55,35.45],[-76.54,35.47],[-76.51,35.46],[-76.53,35.48],[-76.54,35.48],[-76.55,35.46],[-76.56,35.48],[-76.56,35.49],[-76.59,35.51],[-76.54,35.51],[-76.49,35.5],[-76.47,35.52],[-76.47,35.54],[-76.46,35.55],[-76.48,35.57],[-76.48,35.54],[-76.49,35.53],[-76.51,35.54],[-76.52,35.53],[-76.54,35.53],[-76.59,35.54],[-76.62,35.54],[-76.63,35.54],[-76.66,35.55],[-76.65,35.55],[-76.64,35.54],[-76.62,35.53],[-76.63,35.52],[-76.64,35.52],[-76.66,35.51],[-76.67,35.51],[-76.67,35.5],[-76.66,35.5],[-76.64,35.51],[-76.62,35.5],[-76.62,35.49],[-76.6,35.48],[-76.6,35.46],[-76.6,35.44],[-76.59,35.44],[-76.59,35.41],[-76.58,35.41],[-76.58,35.39],[-76.59,35.39],[-76.61,35.4],[-76.65,35.4],[-76.67,35.42],[-76.68,35.42],[-76.7,35.42],[-76.71,35.43],[-76.74,35.43],[-76.76,35.42],[-76.77,35.43],[-76.81,35.44],[-76.82,35.45],[-76.83,35.45],[-76.86,35.45],[-76.87,35.46],[-76.91,35.46],[-76.93,35.47],[-76.95,35.48],[-76.95,35.49],[-76.97,35.48],[-76.98,35.48],[-77,35.5],[-77.01,35.51],[-77.04,35.53],[-77.04,35.52],[-77.02,35.51],[-77.02,35.5],[-77.06,35.51],[-77.04,35.49],[-77,35.48],[-76.99,35.47],[-76.97,35.46],[-76.97,35.43],[-76.93,35.45],[-76.91,35.43],[-76.87,35.42],[-76.84,35.42],[-76.81,35.4],[-76.8,35.39],[-76.77,35.39],[-76.77,35.38],[-76.74,35.37],[-76.72,35.38],[-76.7,35.36],[-76.72,35.36],[-76.74,35.35],[-76.76,35.34],[-76.77,35.33],[-76.73,35.34],[-76.72,35.35],[-76.7,35.35],[-76.69,35.34],[-76.68,35.35],[-76.67,35.34],[-76.65,35.34],[-76.64,35.34],[-76.62,35.34],[-76.63,35.33],[-76.64,35.32],[-76.62,35.32],[-76.63,35.3],[-76.63,35.29],[-76.64,35.28],[-76.62,35.28],[-76.61,35.29],[-76.61,35.3],[-76.61,35.31],[-76.61,35.33],[-76.58,35.33],[-76.55,35.32],[-76.54,35.31],[-76.53,35.3],[-76.52,35.3],[-76.53,35.31],[-76.52,35.32],[-76.49,35.31],[-76.5,35.3],[-76.5,35.29],[-76.5,35.28],[-76.48,35.28],[-76.49,35.25],[-76.5,35.24],[-76.51,35.25],[-76.52,35.25],[-76.52,35.24],[-76.51,35.23],[-76.52,35.23],[-76.53,35.23],[-76.56,35.23],[-76.57,35.24],[-76.59,35.24],[-76.57,35.24],[-76.56,35.22],[-76.55,35.22],[-76.52,35.2],[-76.53,35.19],[-76.53,35.18],[-76.54,35.2],[-76.55,35.19],[-76.56,35.2],[-76.58,35.2],[-76.6,35.2],[-76.61,35.18],[-76.63,35.17],[-76.66,35.19],[-76.65,35.19],[-76.67,35.17],[-76.68,35.16],[-76.71,35.15],[-76.71,35.14],[-76.69,35.14],[-76.69,35.15],[-76.67,35.15],[-76.67,35.16],[-76.6,35.16],[-76.6,35.14],[-76.61,35.14],[-76.61,35.13],[-76.61,35.14],[-76.6,35.14],[-76.58,35.15],[-76.58,35.14],[-76.57,35.15],[-76.58,35.16],[-76.58,35.17],[-76.55,35.15],[-76.54,35.15],[-76.57,35.1],[-76.59,35.1],[-76.59,35.11],[-76.6,35.1],[-76.61,35.1],[-76.61,35.09],[-76.6,35.09],[-76.6,35.08],[-76.61,35.07],[-76.63,35.06],[-76.66,35.04],[-76.69,35.02],[-76.7,35.03],[-76.7,35.02],[-76.71,35.01],[-76.75,34.99],[-76.76,35.01],[-76.77,35],[-76.76,34.99],[-76.77,34.98],[-76.79,34.97],[-76.8,34.97],[-76.82,34.97],[-76.87,35.01],[-76.88,35.01],[-76.91,35.03],[-76.93,35.03],[-76.93,35.05],[-76.94,35.04],[-76.94,35.07],[-76.95,35.06],[-76.97,35.06],[-77,35.08],[-77.01,35.1],[-77.02,35.1],[-77.02,35.11],[-77.03,35.13],[-77.06,35.15],[-77.05,35.13],[-77.04,35.11],[-77.05,35.1],[-77.02,35.08],[-77.01,35.07],[-76.99,35.04],[-76.98,35.01],[-76.93,34.97],[-76.9,34.96],[-76.9,34.95],[-76.87,34.95],[-76.85,34.94],[-76.83,34.94],[-76.81,34.94],[-76.76,34.91],[-76.74,34.93],[-76.73,34.93],[-76.71,34.94],[-76.71,34.95],[-76.69,34.96],[-76.67,34.94],[-76.67,34.95],[-76.68,34.96],[-76.68,34.97],[-76.66,34.98],[-76.64,34.98],[-76.63,34.99],[-76.62,34.99],[-76.59,34.98],[-76.59,34.97],[-76.58,34.95],[-76.56,34.94],[-76.55,34.93],[-76.55,34.92],[-76.54,34.9],[-76.54,34.91],[-76.54,34.92],[-76.54,34.93],[-76.55,34.95],[-76.56,34.95],[-76.58,34.97],[-76.57,34.99],[-76.55,35],[-76.51,35],[-76.5,34.99],[-76.51,34.98],[-76.48,34.99],[-76.5,35.01],[-76.48,35.02],[-76.49,35.03],[-76.49,35.04],[-76.47,35.04],[-76.47,35.05],[-76.48,35.06],[-76.47,35.07],[-76.45,35.07],[-76.43,35.05],[-76.44,35.01],[-76.44,35],[-76.42,35],[-76.42,34.98],[-76.43,34.98],[-76.43,34.96],[-76.46,34.97],[-76.46,34.96],[-76.45,34.95],[-76.46,34.94],[-76.45,34.94],[-76.44,34.95],[-76.42,34.95],[-76.41,34.96],[-76.4,34.96],[-76.4,34.94],[-76.38,34.94],[-76.39,34.95],[-76.37,34.96],[-76.37,34.97],[-76.35,34.97],[-76.32,34.96],[-76.32,34.97],[-76.33,34.99],[-76.34,35],[-76.35,35.02],[-76.34,35.02],[-76.33,35.01],[-76.33,35.02],[-76.3,35.01],[-76.3,35],[-76.31,35.01],[-76.31,34.99],[-76.29,34.97],[-76.28,34.96],[-76.28,34.95],[-76.29,34.94],[-76.3,34.94],[-76.3,34.92],[-76.33,34.94],[-76.34,34.92],[-76.34,34.91],[-76.31,34.91],[-76.33,34.88],[-76.35,34.87],[-76.37,34.87],[-76.39,34.86],[-76.4,34.87],[-76.39,34.88],[-76.4,34.89],[-76.41,34.88],[-76.41,34.85],[-76.42,34.83],[-76.45,34.81],[-76.46,34.78],[-76.47,34.77],[-76.49,34.77],[-76.49,34.79],[-76.47,34.79],[-76.48,34.81],[-76.51,34.78],[-76.5,34.77],[-76.5,34.76],[-76.52,34.76],[-76.5,34.74],[-76.5,34.73],[-76.51,34.72],[-76.52,34.73],[-76.54,34.72],[-76.55,34.72],[-76.58,34.72],[-76.58,34.74],[-76.59,34.75],[-76.57,34.76],[-76.59,34.77],[-76.61,34.81],[-76.62,34.81],[-76.62,34.79],[-76.62,34.76],[-76.62,34.74],[-76.62,34.72],[-76.61,34.72],[-76.6,34.72],[-76.61,34.71],[-76.62,34.7],[-76.63,34.7],[-76.65,34.71],[-76.67,34.71],[-76.68,34.72],[-76.69,34.72],[-76.68,34.73],[-76.66,34.74],[-76.66,34.75],[-76.66,34.76],[-76.68,34.77],[-76.71,34.78],[-76.74,34.78],[-76.75,34.76],[-76.76,34.76],[-76.75,34.75],[-76.72,34.76],[-76.71,34.75],[-76.71,34.74],[-76.72,34.73],[-76.71,34.72],[-76.76,34.72],[-76.78,34.72],[-76.8,34.72],[-76.84,34.73],[-76.89,34.73],[-76.93,34.72],[-76.98,34.7],[-77,34.69],[-77.03,34.68],[-77.05,34.69],[-77.05,34.68],[-77.06,34.67],[-77.07,34.68],[-77.09,34.67],[-77.1,34.67],[-77.09,34.69],[-77.1,34.7],[-77.09,34.72],[-77.1,34.72],[-77.11,34.73],[-77.12,34.76],[-77.13,34.77],[-77.15,34.77],[-77.15,34.76],[-77.14,34.75],[-77.13,34.74],[-77.14,34.73],[-77.12,34.72],[-77.11,34.7],[-77.12,34.69],[-77.13,34.68],[-77.14,34.67],[-77.12,34.66],[-77.13,34.65],[-77.12,34.64],[-77.13,34.64],[-77.2,34.61],[-77.23,34.6],[-77.24,34.59],[-77.28,34.57],[-77.28,34.56],[-77.33,34.53],[-77.35,34.55],[-77.34,34.57],[-77.35,34.57],[-77.38,34.59],[-77.39,34.59],[-77.39,34.6],[-77.38,34.6],[-77.37,34.61],[-77.36,34.62],[-77.34,34.63],[-77.34,34.64],[-77.34,34.65],[-77.36,34.66],[-77.36,34.67],[-77.37,34.67],[-77.37,34.68],[-77.38,34.7],[-77.39,34.71],[-77.39,34.72],[-77.38,34.72],[-77.36,34.72],[-77.35,34.73],[-77.38,34.73],[-77.4,34.73],[-77.42,34.72],[-77.43,34.73],[-77.42,34.74],[-77.44,34.74],[-77.43,34.72],[-77.43,34.71],[-77.43,34.7],[-77.43,34.69],[-77.41,34.7],[-77.41,34.68],[-77.4,34.67],[-77.38,34.67],[-77.38,34.65],[-77.37,34.65],[-77.37,34.63],[-77.4,34.61],[-77.42,34.62],[-77.43,34.62],[-77.44,34.61],[-77.44,34.59],[-77.42,34.57],[-77.4,34.58],[-77.39,34.57],[-77.38,34.57],[-77.36,34.55],[-77.36,34.54],[-77.38,34.54],[-77.38,34.52],[-77.37,34.52],[-77.45,34.48],[-77.5,34.45],[-77.59,34.4],[-77.58,34.41],[-77.58,34.42],[-77.55,34.43],[-77.53,34.45],[-77.51,34.46],[-77.5,34.46],[-77.47,34.47],[-77.48,34.48],[-77.48,34.49],[-77.49,34.48],[-77.53,34.46],[-77.55,34.44],[-77.55,34.43],[-77.57,34.43],[-77.59,34.42],[-77.6,34.41],[-77.59,34.4],[-77.62,34.39],[-77.63,34.37],[-77.64,34.36],[-77.65,34.36],[-77.67,34.35],[-77.67,34.34],[-77.68,34.33],[-77.7,34.31],[-77.73,34.31],[-77.73,34.3],[-77.73,34.29],[-77.72,34.29],[-77.73,34.28],[-77.76,34.25],[-77.78,34.25],[-77.79,34.24],[-77.8,34.23],[-77.79,34.21],[-77.8,34.23],[-77.79,34.24],[-77.78,34.25],[-77.77,34.24],[-77.79,34.22],[-77.8,34.19],[-77.81,34.19],[-77.81,34.2],[-77.81,34.19],[-77.82,34.19],[-77.82,34.18],[-77.84,34.17],[-77.84,34.18],[-77.85,34.17],[-77.86,34.15],[-77.87,34.12],[-77.88,34.1],[-77.88,34.09],[-77.89,34.07],[-77.89,34.04],[-77.89,34.03],[-77.91,33.99],[-77.92,33.97],[-77.93,33.94],[-77.95,33.92],[-77.94,33.94],[-77.93,33.95],[-77.94,33.96],[-77.93,33.97],[-77.92,33.97],[-77.92,33.99],[-77.92,34.01],[-77.92,34.05],[-77.92,34.07],[-77.92,34.09],[-77.93,34.09],[-77.93,34.13],[-77.94,34.14],[-77.94,34.16],[-77.95,34.18],[-77.96,34.18],[-77.97,34.16],[-77.96,34.15],[-77.95,34.12],[-77.95,34.09],[-77.94,34.07],[-77.94,34.06],[-77.95,34.05],[-77.94,34.03],[-77.95,34.01],[-77.96,33.99],[-77.96,33.97],[-77.97,33.96],[-77.97,33.97],[-77.98,33.96],[-77.99,33.93],[-78,33.92],[-78.02,33.91],[-78.03,33.9],[-78.05,33.91],[-78.05,33.92],[-78.05,33.91],[-78.04,33.9],[-78.02,33.9],[-78.02,33.89],[-78.09,33.91],[-78.15,33.91],[-78.2,33.91],[-78.23,33.91],[-78.25,33.91],[-78.29,33.91],[-78.34,33.91],[-78.37,33.9],[-78.38,33.9],[-78.39,33.9],[-78.46,33.88],[-78.48,33.88],[-78.49,33.87],[-78.53,33.86],[-78.54,33.86],[-78.56,33.86],[-78.55,33.85],[-78.6,33.84],[-78.61,33.84],[-78.65,33.82],[-78.7,33.81],[-78.74,33.79],[-78.78,33.77],[-78.83,33.73],[-78.86,33.71],[-78.89,33.68],[-78.91,33.67],[-78.94,33.64],[-78.91,33.61],[-79,33.55],[-79.02,33.52],[-79.11,33.41],[-79.13,33.42],[-79.14,33.39],[-79.15,33.35],[-79.16,33.33],[-79.17,33.33],[-79.17,33.32],[-79.16,33.32],[-79.17,33.3],[-79.18,33.25],[-79.18,33.23],[-79.19,33.22],[-79.2,33.25],[-79.2,33.27],[-79.19,33.29],[-79.2,33.3],[-79.22,33.3],[-79.24,33.3],[-79.25,33.3],[-79.27,33.3],[-79.27,33.31],[-79.27,33.32],[-79.26,33.34],[-79.25,33.36],[-79.29,33.36],[-79.28,33.35],[-79.29,33.33],[-79.29,33.3],[-79.28,33.28],[-79.26,33.26],[-79.21,33.25],[-79.2,33.23],[-79.2,33.22],[-79.18,33.2],[-79.18,33.19],[-79.19,33.17],[-79.23,33.14],[-79.25,33.12],[-79.26,33.12],[-79.27,33.12],[-79.29,33.11],[-79.32,33.1],[-79.35,33.08],[-79.36,33.08],[-79.37,33.06],[-79.36,33.03],[-79.37,33.02],[-79.37,33.01],[-79.39,33.01],[-79.41,33.02],[-79.43,33.02],[-79.47,33.01],[-79.48,33],[-79.49,33.02],[-79.5,33.03],[-79.51,33.04],[-79.53,33.04],[-79.53,33.03],[-79.56,33.02],[-79.58,33.01],[-79.59,32.99],[-79.61,32.97],[-79.62,32.95],[-79.61,32.94],[-79.61,32.92],[-79.57,32.93],[-79.58,32.91],[-79.58,32.9],[-79.63,32.89],[-79.65,32.88],[-79.7,32.85],[-79.71,32.86],[-79.71,32.87],[-79.72,32.86],[-79.73,32.87],[-79.74,32.87],[-79.76,32.86],[-79.74,32.85],[-79.75,32.83],[-79.74,32.83],[-79.73,32.83],[-79.72,32.81],[-79.73,32.8],[-79.77,32.79],[-79.81,32.78],[-79.82,32.76],[-79.84,32.76],[-79.86,32.76],[-79.87,32.76],[-79.86,32.77],[-79.87,32.78],[-79.89,32.79],[-79.91,32.79],[-79.91,32.81],[-79.91,32.82],[-79.92,32.82],[-79.93,32.81],[-79.92,32.79],[-79.93,32.77],[-79.96,32.77],[-79.95,32.76],[-79.93,32.76],[-79.88,32.75],[-79.88,32.74],[-79.89,32.74],[-79.89,32.73],[-79.87,32.73],[-79.88,32.71],[-79.9,32.69],[-79.89,32.69],[-79.9,32.68],[-79.91,32.67],[-79.97,32.64],[-79.97,32.65],[-80,32.63],[-79.99,32.61],[-80,32.61],[-80.03,32.61],[-80.07,32.6],[-80.09,32.6],[-80.13,32.59],[-80.15,32.58],[-80.17,32.56],[-80.18,32.56],[-80.2,32.58],[-80.22,32.59],[-80.23,32.61],[-80.25,32.62],[-80.26,32.62],[-80.25,32.63],[-80.26,32.64],[-80.24,32.65],[-80.23,32.66],[-80.24,32.68],[-80.21,32.67],[-80.21,32.68],[-80.22,32.69],[-80.19,32.7],[-80.18,32.71],[-80.17,32.71],[-80.18,32.71],[-80.18,32.72],[-80.2,32.72],[-80.2,32.71],[-80.21,32.7],[-80.22,32.7],[-80.22,32.69],[-80.24,32.69],[-80.25,32.68],[-80.24,32.67],[-80.25,32.66],[-80.27,32.65],[-80.28,32.63],[-80.31,32.63],[-80.31,32.62],[-80.29,32.6],[-80.27,32.61],[-80.24,32.6],[-80.22,32.58],[-80.2,32.57],[-80.2,32.56],[-80.22,32.55],[-80.28,32.51],[-80.32,32.49],[-80.33,32.48],[-80.34,32.48],[-80.35,32.49],[-80.34,32.5],[-80.39,32.54],[-80.41,32.55],[-80.41,32.56],[-80.42,32.56],[-80.42,32.54],[-80.43,32.54],[-80.41,32.53],[-80.41,32.51],[-80.42,32.5],[-80.44,32.5],[-80.45,32.5],[-80.46,32.52],[-80.48,32.52],[-80.46,32.52],[-80.46,32.5],[-80.47,32.5],[-80.49,32.5],[-80.51,32.52],[-80.53,32.51],[-80.56,32.51],[-80.57,32.5],[-80.59,32.5],[-80.6,32.51],[-80.62,32.52],[-80.65,32.51],[-80.67,32.52],[-80.68,32.51],[-80.69,32.49],[-80.69,32.47],[-80.69,32.46],[-80.67,32.45],[-80.67,32.44],[-80.67,32.43],[-80.68,32.43],[-80.69,32.42],[-80.68,32.41],[-80.68,32.4],[-80.68,32.38],[-80.69,32.37],[-80.67,32.35],[-80.66,32.34],[-80.66,32.32],[-80.67,32.3],[-80.7,32.31],[-80.71,32.33],[-80.74,32.35],[-80.76,32.37],[-80.77,32.38],[-80.8,32.44],[-80.81,32.47],[-80.79,32.48],[-80.78,32.5],[-80.81,32.49],[-80.82,32.51],[-80.83,32.52],[-80.84,32.53],[-80.84,32.51],[-80.83,32.49],[-80.83,32.45],[-80.82,32.43],[-80.82,32.41],[-80.81,32.39],[-80.79,32.38],[-80.79,32.35],[-80.8,32.35],[-80.81,32.36],[-80.83,32.37],[-80.84,32.39],[-80.84,32.38],[-80.83,32.37],[-80.81,32.36],[-80.8,32.34],[-80.8,32.33],[-80.81,32.31],[-80.81,32.3],[-80.81,32.29],[-80.83,32.3],[-80.85,32.31],[-80.87,32.32],[-80.89,32.32],[-80.88,32.31],[-80.86,32.3],[-80.85,32.3],[-80.82,32.29],[-80.81,32.29],[-80.8,32.3],[-80.8,32.32],[-80.79,32.32],[-80.77,32.29],[-80.76,32.28],[-80.74,32.26],[-80.76,32.25],[-80.75,32.25],[-80.76,32.24],[-80.76,32.23],[-80.79,32.23],[-80.77,32.25],[-80.77,32.26],[-80.78,32.26],[-80.79,32.25],[-80.79,32.24],[-80.8,32.22],[-80.79,32.21],[-80.82,32.21],[-80.84,32.21],[-80.86,32.21],[-80.88,32.2],[-80.87,32.19],[-80.86,32.21],[-80.85,32.21],[-80.81,32.2],[-80.79,32.2],[-80.79,32.19],[-80.82,32.17],[-80.83,32.15],[-80.85,32.15],[-80.83,32.14],[-80.84,32.12],[-80.87,32.08],[-80.88,32.09],[-80.9,32.08],[-80.91,32.08],[-80.9,32.1],[-80.9,32.12],[-80.92,32.12],[-80.9,32.1],[-80.92,32.08],[-80.89,32.07],[-80.9,32.06],[-80.91,32.05],[-80.91,32.04],[-80.93,32.04],[-80.94,32.06],[-80.96,32.08],[-80.97,32.08],[-80.98,32.07],[-80.96,32.06],[-80.95,32.05],[-80.92,32.03],[-80.88,32.02],[-80.87,32.02],[-80.85,32.03],[-80.84,32.02],[-80.84,32.01],[-80.85,31.99],[-80.86,31.99],[-80.86,31.97],[-80.88,31.96],[-80.9,31.96],[-80.92,31.94],[-80.93,31.96],[-80.92,31.97],[-80.93,31.99],[-80.92,32.01],[-80.94,32.02],[-80.93,32.01],[-80.93,31.99],[-80.93,31.97],[-80.94,31.96],[-80.95,31.96],[-80.96,31.97],[-80.95,31.96],[-80.96,31.95],[-80.97,31.94],[-80.99,31.95],[-81,31.96],[-81,31.97],[-81,31.99],[-81.01,31.99],[-81.01,31.97],[-81.01,31.96],[-80.98,31.94],[-80.99,31.93],[-80.97,31.92],[-80.96,31.91],[-80.94,31.91],[-80.94,31.9],[-80.97,31.88],[-80.99,31.86],[-81,31.86],[-81,31.87],[-81.01,31.88],[-81,31.87],[-81.03,31.87],[-81.06,31.88],[-81.07,31.88],[-81.08,31.89],[-81.09,31.9],[-81.11,31.89],[-81.09,31.88],[-81.08,31.86],[-81.1,31.86],[-81.11,31.87],[-81.12,31.86],[-81.15,31.86],[-81.14,31.85],[-81.16,31.84],[-81.16,31.82],[-81.18,31.82],[-81.18,31.8],[-81.18,31.79],[-81.16,31.78],[-81.17,31.77],[-81.18,31.76],[-81.16,31.74],[-81.16,31.73],[-81.18,31.73],[-81.2,31.74],[-81.22,31.75],[-81.25,31.76],[-81.24,31.75],[-81.23,31.74],[-81.22,31.73],[-81.19,31.71],[-81.19,31.69],[-81.2,31.69],[-81.19,31.69],[-81.17,31.7],[-81.15,31.69],[-81.14,31.7],[-81.13,31.69],[-81.14,31.68],[-81.13,31.66],[-81.13,31.64],[-81.13,31.63],[-81.16,31.57],[-81.18,31.56],[-81.19,31.57],[-81.21,31.56],[-81.23,31.55],[-81.25,31.53],[-81.26,31.53],[-81.27,31.51],[-81.28,31.51],[-81.29,31.5],[-81.31,31.48],[-81.32,31.48],[-81.33,31.48],[-81.33,31.46],[-81.32,31.46],[-81.31,31.44],[-81.32,31.43],[-81.33,31.44],[-81.34,31.45],[-81.35,31.45],[-81.32,31.42],[-81.33,31.4],[-81.34,31.39],[-81.35,31.4],[-81.34,31.39],[-81.33,31.39],[-81.34,31.37],[-81.34,31.36],[-81.32,31.37],[-81.31,31.37],[-81.29,31.36],[-81.29,31.35],[-81.28,31.34],[-81.29,31.32],[-81.3,31.32],[-81.33,31.34],[-81.34,31.33],[-81.37,31.34],[-81.39,31.33],[-81.37,31.32],[-81.39,31.32],[-81.4,31.3],[-81.41,31.29],[-81.39,31.29],[-81.39,31.28],[-81.4,31.27],[-81.39,31.26],[-81.38,31.28],[-81.39,31.29],[-81.39,31.31],[-81.37,31.32],[-81.37,31.31],[-81.32,31.31],[-81.31,31.32],[-81.29,31.31],[-81.28,31.29],[-81.28,31.27],[-81.27,31.26],[-81.29,31.24],[-81.29,31.22],[-81.3,31.22],[-81.31,31.22],[-81.33,31.24],[-81.33,31.25],[-81.33,31.26],[-81.31,31.27],[-81.32,31.28],[-81.31,31.27],[-81.33,31.26],[-81.34,31.25],[-81.33,31.23],[-81.31,31.21],[-81.34,31.19],[-81.37,31.16],[-81.37,31.15],[-81.39,31.13],[-81.41,31.14],[-81.42,31.16],[-81.43,31.16],[-81.42,31.17],[-81.42,31.18],[-81.41,31.2],[-81.42,31.19],[-81.43,31.2],[-81.42,31.21],[-81.43,31.23],[-81.44,31.22],[-81.43,31.21],[-81.44,31.2],[-81.42,31.18],[-81.43,31.17],[-81.44,31.15],[-81.44,31.13],[-81.44,31.12],[-81.46,31.11],[-81.47,31.11],[-81.49,31.12],[-81.5,31.12],[-81.48,31.11],[-81.46,31.09],[-81.45,31.08],[-81.42,31.11],[-81.42,31.12],[-81.41,31.12],[-81.4,31.09],[-81.4,31.06],[-81.42,31.03],[-81.42,31.02],[-81.43,31.01],[-81.44,31.04],[-81.45,31.05],[-81.48,31.04],[-81.48,31.02],[-81.46,31.03],[-81.46,31.02],[-81.45,31.01],[-81.46,31],[-81.49,30.98],[-81.49,30.99],[-81.5,30.97],[-81.51,30.98],[-81.51,30.97],[-81.5,30.96],[-81.48,30.96],[-81.47,30.97],[-81.45,30.97],[-81.44,30.95],[-81.47,30.92],[-81.46,30.91],[-81.45,30.93],[-81.43,30.94],[-81.42,30.97],[-81.41,30.98],[-81.4,30.96],[-81.41,30.95],[-81.4,30.94],[-81.41,30.9],[-81.41,30.89],[-81.43,30.84],[-81.45,30.81],[-81.45,30.79],[-81.46,30.76],[-81.46,30.75],[-81.45,30.72],[-81.45,30.71],[-81.47,30.72],[-81.48,30.73],[-81.47,30.77],[-81.47,30.78],[-81.49,30.81],[-81.5,30.79],[-81.49,30.76],[-81.49,30.75],[-81.5,30.73],[-81.49,30.72],[-81.49,30.7],[-81.47,30.7],[-81.46,30.7],[-81.43,30.7],[-81.43,30.67],[-81.44,30.6],[-81.44,30.57],[-81.44,30.55],[-81.44,30.52],[-81.45,30.52],[-81.46,30.51],[-81.45,30.51],[-81.42,30.48],[-81.41,30.49],[-81.41,30.43],[-81.41,30.42],[-81.4,30.41],[-81.39,30.4],[-81.4,30.37],[-81.4,30.34],[-81.39,30.3],[-81.38,30.26],[-81.36,30.19],[-81.33,30.06],[-81.33,30.04],[-81.31,29.97],[-81.3,29.94],[-81.29,29.91],[-81.28,29.91],[-81.27,29.86],[-81.27,29.84],[-81.26,29.79],[-81.25,29.77],[-81.24,29.73],[-81.22,29.7],[-81.22,29.68],[-81.2,29.64],[-81.16,29.55],[-81.13,29.48],[-81.1,29.42],[-81.06,29.34],[-80.99,29.2],[-80.96,29.14],[-80.94,29.1],[-80.92,29.08],[-80.94,29.08],[-80.95,29.1],[-80.95,29.11],[-80.96,29.13],[-80.97,29.14],[-80.97,29.15],[-81.01,29.22],[-81.04,29.27],[-81.07,29.33],[-81.09,29.38],[-81.1,29.36],[-81.1,29.35],[-81.08,29.34],[-81.06,29.3],[-81.06,29.29],[-81.04,29.25],[-81.04,29.24],[-81.02,29.22],[-81.02,29.21],[-81.01,29.2],[-81,29.18],[-80.98,29.13],[-80.97,29.14],[-80.97,29.12],[-80.96,29.11],[-80.95,29.09],[-80.94,29.08],[-80.93,29.06],[-80.94,29.07],[-80.93,29.06],[-80.92,29.07],[-80.91,29.07],[-80.9,29.05],[-80.87,28.99],[-80.84,28.95],[-80.84,28.94],[-80.84,28.95],[-80.85,28.96],[-80.87,28.96],[-80.87,28.97],[-80.89,28.97],[-80.89,28.98],[-80.89,28.99],[-80.9,29],[-80.9,29.01],[-80.91,29],[-80.89,28.98],[-80.89,28.97],[-80.87,28.96],[-80.87,28.95],[-80.87,28.94],[-80.86,28.92],[-80.86,28.91],[-80.85,28.92],[-80.85,28.91],[-80.85,28.89],[-80.83,28.85],[-80.78,28.78],[-80.78,28.77],[-80.77,28.76],[-80.75,28.74],[-80.71,28.69],[-80.69,28.67],[-80.67,28.66],[-80.66,28.67],[-80.65,28.66],[-80.65,28.68],[-80.62,28.64],[-80.58,28.59],[-80.57,28.57],[-80.56,28.54],[-80.56,28.52],[-80.53,28.46],[-80.53,28.45],[-80.54,28.45],[-80.57,28.43],[-80.58,28.41],[-80.6,28.41],[-80.59,28.4],[-80.6,28.37],[-80.61,28.34],[-80.61,28.28],[-80.63,28.3],[-80.63,28.31],[-80.64,28.31],[-80.64,28.32],[-80.63,28.32],[-80.63,28.33],[-80.63,28.34],[-80.61,28.35],[-80.62,28.37],[-80.61,28.37],[-80.61,28.39],[-80.62,28.39],[-80.62,28.4],[-80.64,28.4],[-80.63,28.42],[-80.6,28.42],[-80.6,28.47],[-80.59,28.49],[-80.59,28.5],[-80.58,28.52],[-80.6,28.53],[-80.59,28.54],[-80.59,28.57],[-80.6,28.57],[-80.61,28.56],[-80.62,28.53],[-80.64,28.5],[-80.65,28.46],[-80.66,28.44],[-80.67,28.39],[-80.67,28.38],[-80.66,28.36],[-80.66,28.35],[-80.66,28.32],[-80.67,28.34],[-80.67,28.36],[-80.68,28.37],[-80.68,28.36],[-80.68,28.34],[-80.67,28.3],[-80.66,28.25],[-80.65,28.22],[-80.62,28.18],[-80.65,28.23],[-80.67,28.27],[-80.69,28.33],[-80.7,28.34],[-80.72,28.39],[-80.72,28.41],[-80.72,28.44],[-80.72,28.47],[-80.73,28.49],[-80.73,28.51],[-80.73,28.53],[-80.73,28.55],[-80.72,28.56],[-80.72,28.58],[-80.72,28.59],[-80.73,28.6],[-80.76,28.6],[-80.77,28.61],[-80.78,28.62],[-80.78,28.63],[-80.76,28.64],[-80.78,28.65],[-80.78,28.67],[-80.79,28.68],[-80.78,28.69],[-80.76,28.69],[-80.76,28.7],[-80.75,28.7],[-80.74,28.72],[-80.76,28.73],[-80.77,28.74],[-80.78,28.75],[-80.79,28.75],[-80.8,28.77],[-80.81,28.78],[-80.84,28.8],[-80.85,28.79],[-80.84,28.77],[-80.84,28.76],[-80.84,28.72],[-80.83,28.7],[-80.82,28.66],[-80.82,28.65],[-80.82,28.63],[-80.8,28.62],[-80.81,28.6],[-80.8,28.57],[-80.8,28.56],[-80.78,28.54],[-80.78,28.53],[-80.78,28.52],[-80.78,28.5],[-80.77,28.47],[-80.76,28.47],[-80.76,28.45],[-80.76,28.44],[-80.73,28.36],[-80.71,28.33],[-80.69,28.28],[-80.69,28.27],[-80.67,28.24],[-80.66,28.19],[-80.65,28.18],[-80.64,28.16],[-80.62,28.13],[-80.62,28.11],[-80.59,28.06],[-80.59,28.05],[-80.58,28.03],[-80.57,28.01],[-80.54,27.96],[-80.53,27.95],[-80.51,27.9],[-80.49,27.86],[-80.49,27.85],[-80.48,27.84],[-80.46,27.8],[-80.4,27.71],[-80.38,27.66],[-80.37,27.62],[-80.36,27.59],[-80.36,27.58],[-80.36,27.56],[-80.34,27.51],[-80.33,27.47],[-80.32,27.46],[-80.32,27.44],[-80.3,27.4],[-80.27,27.33],[-80.24,27.27],[-80.23,27.25],[-80.19,27.19],[-80.2,27.19],[-80.21,27.22],[-80.23,27.22],[-80.24,27.21],[-80.27,27.21],[-80.28,27.22],[-80.28,27.23],[-80.3,27.24],[-80.31,27.24],[-80.3,27.23],[-80.28,27.21],[-80.27,27.21],[-80.27,27.2],[-80.27,27.19],[-80.26,27.16],[-80.26,27.17],[-80.26,27.19],[-80.26,27.2],[-80.25,27.2],[-80.22,27.2],[-80.21,27.19],[-80.2,27.18],[-80.2,27.17],[-80.19,27.16],[-80.16,27.17],[-80.16,27.16],[-80.14,27.13],[-80.14,27.12],[-80.14,27.11],[-80.12,27.08],[-80.11,27.05],[-80.09,27.02],[-80.09,27],[-80.08,26.97],[-80.08,26.96],[-80.07,26.93],[-80.05,26.86],[-80.04,26.83],[-80.05,26.82],[-80.06,26.82],[-80.05,26.79],[-80.04,26.78],[-80.05,26.78],[-80.05,26.74],[-80.05,26.71],[-80.05,26.66],[-80.05,26.64],[-80.05,26.62],[-80.05,26.61],[-80.05,26.58],[-80.05,26.54],[-80.05,26.53],[-80.06,26.46],[-80.06,26.43],[-80.07,26.34],[-80.07,26.32],[-80.08,26.26],[-80.09,26.24],[-80.1,26.17],[-80.1,26.14],[-80.11,26.1],[-80.11,26.09],[-80.12,25.98],[-80.12,25.95],[-80.12,25.9],[-80.12,25.87],[-80.12,25.83],[-80.12,25.81],[-80.13,25.8],[-80.13,25.77],[-80.14,25.77],[-80.15,25.79],[-80.14,25.81],[-80.18,25.81],[-80.19,25.8],[-80.18,25.79],[-80.18,25.78],[-80.19,25.76],[-80.21,25.74],[-80.23,25.73],[-80.25,25.71],[-80.25,25.7],[-80.25,25.69],[-80.26,25.69],[-80.26,25.68],[-80.26,25.67],[-80.27,25.64],[-80.28,25.63],[-80.3,25.63],[-80.31,25.6],[-80.31,25.59],[-80.3,25.57],[-80.31,25.55],[-80.33,25.53],[-80.33,25.52],[-80.34,25.5],[-80.34,25.48],[-80.34,25.46],[-80.33,25.44],[-80.33,25.4],[-80.32,25.39],[-80.31,25.38],[-80.31,25.37],[-80.33,25.36],[-80.34,25.33],[-80.34,25.32],[-80.37,25.32],[-80.38,25.3],[-80.39,25.3],[-80.4,25.29],[-80.4,25.28],[-80.41,25.27],[-80.42,25.27],[-80.43,25.26],[-80.43,25.25],[-80.42,25.24],[-80.43,25.23],[-80.42,25.23],[-80.41,25.21],[-80.39,25.2],[-80.39,25.19],[-80.42,25.2],[-80.42,25.21],[-80.43,25.23],[-80.44,25.23],[-80.44,25.24],[-80.46,25.24],[-80.46,25.23],[-80.48,25.23],[-80.46,25.22],[-80.45,25.21],[-80.45,25.2],[-80.45,25.19],[-80.47,25.21],[-80.48,25.21],[-80.5,25.2],[-80.51,25.22],[-80.52,25.22],[-80.54,25.21],[-80.55,25.21],[-80.56,25.21],[-80.58,25.21],[-80.58,25.2],[-80.59,25.19],[-80.6,25.19],[-80.6,25.2],[-80.65,25.19],[-80.66,25.18],[-80.65,25.18],[-80.65,25.16],[-80.66,25.17],[-80.68,25.16],[-80.68,25.17],[-80.69,25.17],[-80.7,25.15],[-80.72,25.16],[-80.75,25.16],[-80.73,25.14],[-80.74,25.14],[-80.76,25.16],[-80.78,25.16],[-80.78,25.17],[-80.8,25.16],[-80.8,25.18],[-80.81,25.18],[-80.81,25.17],[-80.83,25.16],[-80.84,25.17],[-80.85,25.18],[-80.87,25.18],[-80.88,25.17],[-80.9,25.16],[-80.9,25.14],[-80.92,25.14],[-80.95,25.13],[-80.96,25.14],[-80.97,25.13],[-81,25.12],[-81.03,25.13],[-81.06,25.13],[-81.08,25.12],[-81.09,25.12],[-81.1,25.13],[-81.11,25.15],[-81.13,25.16],[-81.14,25.16],[-81.14,25.18],[-81.14,25.17],[-81.13,25.16],[-81.12,25.16],[-81.1,25.15],[-81.09,25.14],[-81.08,25.15],[-81.11,25.16],[-81.14,25.18],[-81.15,25.21],[-81.17,25.22],[-81.17,25.24],[-81.17,25.27],[-81.16,25.28],[-81.16,25.29],[-81.16,25.3],[-81.15,25.31],[-81.14,25.33],[-81.15,25.33],[-81.14,25.34],[-81.12,25.34],[-81.11,25.34],[-81.1,25.34],[-81.11,25.34],[-81.1,25.34],[-81.11,25.34],[-81.12,25.36],[-81.12,25.38],[-81.14,25.38],[-81.15,25.39],[-81.15,25.41],[-81.17,25.45],[-81.17,25.47],[-81.18,25.48],[-81.19,25.48],[-81.21,25.51],[-81.2,25.54],[-81.19,25.54],[-81.19,25.55],[-81.2,25.56],[-81.22,25.55],[-81.23,25.57],[-81.22,25.58],[-81.23,25.59],[-81.24,25.6],[-81.25,25.63],[-81.25,25.64],[-81.27,25.65],[-81.27,25.66],[-81.28,25.68],[-81.28,25.69],[-81.27,25.7],[-81.29,25.71],[-81.3,25.7],[-81.32,25.7],[-81.33,25.72],[-81.34,25.72],[-81.34,25.75],[-81.34,25.76],[-81.35,25.76],[-81.36,25.77],[-81.36,25.78],[-81.37,25.79],[-81.34,25.79],[-81.34,25.78],[-81.32,25.78],[-81.34,25.79],[-81.35,25.82],[-81.37,25.83],[-81.38,25.84],[-81.39,25.85],[-81.41,25.86],[-81.43,25.87],[-81.44,25.86],[-81.46,25.87],[-81.47,25.88],[-81.47,25.89],[-81.5,25.89],[-81.51,25.88],[-81.5,25.87],[-81.48,25.87],[-81.44,25.85],[-81.44,25.86],[-81.42,25.85],[-81.42,25.84],[-81.38,25.82],[-81.39,25.81],[-81.4,25.81],[-81.42,25.81],[-81.43,25.81],[-81.44,25.81],[-81.43,25.82],[-81.44,25.82],[-81.44,25.84],[-81.43,25.84],[-81.43,25.83],[-81.42,25.83],[-81.41,25.83],[-81.42,25.83],[-81.43,25.83],[-81.43,25.84],[-81.44,25.84],[-81.46,25.82],[-81.47,25.84],[-81.48,25.84],[-81.48,25.85],[-81.49,25.85],[-81.5,25.85],[-81.49,25.84],[-81.51,25.84],[-81.52,25.84],[-81.52,25.85],[-81.53,25.87],[-81.53,25.88],[-81.54,25.88],[-81.55,25.87],[-81.56,25.86],[-81.57,25.87],[-81.56,25.88],[-81.56,25.89],[-81.58,25.89],[-81.59,25.89],[-81.61,25.89],[-81.61,25.92],[-81.59,25.92],[-81.61,25.92],[-81.62,25.9],[-81.64,25.9],[-81.63,25.91],[-81.64,25.92],[-81.64,25.94],[-81.65,25.93],[-81.64,25.92],[-81.64,25.9],[-81.66,25.9],[-81.67,25.9],[-81.68,25.91],[-81.68,25.92],[-81.68,25.93],[-81.69,25.93],[-81.7,25.92],[-81.69,25.91],[-81.71,25.91],[-81.71,25.92],[-81.72,25.91],[-81.73,25.91],[-81.73,25.93],[-81.75,25.96],[-81.74,25.97],[-81.73,25.97],[-81.71,25.96],[-81.69,25.95],[-81.68,25.95],[-81.7,25.96],[-81.69,25.97],[-81.67,25.96],[-81.66,25.97],[-81.68,25.97],[-81.69,25.97],[-81.7,25.98],[-81.71,25.98],[-81.72,25.98],[-81.73,25.98],[-81.75,25.98],[-81.75,26],[-81.76,26],[-81.78,26.04],[-81.78,26.05],[-81.8,26.09],[-81.81,26.17],[-81.82,26.17],[-81.82,26.21],[-81.82,26.24],[-81.84,26.31],[-81.85,26.34],[-81.86,26.36],[-81.87,26.37],[-81.86,26.38],[-81.85,26.36],[-81.85,26.35],[-81.84,26.35],[-81.84,26.4],[-81.85,26.4],[-81.85,26.42],[-81.86,26.44],[-81.86,26.45],[-81.87,26.45],[-81.88,26.46],[-81.88,26.44],[-81.91,26.44],[-81.91,26.45],[-81.92,26.44],[-81.92,26.43],[-81.93,26.44],[-81.95,26.45],[-81.96,26.46],[-81.96,26.47],[-81.97,26.48],[-82.01,26.49],[-82.01,26.5],[-82.01,26.52],[-82.02,26.53],[-82.04,26.53],[-82.05,26.54],[-82.06,26.55],[-82.06,26.57],[-82.05,26.57],[-82.05,26.58],[-82.05,26.6],[-82.05,26.62],[-82.06,26.63],[-82.08,26.68],[-82.08,26.69],[-82.08,26.71],[-82.07,26.73],[-82.06,26.77],[-82.06,26.79],[-82.05,26.8],[-82.06,26.82],[-82.06,26.84],[-82.06,26.87],[-82.06,26.88],[-82.09,26.89],[-82.1,26.92],[-82.09,26.93],[-82.07,26.93],[-82.05,26.94],[-82.04,26.94],[-82.03,26.95],[-82.01,26.95],[-81.99,26.97],[-81.99,26.98],[-81.98,26.99],[-81.99,26.98],[-82,26.98],[-82.01,26.97],[-82.05,26.97],[-82.06,26.95],[-82.07,26.96],[-82.09,26.96],[-82.1,26.95],[-82.11,26.96],[-82.12,26.95],[-82.12,26.94],[-82.14,26.92],[-82.15,26.92],[-82.17,26.93],[-82.17,26.95],[-82.18,26.95],[-82.18,26.97],[-82.21,26.96],[-82.23,26.97],[-82.23,26.98],[-82.24,27],[-82.25,27.01],[-82.26,27.01],[-82.27,27.01],[-82.26,27.01],[-82.24,26.98],[-82.24,26.97],[-82.23,26.96],[-82.22,26.96],[-82.21,26.95],[-82.18,26.93],[-82.16,26.86],[-82.15,26.8],[-82.15,26.79],[-82.16,26.78],[-82.17,26.79],[-82.17,26.82],[-82.18,26.81],[-82.18,26.79],[-82.2,26.8],[-82.21,26.79],[-82.22,26.8],[-82.25,26.81],[-82.26,26.83],[-82.29,26.84],[-82.28,26.83],[-82.28,26.82],[-82.32,26.87],[-82.33,26.88],[-82.34,26.89],[-82.34,26.9],[-82.32,26.88],[-82.32,26.89],[-82.33,26.91],[-82.33,26.92],[-82.35,26.94],[-82.36,26.95],[-82.39,26.98],[-82.39,26.99],[-82.41,27],[-82.42,27.02],[-82.43,27.04],[-82.44,27.06],[-82.46,27.1],[-82.47,27.12],[-82.48,27.15],[-82.47,27.14],[-82.47,27.15],[-82.49,27.16],[-82.49,27.18],[-82.49,27.19],[-82.5,27.2],[-82.5,27.21],[-82.51,27.24],[-82.52,27.24],[-82.51,27.22],[-82.51,27.21],[-82.53,27.24],[-82.54,27.24],[-82.54,27.26],[-82.56,27.27],[-82.57,27.28],[-82.56,27.29],[-82.54,27.28],[-82.54,27.32],[-82.54,27.33],[-82.55,27.33],[-82.55,27.35],[-82.56,27.37],[-82.57,27.4],[-82.58,27.41],[-82.6,27.43],[-82.62,27.43],[-82.64,27.44],[-82.66,27.44],[-82.66,27.45],[-82.69,27.47],[-82.69,27.48],[-82.67,27.48],[-82.66,27.47],[-82.64,27.47],[-82.65,27.48],[-82.64,27.5],[-82.65,27.5],[-82.66,27.49],[-82.69,27.49],[-82.69,27.51],[-82.67,27.52],[-82.64,27.52],[-82.63,27.51],[-82.58,27.5],[-82.56,27.5],[-82.55,27.5],[-82.51,27.51],[-82.5,27.52],[-82.49,27.52],[-82.49,27.51],[-82.48,27.52],[-82.48,27.53],[-82.5,27.53],[-82.51,27.53],[-82.51,27.52],[-82.54,27.51],[-82.58,27.51],[-82.6,27.52],[-82.61,27.52],[-82.62,27.52],[-82.63,27.54],[-82.61,27.54],[-82.6,27.53],[-82.58,27.55],[-82.57,27.55],[-82.58,27.57],[-82.59,27.56],[-82.6,27.56],[-82.59,27.57],[-82.59,27.58],[-82.61,27.58],[-82.58,27.59],[-82.57,27.61],[-82.57,27.63],[-82.54,27.67],[-82.52,27.7],[-82.51,27.7],[-82.49,27.71],[-82.47,27.71],[-82.46,27.71],[-82.47,27.71],[-82.47,27.72],[-82.48,27.72],[-82.47,27.73],[-82.48,27.74],[-82.46,27.75],[-82.44,27.76],[-82.43,27.78],[-82.42,27.79],[-82.41,27.79],[-82.41,27.81],[-82.39,27.82],[-82.4,27.83],[-82.4,27.87],[-82.4,27.88],[-82.41,27.9],[-82.43,27.9],[-82.43,27.91],[-82.41,27.93],[-82.41,27.94],[-82.43,27.95],[-82.43,27.93],[-82.43,27.92],[-82.43,27.91],[-82.43,27.9],[-82.46,27.91],[-82.46,27.94],[-82.49,27.92],[-82.49,27.9],[-82.48,27.89],[-82.49,27.87],[-82.48,27.86],[-82.47,27.84],[-82.47,27.82],[-82.48,27.82],[-82.54,27.83],[-82.54,27.85],[-82.55,27.86],[-82.53,27.87],[-82.53,27.89],[-82.54,27.88],[-82.53,27.91],[-82.54,27.92],[-82.53,27.93],[-82.53,27.94],[-82.55,27.94],[-82.54,27.95],[-82.55,27.96],[-82.57,27.97],[-82.61,27.98],[-82.64,28],[-82.64,28.02],[-82.67,28.02],[-82.66,28.02],[-82.68,28.03],[-82.69,28.03],[-82.68,28.01],[-82.69,27.98],[-82.69,27.97],[-82.7,27.96],[-82.72,27.95],[-82.73,27.94],[-82.67,27.91],[-82.66,27.91],[-82.65,27.91],[-82.63,27.89],[-82.62,27.88],[-82.61,27.87],[-82.6,27.86],[-82.59,27.83],[-82.6,27.81],[-82.61,27.8],[-82.62,27.79],[-82.63,27.78],[-82.62,27.76],[-82.63,27.76],[-82.62,27.73],[-82.63,27.72],[-82.64,27.71],[-82.65,27.7],[-82.68,27.71],[-82.7,27.71],[-82.71,27.71],[-82.69,27.73],[-82.7,27.74],[-82.71,27.74],[-82.73,27.75],[-82.75,27.75],[-82.74,27.74],[-82.74,27.72],[-82.73,27.72],[-82.73,27.7],[-82.74,27.69],[-82.74,27.72],[-82.76,27.75],[-82.76,27.76],[-82.75,27.77],[-82.74,27.77],[-82.75,27.79],[-82.76,27.81],[-82.76,27.82],[-82.77,27.83],[-82.78,27.84],[-82.77,27.83],[-82.77,27.82],[-82.77,27.8],[-82.78,27.81],[-82.79,27.81],[-82.81,27.83],[-82.83,27.83],[-82.82,27.82],[-82.81,27.82],[-82.8,27.81],[-82.79,27.81],[-82.79,27.8],[-82.78,27.8],[-82.78,27.78],[-82.77,27.79],[-82.76,27.78],[-82.75,27.77],[-82.76,27.76],[-82.77,27.76],[-82.77,27.77],[-82.78,27.78],[-82.79,27.79],[-82.83,27.82],[-82.84,27.84],[-82.85,27.85],[-82.85,27.88],[-82.85,27.9],[-82.84,27.93],[-82.83,27.93],[-82.84,27.91],[-82.83,27.91],[-82.82,27.92],[-82.81,27.94],[-82.81,27.95],[-82.8,27.99],[-82.79,28.02],[-82.79,28.03],[-82.78,28.05],[-82.79,28.06],[-82.78,28.08],[-82.77,28.08],[-82.78,28.08],[-82.78,28.1],[-82.77,28.1],[-82.78,28.12],[-82.79,28.17],[-82.8,28.17],[-82.79,28.17],[-82.78,28.17],[-82.77,28.16],[-82.78,28.17],[-82.8,28.18],[-82.8,28.19],[-82.79,28.2],[-82.78,28.21],[-82.77,28.21],[-82.76,28.22],[-82.76,28.23],[-82.76,28.24],[-82.75,28.25],[-82.75,28.26],[-82.74,28.27],[-82.73,28.29],[-82.74,28.31],[-82.73,28.33],[-82.72,28.35],[-82.72,28.36],[-82.7,28.37],[-82.71,28.4],[-82.69,28.41],[-82.7,28.42],[-82.68,28.42],[-82.67,28.44],[-82.67,28.46],[-82.67,28.47],[-82.67,28.49],[-82.67,28.51],[-82.66,28.51],[-82.66,28.54],[-82.65,28.56],[-82.65,28.58],[-82.64,28.58],[-82.66,28.59],[-82.66,28.6],[-82.65,28.62],[-82.66,28.63],[-82.67,28.63],[-82.66,28.64],[-82.67,28.64],[-82.66,28.67],[-82.65,28.68],[-82.64,28.68],[-82.65,28.7],[-82.65,28.71],[-82.66,28.7],[-82.68,28.71],[-82.69,28.72],[-82.7,28.72],[-82.69,28.73],[-82.68,28.74],[-82.67,28.74],[-82.65,28.76],[-82.67,28.76],[-82.68,28.75],[-82.69,28.75],[-82.69,28.76],[-82.68,28.77],[-82.7,28.77],[-82.7,28.78],[-82.69,28.79],[-82.7,28.8],[-82.71,28.8],[-82.7,28.81],[-82.71,28.82],[-82.71,28.83],[-82.7,28.83],[-82.71,28.83],[-82.72,28.83],[-82.73,28.85],[-82.71,28.88],[-82.7,28.87],[-82.68,28.87],[-82.67,28.86],[-82.66,28.86],[-82.66,28.85],[-82.65,28.84],[-82.64,28.86],[-82.65,28.86],[-82.66,28.86],[-82.66,28.87],[-82.66,28.89],[-82.65,28.89],[-82.64,28.89],[-82.65,28.89],[-82.66,28.91],[-82.67,28.9],[-82.68,28.91],[-82.69,28.93],[-82.71,28.93],[-82.71,28.95],[-82.72,28.95],[-82.72,28.96],[-82.73,28.97],[-82.73,28.98],[-82.74,29],[-82.76,28.99],[-82.76,29],[-82.75,29.03],[-82.75,29.02],[-82.75,29.03],[-82.76,29.04],[-82.76,29.05],[-82.76,29.06],[-82.77,29.06],[-82.79,29.08],[-82.81,29.08],[-82.82,29.1],[-82.8,29.11],[-82.8,29.12],[-82.8,29.15],[-82.82,29.16],[-82.83,29.16],[-82.85,29.16],[-82.88,29.16],[-82.9,29.17],[-82.93,29.17],[-82.94,29.17],[-82.95,29.17],[-82.98,29.17],[-82.99,29.18],[-83.01,29.17],[-83.03,29.17],[-83.04,29.17],[-83.06,29.17],[-83.07,29.2],[-83.06,29.21],[-83.08,29.22],[-83.06,29.23],[-83.07,29.24],[-83.08,29.27],[-83.11,29.27],[-83.11,29.28],[-83.13,29.28],[-83.17,29.29],[-83.17,29.31],[-83.17,29.32],[-83.17,29.33],[-83.17,29.35],[-83.18,29.36],[-83.19,29.36],[-83.2,29.38],[-83.21,29.38],[-83.2,29.39],[-83.21,29.4],[-83.22,29.42],[-83.23,29.43],[-83.27,29.43],[-83.28,29.44],[-83.29,29.44],[-83.3,29.45],[-83.31,29.47],[-83.33,29.48],[-83.34,29.49],[-83.36,29.5],[-83.38,29.5],[-83.38,29.51],[-83.4,29.52],[-83.4,29.53],[-83.4,29.54],[-83.4,29.55],[-83.41,29.58],[-83.41,29.6],[-83.4,29.6],[-83.41,29.63],[-83.4,29.65],[-83.41,29.66],[-83.4,29.67],[-83.42,29.67],[-83.44,29.68],[-83.45,29.68],[-83.46,29.68],[-83.48,29.69],[-83.49,29.7],[-83.5,29.71],[-83.53,29.72],[-83.55,29.73],[-83.56,29.74],[-83.57,29.76],[-83.58,29.76],[-83.58,29.77],[-83.58,29.79],[-83.59,29.8],[-83.59,29.82],[-83.6,29.83],[-83.62,29.84],[-83.64,29.88],[-83.68,29.91],[-83.69,29.92],[-83.73,29.95],[-83.75,29.96],[-83.77,29.97],[-83.79,29.98],[-83.81,29.98],[-83.82,29.98],[-83.83,29.98],[-83.84,29.99],[-83.86,30.01],[-83.88,30.01],[-83.91,30.03],[-83.92,30.04],[-83.93,30.04],[-83.94,30.05],[-83.95,30.05],[-83.95,30.06],[-83.97,30.07],[-83.98,30.08],[-84,30.09],[-84,30.1],[-84.02,30.1],[-84.06,30.1],[-84.09,30.09],[-84.1,30.1],[-84.12,30.09],[-84.14,30.09],[-84.15,30.08],[-84.17,30.07],[-84.18,30.08],[-84.17,30.09],[-84.19,30.09],[-84.2,30.11],[-84.21,30.1],[-84.24,30.09],[-84.24,30.1],[-84.26,30.11],[-84.27,30.09],[-84.27,30.07],[-84.28,30.06],[-84.29,30.06],[-84.31,30.07],[-84.32,30.07],[-84.34,30.07],[-84.35,30.06],[-84.36,30.06],[-84.36,30.05],[-84.36,30.03],[-84.36,30.02],[-84.37,30.02],[-84.37,30.03],[-84.38,30.04],[-84.39,30.03],[-84.38,30.01],[-84.37,30.01],[-84.36,30],[-84.36,29.99],[-84.34,29.97],[-84.36,29.97],[-84.39,29.98],[-84.4,29.98],[-84.44,29.99],[-84.44,29.96],[-84.43,29.96],[-84.42,29.97],[-84.4,29.96],[-84.38,29.96],[-84.37,29.95],[-84.36,29.95],[-84.34,29.94],[-84.33,29.93],[-84.34,29.91],[-84.35,29.9],[-84.37,29.9],[-84.36,29.91],[-84.4,29.92],[-84.45,29.93],[-84.47,29.92],[-84.49,29.91],[-84.51,29.92],[-84.53,29.91],[-84.57,29.89],[-84.6,29.88],[-84.65,29.85],[-84.66,29.85],[-84.66,29.84],[-84.69,29.83],[-84.71,29.82],[-84.72,29.81],[-84.74,29.8],[-84.76,29.79],[-84.78,29.78],[-84.8,29.77],[-84.82,29.76],[-84.84,29.76],[-84.87,29.74],[-84.88,29.73],[-84.89,29.72],[-84.9,29.73],[-84.9,29.74],[-84.88,29.77],[-84.86,29.79],[-84.89,29.81],[-84.88,29.79],[-84.92,29.78],[-84.93,29.76],[-84.95,29.74],[-84.95,29.75],[-84.97,29.74],[-84.99,29.75],[-84.98,29.74],[-84.97,29.73],[-84.98,29.72],[-84.99,29.72],[-85.01,29.71],[-85.03,29.71],[-85.05,29.71],[-85.07,29.72],[-85.1,29.72],[-85.15,29.71],[-85.18,29.7],[-85.19,29.7],[-85.21,29.69],[-85.22,29.69],[-85.25,29.69],[-85.25,29.68],[-85.28,29.68],[-85.3,29.68],[-85.33,29.68],[-85.35,29.66],[-85.36,29.68],[-85.38,29.7],[-85.39,29.73],[-85.4,29.76],[-85.39,29.75],[-85.39,29.74],[-85.37,29.69],[-85.36,29.69],[-85.36,29.68],[-85.31,29.69],[-85.31,29.7],[-85.31,29.72],[-85.31,29.73],[-85.31,29.76],[-85.3,29.79],[-85.3,29.81],[-85.31,29.81],[-85.31,29.83],[-85.32,29.84],[-85.33,29.85],[-85.35,29.87],[-85.37,29.9],[-85.39,29.93],[-85.41,29.94],[-85.42,29.95],[-85.45,29.96],[-85.48,29.96],[-85.5,29.97],[-85.52,29.98],[-85.51,29.98],[-85.49,29.98],[-85.54,30.02],[-85.54,30.03],[-85.57,30.04],[-85.58,30.04],[-85.59,30.05],[-85.6,30.06],[-85.61,30.07],[-85.62,30.08],[-85.64,30.08],[-85.66,30.1],[-85.67,30.11],[-85.68,30.12],[-85.69,30.13],[-85.67,30.14],[-85.66,30.12],[-85.65,30.12],[-85.64,30.12],[-85.62,30.13],[-85.62,30.11],[-85.61,30.1],[-85.6,30.09],[-85.59,30.1],[-85.58,30.09],[-85.56,30.09],[-85.53,30.08],[-85.53,30.07],[-85.54,30.06],[-85.51,30.05],[-85.5,30.03],[-85.48,30.02],[-85.43,30.02],[-85.44,30.03],[-85.44,30.04],[-85.41,30.03],[-85.4,30.04],[-85.4,30.05],[-85.41,30.05],[-85.43,30.06],[-85.46,30.03],[-85.48,30.03],[-85.49,30.05],[-85.49,30.08],[-85.49,30.09],[-85.51,30.09],[-85.52,30.09],[-85.52,30.12],[-85.51,30.13],[-85.52,30.13],[-85.56,30.12],[-85.57,30.13],[-85.57,30.12],[-85.59,30.12],[-85.61,30.13],[-85.62,30.14],[-85.65,30.14],[-85.66,30.15],[-85.67,30.16],[-85.7,30.17],[-85.71,30.18],[-85.72,30.18],[-85.73,30.18],[-85.73,30.19],[-85.71,30.2],[-85.7,30.22],[-85.69,30.23],[-85.69,30.24],[-85.68,30.25],[-85.66,30.25],[-85.66,30.26],[-85.64,30.25],[-85.61,30.26],[-85.6,30.27],[-85.59,30.27],[-85.59,30.29],[-85.58,30.3],[-85.58,30.32],[-85.58,30.33],[-85.59,30.32],[-85.6,30.28],[-85.61,30.27],[-85.62,30.28],[-85.64,30.27],[-85.65,30.26],[-85.65,30.28],[-85.67,30.26],[-85.7,30.26],[-85.71,30.24],[-85.72,30.24],[-85.74,30.27],[-85.76,30.3],[-85.78,30.29],[-85.8,30.3],[-85.81,30.29],[-85.85,30.29],[-85.85,30.28],[-85.85,30.27],[-85.85,30.25],[-85.85,30.23],[-85.83,30.23],[-85.82,30.23],[-85.82,30.24],[-85.8,30.25],[-85.76,30.24],[-85.77,30.23],[-85.76,30.22],[-85.74,30.22],[-85.75,30.2],[-85.75,30.18],[-85.74,30.16],[-85.73,30.16],[-85.71,30.15],[-85.72,30.14],[-85.73,30.14],[-85.75,30.15],[-85.76,30.16],[-85.75,30.15],[-85.73,30.13],[-85.74,30.12],[-85.78,30.16],[-85.8,30.17],[-85.88,30.21],[-85.93,30.24],[-85.97,30.26],[-85.99,30.27],[-86,30.27],[-86.06,30.29],[-86.07,30.3],[-86.14,30.32],[-86.27,30.36],[-86.33,30.37],[-86.38,30.38],[-86.44,30.38],[-86.47,30.38],[-86.5,30.38],[-86.52,30.4],[-86.5,30.41],[-86.49,30.42],[-86.47,30.41],[-86.45,30.4],[-86.44,30.41],[-86.43,30.4],[-86.41,30.4],[-86.37,30.39],[-86.35,30.39],[-86.33,30.39],[-86.32,30.42],[-86.31,30.42],[-86.3,30.4],[-86.27,30.4],[-86.26,30.39],[-86.24,30.39],[-86.24,30.4],[-86.25,30.41],[-86.27,30.42],[-86.26,30.43],[-86.25,30.43],[-86.23,30.42],[-86.2,30.4],[-86.16,30.38],[-86.14,30.38],[-86.12,30.38],[-86.11,30.39],[-86.12,30.4],[-86.13,30.42],[-86.15,30.43],[-86.16,30.44],[-86.16,30.46],[-86.19,30.46],[-86.2,30.48],[-86.21,30.49],[-86.22,30.48],[-86.24,30.47],[-86.25,30.49],[-86.3,30.47],[-86.33,30.48],[-86.36,30.46],[-86.37,30.46],[-86.39,30.45],[-86.41,30.46],[-86.42,30.45],[-86.44,30.48],[-86.45,30.49],[-86.47,30.48],[-86.49,30.5],[-86.48,30.48],[-86.49,30.47],[-86.51,30.46],[-86.53,30.46],[-86.54,30.45],[-86.55,30.43],[-86.56,30.43],[-86.59,30.43],[-86.58,30.45],[-86.6,30.43],[-86.62,30.43],[-86.6,30.43],[-86.59,30.43],[-86.59,30.41],[-86.59,30.4],[-86.58,30.39],[-86.63,30.4],[-86.66,30.4],[-86.73,30.39],[-86.77,30.39],[-86.83,30.38],[-86.87,30.38],[-86.89,30.38],[-87,30.36],[-87.01,30.35],[-87.16,30.33],[-87.16,30.34],[-87.13,30.34],[-87.08,30.35],[-87.06,30.35],[-87.05,30.36],[-87.04,30.35],[-87.02,30.36],[-86.99,30.36],[-86.94,30.37],[-86.84,30.39],[-86.81,30.39],[-86.76,30.39],[-86.73,30.4],[-86.68,30.4],[-86.68,30.41],[-86.7,30.41],[-86.72,30.41],[-86.75,30.4],[-86.77,30.41],[-86.78,30.41],[-86.79,30.4],[-86.82,30.41],[-86.83,30.4],[-86.84,30.4],[-86.86,30.4],[-86.91,30.4],[-86.95,30.39],[-86.96,30.39],[-87.02,30.38],[-87.04,30.38],[-87.06,30.38],[-87.1,30.37],[-87.15,30.36],[-87.16,30.35],[-87.18,30.35],[-87.18,30.34],[-87.2,30.36],[-87.18,30.37],[-87.16,30.37],[-87.14,30.37],[-87.13,30.39],[-87.09,30.4],[-87.08,30.4],[-87.05,30.4],[-87.01,30.4],[-86.98,30.42],[-86.95,30.44],[-86.93,30.46],[-86.95,30.46],[-86.97,30.47],[-86.99,30.49],[-87.01,30.5],[-87.01,30.52],[-87,30.53],[-87,30.55],[-86.98,30.57],[-86.99,30.58],[-87,30.58],[-87.02,30.6],[-87.01,30.58],[-87,30.57],[-87.02,30.55],[-87.03,30.54],[-87.05,30.51],[-87.05,30.5],[-87.06,30.47],[-87.07,30.45],[-87.08,30.45],[-87.09,30.44],[-87.1,30.45],[-87.09,30.48],[-87.1,30.5],[-87.1,30.51],[-87.1,30.52],[-87.11,30.52],[-87.13,30.53],[-87.13,30.55],[-87.14,30.55],[-87.14,30.56],[-87.15,30.58],[-87.16,30.58],[-87.18,30.58],[-87.19,30.58],[-87.19,30.56],[-87.18,30.56],[-87.19,30.54],[-87.18,30.53],[-87.16,30.52],[-87.16,30.5],[-87.15,30.49],[-87.16,30.48],[-87.16,30.47],[-87.17,30.45],[-87.18,30.42],[-87.19,30.42],[-87.21,30.41],[-87.24,30.4],[-87.27,30.38],[-87.29,30.37],[-87.3,30.38],[-87.31,30.37],[-87.32,30.37],[-87.3,30.37],[-87.27,30.37],[-87.26,30.35],[-87.27,30.34],[-87.28,30.35],[-87.31,30.34],[-87.32,30.34],[-87.32,30.33],[-87.34,30.33],[-87.35,30.33],[-87.37,30.33],[-87.39,30.32],[-87.41,30.3],[-87.47,30.29],[-87.54,30.28],[-87.49,30.3],[-87.48,30.3],[-87.46,30.3],[-87.45,30.3],[-87.44,30.31],[-87.45,30.31],[-87.46,30.31],[-87.47,30.31],[-87.45,30.32],[-87.43,30.33],[-87.42,30.34],[-87.41,30.35],[-87.42,30.36],[-87.43,30.35],[-87.44,30.36],[-87.43,30.38],[-87.43,30.39],[-87.43,30.4],[-87.41,30.4],[-87.4,30.4],[-87.39,30.41],[-87.38,30.41],[-87.35,30.42],[-87.34,30.44],[-87.36,30.45],[-87.37,30.46],[-87.39,30.45],[-87.4,30.45],[-87.41,30.46],[-87.43,30.47],[-87.43,30.46],[-87.4,30.44],[-87.4,30.43],[-87.41,30.42],[-87.43,30.42],[-87.44,30.4],[-87.45,30.4],[-87.45,30.38],[-87.46,30.36],[-87.49,30.34],[-87.5,30.35],[-87.5,30.36],[-87.5,30.35],[-87.5,30.34],[-87.52,30.35],[-87.51,30.34],[-87.52,30.32],[-87.53,30.32],[-87.54,30.31],[-87.57,30.31],[-87.58,30.3],[-87.58,30.32],[-87.58,30.34],[-87.58,30.35],[-87.59,30.33],[-87.6,30.34],[-87.61,30.33],[-87.6,30.32],[-87.6,30.31],[-87.62,30.3],[-87.58,30.29],[-87.57,30.3],[-87.55,30.3],[-87.52,30.31],[-87.52,30.3],[-87.54,30.29],[-87.56,30.29],[-87.56,30.28],[-87.56,30.27],[-87.58,30.27],[-87.64,30.25],[-87.66,30.25],[-87.73,30.24],[-87.8,30.23],[-87.81,30.25],[-87.8,30.25],[-87.77,30.26],[-87.74,30.29],[-87.73,30.26],[-87.72,30.27],[-87.72,30.28],[-87.74,30.29],[-87.73,30.3],[-87.76,30.29],[-87.78,30.32],[-87.8,30.33],[-87.83,30.35],[-87.84,30.37],[-87.84,30.38],[-87.82,30.4],[-87.82,30.41],[-87.83,30.41],[-87.85,30.39],[-87.84,30.38],[-87.86,30.38],[-87.9,30.4],[-87.91,30.41],[-87.91,30.44],[-87.92,30.47],[-87.94,30.48],[-87.93,30.5],[-87.92,30.51],[-87.91,30.53],[-87.9,30.55],[-87.9,30.56],[-87.91,30.58],[-87.91,30.62],[-87.92,30.63],[-87.91,30.65],[-87.93,30.65],[-87.93,30.67],[-87.95,30.67],[-87.95,30.66],[-87.96,30.67],[-87.96,30.69],[-87.97,30.71],[-87.99,30.7],[-88.01,30.72],[-88.01,30.73],[-88,30.75],[-87.99,30.76],[-88,30.77],[-88.01,30.77],[-88.02,30.76],[-88.02,30.72],[-88.02,30.71],[-88.03,30.7],[-88.01,30.68],[-88.02,30.68],[-88.02,30.67],[-88.03,30.66],[-88.04,30.65],[-88.05,30.66],[-88.06,30.64],[-88.06,30.63],[-88.06,30.61],[-88.15,30.74],[-89.1,31.99],[-89.39,32.41],[-90.18,33.61],[-90.45,33.97],[-90.74,34.28],[-91.06,34.53],[-91.5,34.72],[-91.98,34.82],[-92.5,34.87],[-93.05,34.86],[-93.61,34.82],[-94.19,34.75],[-94.77,34.66],[-95.35,34.54],[-95.93,34.4],[-96.51,34.22],[-97.01,34.03],[-97.5,33.81],[-97.98,33.56],[-98.46,33.3],[-98.91,33.01],[-99.35,32.71],[-99.77,32.38],[-100.16,32.03],[-100.53,31.62],[-100.86,31.19],[-101.15,30.73],[-101.4,30.25],[-101.6,29.77],[-101.63,29.77],[-101.64,29.76],[-101.65,29.76],[-101.66,29.77],[-101.67,29.77],[-101.69,29.77],[-101.71,29.76],[-101.72,29.78],[-101.73,29.77],[-101.74,29.78],[-101.75,29.78],[-101.78,29.79],[-101.79,29.78],[-101.8,29.78],[-101.81,29.79],[-101.8,29.8],[-101.81,29.81],[-101.82,29.81],[-101.82,29.79],[-101.83,29.79],[-101.85,29.8],[-101.85,29.81],[-101.87,29.8],[-101.88,29.8],[-101.91,29.8],[-101.92,29.78],[-101.93,29.79],[-101.94,29.8],[-101.95,29.8],[-101.96,29.8],[-101.97,29.81],[-101.98,29.82],[-101.98,29.8],[-102,29.81],[-102.01,29.8],[-102.04,29.8],[-102.04,29.79],[-102.06,29.79],[-102.08,29.79],[-102.12,29.79],[-102.12,29.8],[-102.14,29.8],[-102.16,29.81],[-102.17,29.82],[-102.18,29.83],[-102.18,29.84],[-102.19,29.85],[-102.19,29.84],[-102.21,29.84],[-102.22,29.84],[-102.23,29.85],[-102.24,29.85],[-102.26,29.85],[-102.26,29.86],[-102.28,29.86],[-102.29,29.87],[-102.3,29.88],[-102.32,29.88],[-102.33,29.86],[-102.34,29.87],[-102.35,29.85],[-102.36,29.84],[-102.36,29.83],[-102.37,29.82],[-102.38,29.77],[-102.41,29.77],[-102.43,29.77],[-102.46,29.77],[-102.47,29.78],[-102.48,29.78],[-102.49,29.78],[-102.5,29.78],[-102.51,29.78],[-102.51,29.77],[-102.52,29.76],[-102.54,29.75],[-102.56,29.75],[-102.56,29.76],[-102.57,29.77],[-102.57,29.76],[-102.59,29.75],[-102.6,29.75],[-102.62,29.74],[-102.63,29.74],[-102.64,29.73],[-102.68,29.74],[-102.69,29.72],[-102.69,29.7],[-102.7,29.69],[-102.69,29.67],[-102.71,29.67],[-102.72,29.65],[-102.72,29.64],[-102.74,29.63],[-102.74,29.61],[-102.74,29.59],[-102.77,29.6],[-102.77,29.59],[-102.76,29.57],[-102.77,29.57],[-102.78,29.56],[-102.78,29.54],[-102.79,29.54],[-102.8,29.53],[-102.81,29.52],[-102.8,29.48],[-102.82,29.48],[-102.82,29.46],[-102.82,29.45],[-102.83,29.44],[-102.83,29.42],[-102.83,29.41],[-102.82,29.4],[-102.83,29.39],[-102.85,29.37],[-102.84,29.36],[-102.86,29.35],[-102.88,29.35],[-102.88,29.34],[-102.89,29.31],[-102.89,29.29],[-102.9,29.28],[-102.91,29.26],[-102.89,29.25],[-102.87,29.24],[-102.87,29.22],[-102.89,29.21],[-102.91,29.21],[-102.92,29.19],[-102.94,29.19],[-102.95,29.18],[-102.97,29.19],[-102.99,29.18],[-103,29.18],[-103,29.16],[-103.01,29.15],[-103.02,29.12],[-103.04,29.11],[-103.03,29.1],[-103.04,29.1],[-103.06,29.1],[-103.06,29.09],[-103.07,29.09],[-103.08,29.08],[-103.08,29.07],[-103.09,29.06],[-103.1,29.06],[-103.11,29.04],[-103.1,29.02],[-103.11,29.01],[-103.12,28.99],[-103.12,28.98],[-103.14,28.98],[-103.15,28.97],[-103.17,28.97],[-103.17,28.98],[-103.19,28.98],[-103.23,28.99],[-103.25,28.98],[-103.26,28.99],[-103.28,28.98],[-103.29,28.98],[-103.29,29],[-103.3,29.01],[-103.31,29.01],[-103.31,29.03],[-103.33,29.02],[-103.34,29.02],[-103.34,29.03],[-103.33,29.03],[-103.33,29.04],[-103.35,29.04],[-103.36,29.02],[-103.37,29.02],[-103.39,29.03],[-103.41,29.04],[-103.43,29.05],[-103.44,29.06],[-103.45,29.06],[-103.45,29.07],[-103.46,29.07],[-103.47,29.06],[-103.48,29.07],[-103.47,29.09],[-103.49,29.1],[-103.5,29.12],[-103.52,29.12],[-103.53,29.14],[-103.55,29.15],[-103.56,29.16],[-103.58,29.15],[-103.6,29.15],[-103.61,29.16],[-103.64,29.16],[-103.65,29.16],[-103.66,29.17],[-103.68,29.18],[-103.72,29.18],[-103.73,29.19],[-103.75,29.22],[-103.76,29.23],[-103.77,29.22],[-103.78,29.23],[-103.78,29.26],[-103.79,29.27],[-103.8,29.26],[-103.81,29.27],[-103.82,29.27],[-103.85,29.28],[-103.88,29.29],[-103.89,29.28],[-103.9,29.29],[-103.92,29.29],[-103.94,29.29],[-103.97,29.3],[-104.02,29.31],[-104.03,29.32],[-104.05,29.33],[-104.07,29.34],[-104.09,29.35],[-104.11,29.37],[-104.14,29.38],[-104.15,29.39],[-104.17,29.39],[-104.17,29.41],[-104.18,29.42],[-104.18,29.43],[-104.2,29.44],[-104.21,29.45],[-104.22,29.46],[-104.21,29.48],[-104.22,29.49],[-104.23,29.48],[-104.24,29.5],[-104.25,29.51],[-104.26,29.51],[-104.27,29.52],[-104.29,29.52],[-104.31,29.52],[-104.32,29.53],[-104.33,29.52],[-104.36,29.54],[-104.38,29.54],[-104.39,29.56],[-104.4,29.57],[-104.47,29.61],[-104.48,29.63],[-104.5,29.64],[-104.51,29.63],[-104.51,29.65],[-104.53,29.66],[-104.54,29.67],[-104.55,29.7],[-104.55,29.73],[-104.56,29.74],[-104.57,29.75],[-104.57,29.77],[-104.57,29.78],[-104.58,29.78],[-104.58,29.8],[-104.6,29.82],[-104.61,29.82],[-104.61,29.84],[-104.63,29.86],[-104.63,29.87],[-104.65,29.88],[-104.66,29.89],[-104.66,29.9],[-104.68,29.91],[-104.69,29.93],[-104.68,29.96],[-104.68,29.97],[-104.69,30.01],[-104.69,30.02],[-104.7,30.02],[-104.7,30.03],[-104.7,30.04],[-104.71,30.05],[-104.7,30.07],[-104.69,30.08],[-104.69,30.1],[-104.69,30.11],[-104.7,30.13],[-104.69,30.14],[-104.69,30.15],[-104.69,30.16],[-104.69,30.18],[-104.7,30.19],[-104.71,30.22],[-104.71,30.24],[-104.72,30.26],[-104.73,30.26],[-104.75,30.26],[-104.75,30.28],[-104.76,30.28],[-104.76,30.3],[-104.77,30.3],[-104.78,30.31],[-104.8,30.33],[-104.81,30.33],[-104.82,30.35],[-104.81,30.36],[-104.82,30.38],[-104.84,30.38],[-104.86,30.39],[-104.86,30.41],[-104.85,30.42],[-104.86,30.43],[-104.87,30.44],[-104.87,30.48],[-104.87,30.49],[-104.87,30.5],[-104.88,30.51],[-104.88,30.52],[-104.88,30.53],[-104.89,30.54],[-104.9,30.57],[-104.91,30.58],[-104.92,30.59],[-104.92,30.6],[-104.93,30.6],[-104.96,30.61],[-104.98,30.61],[-104.98,30.62],[-104.99,30.66],[-105,30.67],[-105,30.68],[-105.01,30.69],[-105.03,30.68],[-105.04,30.69],[-105.05,30.68],[-105.06,30.7],[-105.08,30.71],[-105.09,30.72],[-105.1,30.72],[-105.11,30.74],[-105.12,30.75],[-105.14,30.76],[-105.16,30.75],[-105.16,30.77],[-105.17,30.78],[-105.18,30.78],[-105.2,30.79],[-105.21,30.78],[-105.22,30.79],[-105.21,30.8],[-105.22,30.81],[-105.23,30.8],[-105.24,30.8],[-105.26,30.8],[-105.28,30.82],[-105.3,30.82],[-105.3,30.81],[-105.32,30.82],[-105.32,30.83],[-105.34,30.84],[-105.35,30.84],[-105.36,30.85],[-105.38,30.85],[-105.39,30.85],[-105.4,30.88],[-105.42,30.9],[-105.45,30.91],[-105.47,30.93],[-105.48,30.94],[-105.49,30.94],[-105.5,30.96],[-105.51,30.97],[-105.52,30.97],[-105.53,30.98],[-105.55,30.99],[-105.57,31],[-105.57,31.02],[-105.58,31.03],[-105.58,31.05],[-105.59,31.06],[-105.6,31.07],[-105.6,31.08],[-105.62,31.09],[-105.65,31.1],[-105.65,31.12],[-105.68,31.13],[-105.71,31.14],[-105.72,31.16],[-105.75,31.17],[-105.77,31.17],[-105.78,31.17],[-105.79,31.2],[-105.8,31.2],[-105.82,31.23],[-105.81,31.42],[-105.73,33.69],[-105.7,34.25],[-105.65,34.82],[-105.57,35.37],[-105.45,35.94],[-105.3,36.51],[-105.13,37.07],[-104.6,38.73],[-104.43,39.28],[-104.3,39.82],[-104.2,40.36],[-104.15,40.87],[-104.19,41.38],[-104.32,41.84],[-104.53,42.28],[-104.8,42.7],[-105.12,43.09],[-105.48,43.43],[-105.88,43.73],[-106.33,43.97],[-106.83,44.13],[-107.36,44.22],[-107.92,44.25],[-108.5,44.25],[-109.08,44.21],[-109.66,44.14],[-110.24,44.05],[-110.82,43.92],[-111.38,43.75],[-111.88,43.55],[-112.37,43.31],[-112.84,43.05],[-113.29,42.76],[-113.71,42.44],[-114.09,42.1],[-114.42,41.73],[-114.69,41.32],[-114.89,40.86],[-115.04,40.36],[-115.14,39.85],[-115.31,38.78],[-115.41,38.24],[-115.53,37.71],[-115.68,37.2],[-115.87,36.7],[-116.09,36.23],[-116.36,35.78],[-116.69,35.36],[-117.06,34.96],[-117.47,34.59],[-117.89,34.23],[-118.39,33.83],[-118.39,33.84],[-118.41,33.87],[-118.44,33.95],[-118.45,33.96],[-118.45,33.97],[-118.46,33.97],[-118.48,33.98],[-118.48,33.99],[-118.52,34.02],[-118.54,34.04],[-118.57,34.04],[-118.59,34.04],[-118.64,34.04],[-118.67,34.04],[-118.68,34.03],[-118.71,34.03],[-118.73,34.03],[-118.76,34.03],[-118.78,34.02],[-118.8,34.01],[-118.81,34],[-118.83,34.02],[-118.85,34.03],[-118.87,34.04],[-118.94,34.04],[-118.96,34.05],[-118.98,34.06],[-118.99,34.07],[-119.01,34.07],[-119.04,34.08],[-119.06,34.09],[-119.09,34.1],[-119.11,34.1],[-119.12,34.1],[-119.14,34.11],[-119.17,34.13],[-119.2,34.14],[-119.21,34.15],[-119.23,34.17],[-119.26,34.22],[-119.27,34.24],[-119.27,34.25],[-119.28,34.27],[-119.3,34.27],[-119.34,34.29],[-119.35,34.3],[-119.37,34.32],[-119.39,34.32],[-119.4,34.33],[-119.42,34.34],[-119.43,34.36],[-119.44,34.36],[-119.46,34.37],[-119.48,34.37],[-119.49,34.38],[-119.52,34.39],[-119.54,34.4],[-119.56,34.42],[-119.57,34.41],[-119.6,34.42],[-119.62,34.42],[-119.64,34.42],[-119.67,34.42],[-119.68,34.41],[-119.71,34.4],[-119.73,34.4],[-119.79,34.42],[-119.83,34.42],[-119.84,34.41],[-119.86,34.41],[-119.88,34.41],[-119.89,34.42],[-119.9,34.42],[-119.93,34.43],[-119.96,34.44],[-120,34.46],[-120.03,34.46],[-120.1,34.46],[-120.12,34.47],[-120.15,34.47],[-120.17,34.47],[-120.23,34.47],[-120.26,34.47],[-120.28,34.47],[-120.29,34.47],[-120.34,34.46],[-120.35,34.46],[-120.42,34.45],[-120.44,34.45],[-120.46,34.44],[-120.47,34.45],[-120.47,34.47],[-120.48,34.48],[-120.5,34.5],[-120.5,34.51],[-120.51,34.52],[-120.54,34.54],[-120.55,34.54],[-120.58,34.56],[-120.61,34.56],[-120.62,34.55],[-120.64,34.56],[-120.65,34.58],[-120.64,34.59],[-120.64,34.6],[-120.62,34.65],[-120.6,34.69],[-120.6,34.71],[-120.62,34.73],[-120.63,34.74],[-120.64,34.76],[-120.63,34.78],[-120.62,34.8],[-120.61,34.84],[-120.61,34.85],[-120.62,34.87],[-120.64,34.88],[-120.64,34.9],[-120.65,34.9],[-120.67,34.9],[-120.66,34.92],[-120.67,34.93],[-120.66,34.94],[-120.65,34.97],[-120.65,34.98],[-120.64,35.01],[-120.63,35.07],[-120.63,35.1],[-120.64,35.12],[-120.65,35.15],[-120.66,35.15],[-120.67,35.15],[-120.7,35.17],[-120.73,35.18],[-120.75,35.18],[-120.76,35.17],[-120.77,35.16],[-120.79,35.18],[-120.85,35.2],[-120.87,35.22],[-120.88,35.23],[-120.9,35.25],[-120.9,35.26],[-120.89,35.28],[-120.88,35.3],[-120.87,35.33],[-120.86,35.32],[-120.84,35.32],[-120.83,35.34],[-120.84,35.34],[-120.86,35.37],[-120.86,35.38],[-120.87,35.4],[-120.89,35.43],[-120.91,35.45],[-120.94,35.44],[-120.95,35.45],[-120.97,35.46],[-121.01,35.46],[-121.03,35.48],[-121.04,35.49],[-121.05,35.5],[-121.06,35.51],[-121.1,35.55],[-121.11,35.58],[-121.12,35.58],[-121.13,35.6],[-121.14,35.6],[-121.16,35.63],[-121.18,35.64],[-121.21,35.64],[-121.22,35.65],[-121.24,35.65],[-121.26,35.66],[-121.28,35.67],[-121.29,35.67],[-121.29,35.69],[-121.31,35.71],[-121.32,35.73],[-121.32,35.76],[-121.33,35.76],[-121.33,35.77],[-121.33,35.78],[-121.36,35.81],[-121.39,35.83],[-121.42,35.86],[-121.45,35.87],[-121.47,35.89],[-121.46,35.9],[-121.47,35.92],[-121.49,35.96],[-121.49,35.98],[-121.5,36],[-121.53,36.01],[-121.57,36.02],[-121.59,36.05],[-121.59,36.07],[-121.6,36.07],[-121.62,36.09],[-121.62,36.1],[-121.64,36.12],[-121.64,36.13],[-121.66,36.15],[-121.68,36.16],[-121.7,36.17],[-121.72,36.19],[-121.75,36.21],[-121.77,36.22],[-121.8,36.23],[-121.81,36.23],[-121.84,36.25],[-121.84,36.26],[-121.85,36.27],[-121.86,36.28],[-121.88,36.29],[-121.9,36.31],[-121.9,36.32],[-121.89,36.34],[-121.91,36.36],[-121.9,36.38],[-121.91,36.4],[-121.92,36.4],[-121.92,36.42],[-121.91,36.43],[-121.93,36.45],[-121.93,36.46],[-121.94,36.47],[-121.94,36.49],[-121.94,36.5],[-121.94,36.51],[-121.95,36.52],[-121.93,36.53],[-121.93,36.54],[-121.93,36.56],[-121.95,36.57],[-121.95,36.56],[-121.97,36.57],[-121.98,36.58],[-121.96,36.59],[-121.96,36.61],[-121.94,36.62],[-121.94,36.64],[-121.92,36.63],[-121.9,36.62],[-121.89,36.6],[-121.87,36.61],[-121.84,36.63],[-121.82,36.67],[-121.81,36.69],[-121.81,36.71],[-121.8,36.76],[-121.79,36.81],[-121.8,36.84],[-121.83,36.88],[-121.87,36.93],[-121.88,36.95],[-121.9,36.96],[-121.92,36.97],[-121.94,36.98],[-121.98,36.95],[-121.98,36.96],[-122.02,36.96],[-122.03,36.95],[-122.07,36.95],[-122.11,36.96],[-122.12,36.97],[-122.14,36.97],[-122.14,36.98],[-122.15,36.98],[-122.16,36.98],[-122.18,37],[-122.19,37.01],[-122.22,37.03],[-122.23,37.04],[-122.25,37.06],[-122.26,37.08],[-122.29,37.1],[-122.31,37.12],[-122.33,37.11],[-122.34,37.12],[-122.34,37.14],[-122.36,37.15],[-122.36,37.16],[-122.38,37.18],[-122.4,37.18],[-122.41,37.2],[-122.41,37.23],[-122.42,37.24],[-122.41,37.27],[-122.41,37.3],[-122.4,37.34],[-122.4,37.36],[-122.41,37.37],[-122.42,37.39],[-122.42,37.4],[-122.44,37.43],[-122.45,37.47],[-122.46,37.5],[-122.48,37.5],[-122.5,37.5],[-122.52,37.52],[-122.52,37.54],[-122.51,37.56],[-122.52,37.58],[-122.52,37.59],[-122.5,37.6],[-122.5,37.62],[-122.49,37.63],[-122.49,37.66],[-122.5,37.69],[-122.51,37.72],[-122.51,37.78],[-122.51,37.79],[-122.49,37.79],[-122.48,37.81],[-122.46,37.81],[-122.41,37.81],[-122.4,37.81],[-122.38,37.79],[-122.38,37.75],[-122.36,37.73],[-122.37,37.72],[-122.38,37.71],[-122.39,37.71],[-122.39,37.68],[-122.38,37.65],[-122.39,37.64],[-122.38,37.63],[-122.35,37.61],[-122.37,37.6],[-122.36,37.59],[-122.34,37.59],[-122.33,37.59],[-122.32,37.59],[-122.31,37.58],[-122.29,37.57],[-122.26,37.57],[-122.25,37.56],[-122.24,37.55],[-122.23,37.55],[-122.23,37.54],[-122.2,37.54],[-122.2,37.53],[-122.21,37.51],[-122.2,37.52],[-122.17,37.5],[-122.17,37.48],[-122.15,37.48],[-122.14,37.49],[-122.13,37.49],[-122.12,37.47],[-122.1,37.46],[-122.09,37.45],[-122.07,37.45],[-122.07,37.43],[-122.02,37.42],[-122.02,37.43],[-122.04,37.44],[-122.03,37.46],[-122.05,37.47],[-122.05,37.49],[-122.06,37.5],[-122.09,37.5],[-122.1,37.5],[-122.11,37.5],[-122.11,37.53],[-122.13,37.56],[-122.15,37.59],[-122.15,37.6],[-122.15,37.62],[-122.16,37.66],[-122.17,37.68],[-122.18,37.68],[-122.2,37.71],[-122.22,37.7],[-122.25,37.72],[-122.25,37.73],[-122.26,37.74],[-122.24,37.75],[-122.21,37.74],[-122.21,37.75],[-122.22,37.76],[-122.24,37.75],[-122.32,37.78],[-122.33,37.78],[-122.33,37.8],[-122.32,37.8],[-122.32,37.81],[-122.31,37.82],[-122.3,37.83],[-122.3,37.86],[-122.32,37.86],[-122.32,37.89],[-122.32,37.91],[-122.33,37.91],[-122.36,37.91],[-122.39,37.91],[-122.39,37.92],[-122.4,37.93],[-122.41,37.93],[-122.41,37.94],[-122.43,37.96],[-122.41,37.96],[-122.4,37.95],[-122.38,37.97],[-122.37,37.98],[-122.36,37.99],[-122.37,38.01],[-122.35,38.01],[-122.33,38],[-122.32,38.01],[-122.3,38.01],[-122.28,38.03],[-122.27,38.04],[-122.26,38.05],[-122.24,38.06],[-122.22,38.06],[-122.19,38.05],[-122.17,38.03],[-122.15,38.02],[-122.13,38.03],[-122.11,38.04],[-122.07,38.05],[-122.05,38.05],[-122.03,38.06],[-122.02,38.06],[-121.99,38.05],[-121.98,38.05],[-121.95,38.05],[-121.94,38.06],[-121.92,38.06],[-121.92,38.07],[-121.91,38.08],[-121.97,38.07],[-121.98,38.08],[-122.02,38.09],[-121.99,38.11],[-121.99,38.12],[-122,38.14],[-122.05,38.14],[-122.06,38.14],[-122.07,38.11],[-122.07,38.1],[-122.12,38.06],[-122.13,38.04],[-122.16,38.04],[-122.16,38.05],[-122.19,38.07],[-122.19,38.06],[-122.21,38.07],[-122.23,38.07],[-122.25,38.08],[-122.25,38.07],[-122.27,38.07],[-122.29,38.09],[-122.3,38.1],[-122.33,38.12],[-122.37,38.14],[-122.4,38.14],[-122.42,38.13],[-122.44,38.12],[-122.48,38.11],[-122.49,38.11],[-122.48,38.1],[-122.48,38.07],[-122.5,38.04],[-122.5,38.02],[-122.48,38.01],[-122.46,38],[-122.45,37.99],[-122.46,37.98],[-122.47,37.98],[-122.48,37.97],[-122.49,37.96],[-122.49,37.94],[-122.51,37.94],[-122.5,37.93],[-122.49,37.92],[-122.47,37.92],[-122.48,37.91],[-122.44,37.88],[-122.46,37.87],[-122.46,37.86],[-122.47,37.87],[-122.47,37.88],[-122.49,37.89],[-122.5,37.89],[-122.49,37.87],[-122.48,37.86],[-122.48,37.85],[-122.47,37.83],[-122.48,37.83],[-122.5,37.82],[-122.52,37.82],[-122.55,37.84],[-122.56,37.85],[-122.59,37.86],[-122.6,37.87],[-122.63,37.88],[-122.64,37.9],[-122.66,37.91],[-122.68,37.93],[-122.68,37.91],[-122.7,37.89],[-122.72,37.9],[-122.74,37.93],[-122.77,37.94],[-122.78,37.95],[-122.79,37.97],[-122.8,37.98],[-122.81,37.99],[-122.82,38],[-122.86,38.02],[-122.89,38.03],[-122.9,38.03],[-122.91,38.03],[-122.93,38.04],[-122.93,38.05],[-122.92,38.06],[-122.94,38.07],[-122.95,38.06],[-122.95,38.05],[-122.94,38.03],[-122.96,38.03],[-122.98,38.02],[-122.98,38],[-123,37.99],[-123.01,38],[-123,38.03],[-122.96,38.11],[-122.95,38.12],[-122.96,38.12],[-122.95,38.15],[-122.95,38.18],[-122.97,38.18],[-122.97,38.2],[-122.98,38.21],[-122.99,38.23],[-122.98,38.23],[-122.96,38.21],[-122.95,38.2],[-122.92,38.17],[-122.91,38.16],[-122.91,38.15],[-122.88,38.12],[-122.84,38.09],[-122.83,38.09],[-122.85,38.11],[-122.86,38.12],[-122.86,38.13],[-122.87,38.14],[-122.89,38.15],[-122.89,38.16],[-122.92,38.19],[-122.93,38.21],[-122.94,38.22],[-122.95,38.22],[-122.95,38.23],[-122.97,38.24],[-122.97,38.25],[-122.98,38.27],[-122.99,38.27],[-123,38.3],[-123.02,38.31],[-123.04,38.31],[-123.05,38.3],[-123.06,38.3],[-123.08,38.32],[-123.07,38.33],[-123.07,38.35],[-123.09,38.39],[-123.1,38.41],[-123.12,38.42],[-123.13,38.45],[-123.15,38.46],[-123.18,38.48],[-123.21,38.5],[-123.22,38.5],[-123.24,38.51],[-123.25,38.51],[-123.27,38.52],[-123.27,38.53],[-123.3,38.54],[-123.31,38.56],[-123.33,38.56],[-123.34,38.57],[-123.35,38.59],[-123.37,38.61],[-123.39,38.63],[-123.41,38.66],[-123.42,38.67],[-123.44,38.68],[-123.43,38.69],[-123.44,38.7],[-123.47,38.72],[-123.48,38.72],[-123.5,38.74],[-123.52,38.74],[-123.53,38.76],[-123.58,38.8],[-123.59,38.8],[-123.61,38.82],[-123.65,38.85],[-123.66,38.87],[-123.68,38.88],[-123.69,38.89],[-123.7,38.9],[-123.71,38.91],[-123.73,38.92],[-123.73,38.93],[-123.74,38.96],[-123.73,38.95],[-123.71,38.98],[-123.7,39.01],[-123.69,39.02],[-123.69,39.06],[-123.71,39.08],[-123.71,39.1],[-123.72,39.12],[-123.72,39.13],[-123.73,39.14],[-123.74,39.16],[-123.75,39.18],[-123.76,39.19],[-123.77,39.19],[-123.78,39.21],[-123.78,39.24],[-123.79,39.27],[-123.8,39.28],[-123.8,39.29],[-123.8,39.3],[-123.81,39.31],[-123.8,39.32],[-123.82,39.33],[-123.83,39.35],[-123.82,39.39],[-123.82,39.41],[-123.81,39.42],[-123.82,39.44],[-123.8,39.47],[-123.8,39.49],[-123.79,39.51],[-123.78,39.53],[-123.77,39.55],[-123.77,39.57],[-123.79,39.6],[-123.78,39.62],[-123.79,39.63],[-123.79,39.66],[-123.79,39.67],[-123.79,39.68],[-123.81,39.71],[-123.83,39.72],[-123.83,39.73],[-123.84,39.75],[-123.84,39.78],[-123.85,39.83],[-123.88,39.84],[-123.91,39.86],[-123.93,39.91],[-123.95,39.92],[-123.98,39.96],[-124,39.97],[-124.03,40.01],[-124.06,40.02],[-124.07,40.02],[-124.08,40.03],[-124.08,40.06],[-124.09,40.08],[-124.11,40.1],[-124.13,40.11],[-124.17,40.12],[-124.19,40.13],[-124.22,40.16],[-124.23,40.17],[-124.26,40.18],[-124.27,40.2],[-124.29,40.2],[-124.32,40.23],[-124.33,40.24],[-124.35,40.25],[-124.36,40.26],[-124.36,40.28],[-124.35,40.31],[-124.35,40.33],[-124.36,40.34],[-124.37,40.38],[-124.37,40.39],[-124.39,40.41],[-124.4,40.42],[-124.41,40.44],[-124.39,40.47],[-124.38,40.5],[-124.39,40.51],[-124.37,40.54],[-124.34,40.59],[-124.32,40.64],[-124.3,40.67],[-124.26,40.72],[-124.27,40.7],[-124.24,40.69],[-124.22,40.69],[-124.22,40.7],[-124.21,40.71],[-124.22,40.72],[-124.22,40.74],[-124.2,40.75],[-124.2,40.77],[-124.19,40.79],[-124.18,40.8],[-124.15,40.81],[-124.13,40.81],[-124.09,40.82],[-124.08,40.83],[-124.09,40.85],[-124.1,40.86],[-124.12,40.85],[-124.14,40.86],[-124.15,40.87],[-124.17,40.84],[-124.17,40.83],[-124.18,40.81],[-124.2,40.79],[-124.22,40.76],[-124.23,40.77],[-124.18,40.83],[-124.16,40.87],[-124.15,40.89],[-124.13,40.93],[-124.12,41],[-124.11,41.03],[-124.13,41.05],[-124.15,41.06],[-124.16,41.07],[-124.16,41.09],[-124.16,41.1],[-124.16,41.12],[-124.17,41.13],[-124.16,41.14],[-124.14,41.14],[-124.13,41.16],[-124.11,41.22],[-124.11,41.24],[-124.1,41.27],[-124.09,41.29],[-124.08,41.33],[-124.07,41.39],[-124.06,41.44],[-124.07,41.47],[-124.08,41.51],[-124.08,41.53],[-124.07,41.54],[-124.09,41.55],[-124.1,41.57],[-124.1,41.59],[-124.11,41.59],[-124.1,41.6],[-124.12,41.62],[-124.12,41.64],[-124.13,41.66],[-124.14,41.69],[-124.14,41.71],[-124.15,41.73],[-124.17,41.74],[-124.18,41.74],[-124.2,41.74],[-124.22,41.75],[-124.26,41.78],[-124.24,41.79],[-124.22,41.83],[-124.22,41.85],[-124.21,41.89],[-124.21,41.91],[-124.2,41.92],[-124.2,41.94],[-124.21,41.95],[-124.21,41.96],[-124.2,41.98],[-124.21,42],[-124.24,42.02],[-124.25,42.03],[-124.26,42.04],[-124.27,42.05],[-124.29,42.04],[-124.31,42.06],[-124.32,42.08],[-124.33,42.09],[-124.35,42.1],[-124.36,42.12],[-124.35,42.13],[-124.37,42.16],[-124.36,42.16],[-124.36,42.18],[-124.37,42.19],[-124.38,42.21],[-124.38,42.22],[-124.39,42.23],[-124.41,42.25],[-124.41,42.26],[-124.41,42.29],[-124.41,42.31],[-124.42,42.32],[-124.43,42.32],[-124.42,42.37],[-124.43,42.41],[-124.44,42.44],[-124.42,42.46],[-124.43,42.48],[-124.42,42.5],[-124.41,42.52],[-124.4,42.54],[-124.39,42.57],[-124.4,42.59],[-124.4,42.62],[-124.41,42.65],[-124.41,42.66],[-124.45,42.68],[-124.46,42.69],[-124.46,42.72],[-124.48,42.73],[-124.49,42.74],[-124.51,42.73],[-124.51,42.75],[-124.52,42.8],[-124.54,42.82],[-124.56,42.83],[-124.55,42.84],[-124.54,42.85],[-124.53,42.88],[-124.52,42.88],[-124.49,42.93],[-124.47,42.97],[-124.46,43.01],[-124.44,43.06],[-124.43,43.1],[-124.44,43.11],[-124.42,43.13],[-124.4,43.18],[-124.39,43.21],[-124.4,43.22],[-124.39,43.24],[-123.95,43.22],[-123.34,43.2],[-122.74,43.21],[-122.15,43.25],[-121.58,43.32],[-121.02,43.42],[-120.46,43.54],[-119.34,43.83],[-118.23,44.15],[-117.68,44.32],[-117.13,44.5],[-116.59,44.69],[-116.05,44.9],[-115.54,45.13],[-115.04,45.38],[-114.58,45.68],[-114.18,45.99],[-113.81,46.33],[-113.48,46.7],[-113.18,47.08],[-112.91,47.48],[-112.69,47.9],[-112.54,48.31],[-112.45,48.74],[-112.46,49],[-112.37,49],[-112.18,49],[-112,49],[-111.77,49],[-111.51,49],[-111.24,49],[-110.99,49],[-110.76,49],[-110.47,49],[-110.27,49],[-110,49],[-109.74,49],[-109.43,49],[-109.25,49],[-108.94,49],[-108.66,49],[-108.44,49],[-108.31,49],[-108.02,49],[-107.95,49],[-107.53,49],[-107.33,49],[-107.24,49],[-107.18,49],[-106.94,49],[-106.78,49],[-106.54,49],[-106.23,49],[-106.11,49],[-106,49],[-105.61,49],[-105.26,49],[-105.09,49],[-104.8,49],[-104.41,49],[-104,49],[-103.79,49],[-103.53,49],[-103.24,49],[-103,49],[-102.94,49],[-102.7,49],[-102.52,49],[-102.27,49],[-102.19,49],[-102.02,49],[-101.82,49],[-101.56,49],[-101.26,49],[-100.96,49],[-100.7,49],[-100.47,49],[-100.29,49],[-100.18,49],[-99.95,49],[-99.73,49],[-99.5,49],[-99.24,49],[-99.01,49],[-99,49],[-98.79,49],[-98.53,49],[-98.2,49],[-97.85,49],[-97.64,49],[-97.48,49],[-97.25,49],[-96.99,49],[-96.78,49],[-96.5,49],[-96.33,49],[-96.18,49],[-95.98,49],[-95.75,49],[-95.5,49],[-95.26,49],[-95.38,48.54],[-95.41,48.09],[-95.37,47.62],[-95.28,47.16],[-95.13,46.71],[-94.94,46.27],[-94.71,45.86],[-94.44,45.48],[-94.11,45.15],[-93.68,44.84],[-93.2,44.59],[-92.67,44.39],[-92.12,44.21],[-91.55,44.06],[-90.97,43.93],[-90.38,43.81],[-89.79,43.7],[-89.19,43.6],[-88.6,43.52],[-88,43.47],[-87.42,43.44],[-86.84,43.45],[-86.27,43.52],[-85.75,43.65],[-85.25,43.82],[-84.75,44.04],[-84.27,44.28],[-83.8,44.55],[-83.34,44.84],[-82.91,45.15],[-82.62,45.38],[-82.53,45.34],[-82.45,45.03],[-82.43,44.96],[-82.42,44.91],[-82.36,44.66],[-82.31,44.43],[-82.26,44.17],[-82.21,43.95],[-82.15,43.71],[-82.12,43.59],[-82.29,43.25],[-82.33,43.18],[-82.42,43],[-82.41,42.97],[-82.42,42.96],[-82.44,42.94],[-82.45,42.93],[-82.46,42.9],[-82.47,42.86],[-82.48,42.8],[-82.47,42.77],[-82.47,42.76],[-82.48,42.74],[-82.48,42.71],[-82.5,42.68],[-82.51,42.66],[-82.51,42.64],[-82.52,42.61],[-82.55,42.59],[-82.58,42.57],[-82.58,42.56],[-82.6,42.55],[-82.62,42.56],[-82.64,42.55],[-82.66,42.54],[-82.67,42.53],[-82.83,42.37],[-82.87,42.36],[-82.87,42.33],[-82.9,42.33],[-82.9,42.34],[-82.93,42.34],[-82.96,42.34],[-83.05,42.32],[-83.07,42.31],[-83.08,42.3],[-83.1,42.28],[-83.11,42.24],[-83.12,42.23],[-83.12,42.21],[-83.13,42.18],[-83.13,42.17],[-83.13,42.16],[-83.12,42.13],[-83.12,42.12],[-83.13,42.1],[-83.13,42.09],[-83.14,42.06],[-83.15,42.03],[-83.07,41.86],[-82.88,41.77],[-82.68,41.68],[-82.57,41.68],[-82.41,41.68],[-82.23,41.76],[-82.07,41.83],[-81.93,41.89],[-81.64,42.02],[-81.46,42.11],[-81.26,42.21],[-80.65,42.3],[-80.51,42.32],[-80.07,42.39],[-79.92,42.45],[-79.76,42.51],[-79,42.81],[-78.94,42.83],[-78.91,42.88],[-78.91,42.91],[-78.91,42.92],[-78.92,42.94],[-78.93,42.96],[-78.96,42.96],[-79.01,42.98],[-79.02,43],[-79.02,43.02],[-79.01,43.03],[-79,43.06],[-79.02,43.07],[-79.04,43.07],[-79.06,43.07],[-79.07,43.08],[-79.06,43.11],[-79.07,43.12],[-79.05,43.14],[-79.04,43.15],[-79.05,43.17],[-79.05,43.2],[-79.06,43.21],[-79.06,43.25],[-79.07,43.26],[-79.2,43.45],[-79.14,43.47],[-78.68,43.63],[-77.49,43.63],[-76.8,43.63],[-76.67,43.79],[-76.77,43.61],[-76.96,43.11],[-77.11,42.61],[-77.18,42.11],[-77.16,41.63],[-77.05,41.21],[-76.86,40.81],[-76.6,40.42],[-76.3,40.05],[-75.96,39.71],[-75.59,39.38],[-75.41,39.25],[-75.4,39.24],[-75.41,39.23],[-75.4,39.22],[-75.4,39.19],[-75.41,39.17],[-75.41,39.15],[-75.4,39.1],[-75.4,39.07],[-75.39,39.05],[-75.37,39.04],[-75.34,39.02],[-75.32,38.99],[-75.31,38.97],[-75.31,38.94],[-75.32,38.94],[-75.3,38.91],[-75.27,38.88],[-75.26,38.87],[-75.23,38.85],[-75.22,38.83],[-75.18,38.8],[-75.16,38.79],[-75.13,38.78],[-75.11,38.78],[-75.09,38.8],[-75.08,38.78],[-75.08,38.74],[-75.07,38.7],[-75.07,38.67],[-75.06,38.61],[-75.09,38.61],[-75.07,38.63],[-75.08,38.64],[-75.08,38.65],[-75.07,38.66],[-75.08,38.69],[-75.13,38.69],[-75.14,38.67],[-75.13,38.64],[-75.15,38.65],[-75.16,38.66],[-75.15,38.65],[-75.15,38.64],[-75.12,38.63],[-75.1,38.63],[-75.11,38.62],[-75.16,38.61],[-75.16,38.6],[-75.18,38.59],[-75.21,38.59],[-75.23,38.59],[-75.22,38.59],[-75.21,38.59],[-75.19,38.59],[-75.19,38.57],[-75.2,38.57],[-75.2,38.56],[-75.2,38.57],[-75.18,38.57],[-75.17,38.58],[-75.16,38.58],[-75.15,38.59],[-75.13,38.59],[-75.11,38.59],[-75.1,38.58],[-75.1,38.57],[-75.09,38.56],[-75.1,38.57],[-75.08,38.58],[-75.07,38.59],[-75.08,38.61],[-75.06,38.61]],[[-122.28,37.79],[-122.25,37.78],[-122.25,37.79],[-122.28,37.79]],[[-122.19,37.51],[-122.21,37.51],[-122.21,37.49],[-122.18,37.49],[-122.18,37.5],[-122.19,37.51]],[[-76.29,36.8],[-76.31,36.79],[-76.31,36.78],[-76.29,36.8],[-76.29,36.82],[-76.29,36.8]],[[-76.12,35.77],[-76.08,35.77],[-76.1,35.8],[-76.12,35.79],[-76.12,35.77]],[[-77.68,34.35],[-77.67,34.36],[-77.68,34.37],[-77.68,34.35]],[[-79.42,33.04],[-79.41,33.06],[-79.42,33.07],[-79.43,33.07],[-79.42,33.04]],[[-79.79,32.81],[-79.78,32.8],[-79.77,32.81],[-79.78,32.82],[-79.79,32.82],[-79.76,32.84],[-79.77,32.85],[-79.79,32.83],[-79.79,32.81]],[[-80.97,29.09],[-80.98,29.08],[-80.97,29.08],[-80.96,29.08],[-80.96,29.09],[-80.97,29.09]],[[-81.94,26.46],[-81.93,26.45],[-81.93,26.46],[-81.94,26.47],[-81.95,26.47],[-81.94,26.46]],[[-81.76,26.05],[-81.76,26.04],[-81.74,26.02],[-81.75,26.01],[-81.74,26],[-81.73,25.99],[-81.74,26.01],[-81.74,26.02],[-81.74,26.03],[-81.75,26.04],[-81.76,26.04],[-81.76,26.05]],[[-81.6,25.93],[-81.62,25.93],[-81.61,25.92],[-81.6,25.92],[-81.6,25.93]],[[-80.14,25.87],[-80.14,25.88],[-80.14,25.89],[-80.12,25.9],[-80.13,25.91],[-80.14,25.9],[-80.16,25.88],[-80.17,25.87],[-80.17,25.85],[-80.15,25.85],[-80.14,25.86],[-80.13,25.87],[-80.14,25.87]],[[-81.07,25.35],[-81.08,25.34],[-81.09,25.35],[-81.09,25.33],[-81.09,25.34],[-81.09,25.33],[-81.08,25.33],[-81.1,25.32],[-81.09,25.31],[-81.09,25.3],[-81.07,25.28],[-81.07,25.3],[-81.06,25.3],[-81.07,25.3],[-81.06,25.33],[-81.04,25.32],[-81.05,25.3],[-81.04,25.3],[-81.05,25.28],[-81.06,25.27],[-81.06,25.26],[-81.03,25.25],[-81.04,25.25],[-81.05,25.24],[-81.04,25.25],[-81.03,25.25],[-81.01,25.28],[-81,25.27],[-81.01,25.26],[-81.02,25.25],[-81,25.25],[-80.99,25.23],[-80.98,25.23],[-80.97,25.22],[-80.99,25.22],[-80.98,25.21],[-80.96,25.2],[-80.95,25.21],[-80.93,25.21],[-80.92,25.22],[-80.92,25.23],[-80.91,25.24],[-80.9,25.25],[-80.91,25.26],[-80.94,25.25],[-80.93,25.27],[-80.94,25.27],[-80.94,25.29],[-80.95,25.29],[-80.96,25.3],[-80.95,25.31],[-80.97,25.31],[-80.96,25.32],[-80.97,25.33],[-80.98,25.33],[-80.98,25.34],[-80.99,25.35],[-81,25.34],[-81.01,25.33],[-81.02,25.32],[-81.04,25.33],[-81.05,25.33],[-81.05,25.34],[-81.06,25.35],[-81.07,25.35]],[[-80.08,32.63],[-80.1,32.62],[-80.11,32.62],[-80.12,32.62],[-80.12,32.61],[-80.11,32.61],[-80.1,32.62],[-80.08,32.63]],[[-76.27,36.88],[-76.27,36.9],[-76.28,36.89],[-76.27,36.88]],[[-76.7,38.7],[-76.7,38.69],[-76.7,38.68],[-76.69,38.68],[-76.7,38.7]],[[-75.28,38.59],[-75.27,38.59],[-75.26,38.58],[-75.25,38.59],[-75.27,38.59],[-75.28,38.59]],[[-75.68,37.6],[-75.69,37.59],[-75.7,37.58],[-75.69,37.57],[-75.67,37.58],[-75.67,37.59],[-75.68,37.6]],[[-75.68,37.56],[-75.69,37.55],[-75.67,37.53],[-75.65,37.53],[-75.65,37.55],[-75.66,37.57],[-75.67,37.57],[-75.68,37.56]]],[[[-95.1,49.36],[-95.15,49.25],[-95.15,49.38],[-95.13,49.37],[-95.1,49.36]]]]},"properties":{"Cat":"EC","Prob":33}},{"type":"Feature","geometry":{"type":"MultiPolygon","coordinates":[[[[-178.94,51.39],[-178.93,51.38],[-178.92,51.37],[-178.91,51.34],[-178.92,51.34],[-178.96,51.35],[-178.95,51.33],[-178.98,51.31],[-178.99,51.31],[-178.99,51.33],[-178.99,51.34],[-178.98,51.37],[-178.99,51.37],[-178.99,51.38],[-178.98,51.4],[-178.96,51.4],[-178.95,51.39],[-178.94,51.39]]],[[[-178.84,51.57],[-178.83,51.58],[-178.81,51.56],[-178.76,51.56],[-178.74,51.55],[-178.73,51.54],[-178.75,51.54],[-178.79,51.54],[-178.82,51.54],[-178.83,51.55],[-178.84,51.57]]],[[[-178.58,51.61],[-178.57,51.6],[-178.59,51.59],[-178.61,51.6],[-178.58,51.61]]],[[[-178.66,51.61],[-178.63,51.61],[-178.62,51.59],[-178.65,51.59],[-178.67,51.59],[-178.69,51.6],[-178.68,51.61],[-178.66,51.61]]],[[[-176.53,51.73],[-176.52,51.73],[-176.52,51.7],[-176.53,51.7],[-176.54,51.71],[-176.53,51.73]]],[[[-176.78,51.81],[-176.79,51.8],[-176.81,51.81],[-176.78,51.81]]],[[[-178.81,51.83],[-178.79,51.83],[-178.77,51.82],[-178.75,51.81],[-178.73,51.78],[-178.75,51.76],[-178.76,51.75],[-178.77,51.75],[-178.81,51.75],[-178.84,51.77],[-178.87,51.78],[-178.87,51.8],[-178.86,51.82],[-178.83,51.83],[-178.81,51.83]]],[[[-176.27,51.8],[-176.27,51.78],[-176.3,51.77],[-176.29,51.74],[-176.31,51.75],[-176.32,51.75],[-176.31,51.74],[-176.32,51.73],[-176.33,51.73],[-176.35,51.73],[-176.37,51.74],[-176.4,51.73],[-176.4,51.75],[-176.4,51.77],[-176.41,51.79],[-176.41,51.8],[-176.42,51.82],[-176.43,51.85],[-176.4,51.87],[-176.38,51.87],[-176.37,51.87],[-176.34,51.86],[-176.32,51.87],[-176.29,51.87],[-176.28,51.86],[-176.29,51.84],[-176.31,51.83],[-176.33,51.84],[-176.34,51.83],[-176.31,51.83],[-176.3,51.82],[-176.29,51.83],[-176.27,51.82],[-176.27,51.8]]],[[[-176.18,51.88],[-176.17,51.88],[-176.16,51.87],[-176.15,51.87],[-176.13,51.86],[-176.14,51.84],[-176.11,51.84],[-176.11,51.85],[-176.1,51.86],[-176.07,51.85],[-176.03,51.84],[-176.03,51.83],[-176.06,51.82],[-176.08,51.82],[-176.11,51.83],[-176.11,51.81],[-176.11,51.8],[-176.14,51.8],[-176.14,51.81],[-176.15,51.82],[-176.17,51.8],[-176.15,51.79],[-176.16,51.77],[-176.18,51.79],[-176.17,51.8],[-176.18,51.81],[-176.22,51.81],[-176.24,51.82],[-176.24,51.83],[-176.2,51.85],[-176.22,51.87],[-176.21,51.88],[-176.18,51.88]]],[[[-175.99,51.91],[-175.99,51.9],[-176.02,51.89],[-176.01,51.88],[-175.99,51.89],[-175.96,51.89],[-175.96,51.88],[-175.96,51.86],[-175.97,51.85],[-175.99,51.85],[-176,51.86],[-176.04,51.87],[-176.05,51.86],[-176.07,51.87],[-176.08,51.88],[-176.11,51.89],[-176.09,51.89],[-176.07,51.9],[-176.03,51.91],[-175.99,51.91]]],[[[-178.09,51.92],[-178.08,51.91],[-178.03,51.91],[-178.01,51.91],[-177.97,51.92],[-177.95,51.92],[-177.95,51.9],[-177.94,51.89],[-177.91,51.87],[-177.92,51.86],[-177.9,51.85],[-177.88,51.84],[-177.88,51.85],[-177.86,51.84],[-177.87,51.83],[-177.85,51.83],[-177.79,51.85],[-177.77,51.84],[-177.75,51.83],[-177.74,51.83],[-177.66,51.85],[-177.63,51.85],[-177.62,51.83],[-177.68,51.81],[-177.71,51.82],[-177.76,51.81],[-177.79,51.79],[-177.82,51.79],[-177.79,51.77],[-177.81,51.76],[-177.82,51.75],[-177.84,51.73],[-177.83,51.7],[-177.83,51.69],[-177.87,51.68],[-177.89,51.69],[-177.9,51.68],[-177.92,51.67],[-177.93,51.65],[-177.92,51.64],[-177.91,51.62],[-177.9,51.6],[-177.91,51.59],[-177.94,51.6],[-177.93,51.61],[-177.95,51.61],[-177.95,51.64],[-177.96,51.65],[-177.99,51.65],[-178.03,51.65],[-178.05,51.67],[-178.06,51.66],[-178.09,51.66],[-178.12,51.68],[-178.11,51.69],[-178.11,51.71],[-178.08,51.7],[-178.07,51.71],[-178.05,51.7],[-178.03,51.71],[-178.01,51.72],[-177.98,51.71],[-177.96,51.72],[-177.95,51.73],[-177.95,51.75],[-177.96,51.77],[-177.97,51.77],[-178.02,51.79],[-178.04,51.78],[-178.06,51.78],[-178.06,51.79],[-178.09,51.8],[-178.09,51.81],[-178.12,51.82],[-178.13,51.83],[-178.14,51.83],[-178.18,51.85],[-178.21,51.85],[-178.22,51.86],[-178.23,51.87],[-178.23,51.88],[-178.21,51.89],[-178.2,51.91],[-178.15,51.91],[-178.14,51.92],[-178.09,51.92]]],[[[-177.44,51.92],[-177.42,51.9],[-177.44,51.89],[-177.46,51.89],[-177.47,51.9],[-177.45,51.92],[-177.44,51.92]]],[[[-177.33,51.69],[-177.32,51.7],[-177.35,51.72],[-177.36,51.72],[-177.39,51.73],[-177.4,51.73],[-177.42,51.73],[-177.45,51.72],[-177.46,51.71],[-177.48,51.7],[-177.5,51.7],[-177.52,51.7],[-177.55,51.7],[-177.58,51.7],[-177.59,51.69],[-177.62,51.7],[-177.64,51.69],[-177.64,51.66],[-177.65,51.66],[-177.67,51.67],[-177.67,51.68],[-177.7,51.69],[-177.69,51.72],[-177.66,51.72],[-177.64,51.74],[-177.62,51.73],[-177.6,51.73],[-177.58,51.73],[-177.56,51.72],[-177.54,51.72],[-177.52,51.73],[-177.51,51.74],[-177.48,51.74],[-177.45,51.76],[-177.44,51.75],[-177.4,51.76],[-177.39,51.77],[-177.38,51.77],[-177.35,51.78],[-177.29,51.78],[-177.26,51.79],[-177.23,51.8],[-177.21,51.82],[-177.21,51.84],[-177.2,51.84],[-177.2,51.86],[-177.2,51.9],[-177.2,51.92],[-177.19,51.94],[-177.18,51.94],[-177.16,51.94],[-177.13,51.94],[-177.12,51.93],[-177.1,51.93],[-177.08,51.92],[-177.05,51.91],[-177.05,51.9],[-177.07,51.89],[-177.07,51.87],[-177.07,51.86],[-177.1,51.85],[-177.12,51.84],[-177.13,51.83],[-177.14,51.81],[-177.12,51.78],[-177.13,51.76],[-177.13,51.74],[-177.12,51.74],[-177.12,51.73],[-177.16,51.7],[-177.21,51.71],[-177.22,51.71],[-177.25,51.7],[-177.24,51.69],[-177.27,51.68],[-177.31,51.69],[-177.33,51.69]]],[[[-176.03,51.93],[-176.06,51.93],[-176.05,51.95],[-176.04,51.95],[-176.03,51.95],[-176.03,51.93]]],[[[-176.15,51.95],[-176.17,51.95],[-176.17,51.96],[-176.15,51.95]]],[[[-175.8,51.96],[-175.79,51.94],[-175.78,51.93],[-175.76,51.92],[-175.79,51.91],[-175.81,51.92],[-175.82,51.92],[-175.84,51.94],[-175.88,51.94],[-175.86,51.95],[-175.83,51.96],[-175.82,51.96],[-175.8,51.96]]],[[[-176.09,51.96],[-176.09,51.95],[-176.12,51.95],[-176.12,51.96],[-176.1,51.96],[-176.09,51.96]]],[[[-176,51.95],[-176.02,51.96],[-176.01,51.96],[-175.99,51.96],[-176,51.95]]],[[[-175.72,51.97],[-175.69,51.97],[-175.67,51.97],[-175.65,51.96],[-175.69,51.95],[-175.71,51.95],[-175.71,51.94],[-175.72,51.93],[-175.74,51.94],[-175.74,51.97],[-175.72,51.97]]],[[[-175.91,52],[-175.9,51.99],[-175.88,52],[-175.85,51.99],[-175.82,51.99],[-175.81,51.99],[-175.83,51.98],[-175.85,51.98],[-175.88,51.98],[-175.87,51.97],[-175.88,51.96],[-175.91,51.97],[-175.95,51.97],[-175.96,51.99],[-175.93,51.99],[-175.91,52]]],[[[-176.58,51.93],[-176.57,51.92],[-176.59,51.91],[-176.62,51.9],[-176.63,51.88],[-176.63,51.87],[-176.64,51.85],[-176.62,51.86],[-176.59,51.85],[-176.6,51.84],[-176.61,51.84],[-176.6,51.84],[-176.55,51.84],[-176.54,51.84],[-176.52,51.84],[-176.5,51.85],[-176.47,51.85],[-176.46,51.85],[-176.43,51.84],[-176.43,51.83],[-176.43,51.8],[-176.42,51.79],[-176.43,51.77],[-176.42,51.76],[-176.42,51.74],[-176.45,51.74],[-176.47,51.73],[-176.48,51.75],[-176.5,51.75],[-176.5,51.76],[-176.52,51.76],[-176.53,51.75],[-176.53,51.74],[-176.55,51.71],[-176.58,51.69],[-176.6,51.71],[-176.62,51.71],[-176.61,51.69],[-176.64,51.69],[-176.66,51.69],[-176.65,51.7],[-176.67,51.68],[-176.7,51.68],[-176.71,51.68],[-176.73,51.67],[-176.73,51.66],[-176.72,51.65],[-176.72,51.63],[-176.73,51.62],[-176.75,51.63],[-176.77,51.63],[-176.8,51.61],[-176.81,51.61],[-176.82,51.63],[-176.81,51.65],[-176.83,51.65],[-176.82,51.66],[-176.84,51.68],[-176.83,51.69],[-176.82,51.7],[-176.83,51.72],[-176.84,51.7],[-176.87,51.68],[-176.86,51.67],[-176.88,51.66],[-176.9,51.64],[-176.92,51.62],[-176.92,51.61],[-176.93,51.6],[-176.94,51.59],[-176.96,51.59],[-176.98,51.6],[-176.99,51.61],[-177,51.63],[-176.98,51.64],[-176.99,51.66],[-176.98,51.67],[-176.94,51.69],[-176.93,51.7],[-176.91,51.7],[-176.9,51.7],[-176.88,51.72],[-176.87,51.72],[-176.88,51.74],[-176.88,51.75],[-176.87,51.75],[-176.85,51.73],[-176.83,51.74],[-176.84,51.75],[-176.9,51.77],[-176.92,51.79],[-176.9,51.81],[-176.88,51.81],[-176.87,51.83],[-176.84,51.79],[-176.82,51.79],[-176.81,51.8],[-176.81,51.78],[-176.79,51.78],[-176.75,51.79],[-176.73,51.78],[-176.72,51.79],[-176.73,51.8],[-176.76,51.8],[-176.76,51.81],[-176.78,51.81],[-176.78,51.82],[-176.79,51.84],[-176.77,51.86],[-176.75,51.85],[-176.72,51.86],[-176.73,51.87],[-176.76,51.88],[-176.77,51.89],[-176.8,51.91],[-176.81,51.93],[-176.79,51.96],[-176.77,51.97],[-176.76,51.96],[-176.72,51.97],[-176.66,51.95],[-176.64,51.96],[-176.63,51.96],[-176.63,51.97],[-176.62,51.99],[-176.59,52],[-176.57,52],[-176.56,51.99],[-176.55,51.97],[-176.57,51.95],[-176.56,51.94],[-176.55,51.93],[-176.56,51.91],[-176.57,51.91],[-176.56,51.93],[-176.57,51.95],[-176.58,51.95],[-176.59,51.94],[-176.58,51.93]]],[[[-174.5,52.01],[-174.5,52.03],[-174.48,52.03],[-174.48,52.01],[-174.5,52.01]]],[[[-176.14,52.11],[-176.12,52.11],[-176.1,52.11],[-176.08,52.1],[-176.06,52.11],[-176.05,52.1],[-176.04,52.08],[-176.01,52.08],[-176,52.07],[-176.01,52.05],[-175.98,52.03],[-176,52.03],[-176.01,52.03],[-176.03,52.02],[-176.04,52.02],[-176.05,52.02],[-176.05,52.01],[-176.02,51.98],[-176.03,51.97],[-176.07,51.97],[-176.09,51.97],[-176.09,51.99],[-176.1,52],[-176.12,51.99],[-176.13,52],[-176.16,52],[-176.18,52],[-176.18,52.02],[-176.2,52.04],[-176.2,52.05],[-176.21,52.06],[-176.21,52.08],[-176.18,52.09],[-176.18,52.1],[-176.16,52.1],[-176.15,52.12],[-176.14,52.11]]],[[[-173.69,52.13],[-173.69,52.14],[-173.64,52.15],[-173.61,52.15],[-173.61,52.14],[-173.6,52.15],[-173.59,52.14],[-173.52,52.15],[-173.53,52.14],[-173.55,52.12],[-173.52,52.12],[-173.52,52.1],[-173.5,52.1],[-173.48,52.12],[-173.45,52.1],[-173.44,52.11],[-173.44,52.12],[-173.42,52.12],[-173.41,52.1],[-173.37,52.11],[-173.37,52.1],[-173.35,52.09],[-173.32,52.1],[-173.31,52.09],[-173.3,52.1],[-173.3,52.11],[-173.27,52.11],[-173.25,52.11],[-173.24,52.09],[-173.22,52.1],[-173.19,52.11],[-173.17,52.11],[-173.16,52.1],[-173.14,52.11],[-173.12,52.11],[-173.11,52.1],[-173.07,52.1],[-173.06,52.1],[-173.04,52.1],[-172.99,52.1],[-172.96,52.1],[-172.96,52.09],[-173,52.09],[-173.02,52.08],[-173.05,52.07],[-173.09,52.08],[-173.1,52.08],[-173.15,52.06],[-173.19,52.06],[-173.2,52.06],[-173.22,52.07],[-173.24,52.06],[-173.27,52.06],[-173.29,52.05],[-173.32,52.06],[-173.35,52.05],[-173.38,52.04],[-173.45,52.05],[-173.48,52.04],[-173.49,52.04],[-173.48,52.03],[-173.5,52.02],[-173.51,52.03],[-173.54,52.03],[-173.55,52.03],[-173.57,52.04],[-173.57,52.05],[-173.6,52.05],[-173.62,52.05],[-173.65,52.05],[-173.67,52.05],[-173.69,52.05],[-173.68,52.07],[-173.69,52.07],[-173.71,52.06],[-173.73,52.06],[-173.75,52.05],[-173.78,52.05],[-173.84,52.04],[-173.88,52.05],[-173.89,52.05],[-173.91,52.06],[-173.94,52.06],[-173.94,52.07],[-173.96,52.09],[-173.97,52.09],[-173.98,52.11],[-174,52.1],[-174.01,52.1],[-174.03,52.11],[-174.04,52.11],[-174.05,52.13],[-174.04,52.14],[-174.02,52.13],[-173.95,52.13],[-173.91,52.13],[-173.9,52.14],[-173.88,52.13],[-173.89,52.12],[-173.87,52.11],[-173.85,52.12],[-173.83,52.12],[-173.8,52.1],[-173.8,52.11],[-173.79,52.12],[-173.77,52.13],[-173.71,52.13],[-173.69,52.13]]],[[[-175.51,52.18],[-175.49,52.17],[-175.5,52.16],[-175.51,52.16],[-175.53,52.18],[-175.51,52.18]]],[[[-174.43,52.33],[-174.41,52.32],[-174.38,52.32],[-174.36,52.31],[-174.33,52.3],[-174.32,52.28],[-174.37,52.28],[-174.37,52.29],[-174.39,52.29],[-174.41,52.29],[-174.45,52.3],[-174.46,52.32],[-174.44,52.33],[-174.43,52.33]]],[[[-172.35,52.3],[-172.36,52.3],[-172.39,52.29],[-172.39,52.28],[-172.41,52.28],[-172.44,52.28],[-172.48,52.26],[-172.51,52.26],[-172.54,52.25],[-172.55,52.25],[-172.57,52.26],[-172.6,52.25],[-172.63,52.27],[-172.63,52.28],[-172.62,52.3],[-172.6,52.31],[-172.59,52.33],[-172.57,52.34],[-172.57,52.35],[-172.56,52.36],[-172.51,52.37],[-172.49,52.37],[-172.48,52.38],[-172.44,52.39],[-172.4,52.39],[-172.41,52.38],[-172.38,52.37],[-172.36,52.37],[-172.33,52.37],[-172.31,52.35],[-172.3,52.33],[-172.31,52.32],[-172.34,52.31],[-172.35,52.3]]],[[[-174.19,52.19],[-174.18,52.19],[-174.18,52.18],[-174.15,52.17],[-174.14,52.16],[-174.12,52.16],[-174.1,52.14],[-174.08,52.13],[-174.09,52.11],[-174.1,52.1],[-174.11,52.11],[-174.14,52.12],[-174.18,52.11],[-174.2,52.12],[-174.21,52.11],[-174.21,52.1],[-174.23,52.09],[-174.26,52.1],[-174.28,52.1],[-174.28,52.11],[-174.31,52.11],[-174.31,52.12],[-174.35,52.11],[-174.4,52.1],[-174.37,52.1],[-174.37,52.09],[-174.39,52.09],[-174.39,52.07],[-174.39,52.06],[-174.41,52.05],[-174.45,52.05],[-174.46,52.06],[-174.46,52.08],[-174.48,52.07],[-174.51,52.07],[-174.53,52.09],[-174.54,52.08],[-174.52,52.06],[-174.49,52.04],[-174.5,52.04],[-174.52,52.06],[-174.55,52.06],[-174.55,52.05],[-174.54,52.05],[-174.55,52.04],[-174.56,52.04],[-174.58,52.05],[-174.61,52.05],[-174.62,52.03],[-174.65,52.02],[-174.67,52.03],[-174.68,52.06],[-174.69,52.06],[-174.69,52.04],[-174.71,52.03],[-174.69,52.02],[-174.71,52.01],[-174.74,52.01],[-174.75,52.02],[-174.79,52.03],[-174.83,52.03],[-174.88,52.04],[-174.91,52.03],[-174.93,52.03],[-174.97,52.04],[-174.97,52.02],[-175,52.03],[-175.02,52.03],[-175.02,52.01],[-175.04,52.01],[-175.07,52.01],[-175.08,52.01],[-175.1,52],[-175.13,52.01],[-175.15,52.01],[-175.2,52.01],[-175.21,52.01],[-175.25,52.02],[-175.26,52.01],[-175.27,52.02],[-175.3,52.02],[-175.31,52.01],[-175.34,52.02],[-175.33,52.03],[-175.3,52.02],[-175.29,52.03],[-175.28,52.03],[-175.26,52.05],[-175.24,52.03],[-175.2,52.04],[-175.2,52.05],[-175.19,52.05],[-175.16,52.05],[-175.14,52.06],[-175.12,52.05],[-175.11,52.05],[-175.13,52.04],[-175.13,52.03],[-175.08,52.04],[-175.07,52.05],[-175.04,52.04],[-175.05,52.06],[-175.02,52.08],[-175,52.07],[-174.99,52.06],[-174.97,52.07],[-174.96,52.08],[-174.95,52.08],[-174.93,52.08],[-174.92,52.08],[-174.93,52.1],[-174.93,52.11],[-174.91,52.12],[-174.9,52.11],[-174.9,52.08],[-174.89,52.09],[-174.88,52.1],[-174.86,52.1],[-174.84,52.09],[-174.8,52.1],[-174.77,52.08],[-174.76,52.1],[-174.75,52.09],[-174.74,52.11],[-174.75,52.12],[-174.72,52.12],[-174.72,52.11],[-174.7,52.11],[-174.67,52.11],[-174.63,52.1],[-174.63,52.11],[-174.61,52.11],[-174.6,52.11],[-174.6,52.14],[-174.59,52.14],[-174.56,52.13],[-174.52,52.14],[-174.51,52.15],[-174.55,52.15],[-174.56,52.15],[-174.56,52.16],[-174.57,52.17],[-174.56,52.18],[-174.53,52.17],[-174.48,52.19],[-174.45,52.18],[-174.44,52.17],[-174.42,52.17],[-174.41,52.18],[-174.46,52.2],[-174.46,52.22],[-174.43,52.22],[-174.41,52.22],[-174.38,52.22],[-174.36,52.21],[-174.34,52.18],[-174.34,52.2],[-174.32,52.21],[-174.31,52.21],[-174.27,52.23],[-174.28,52.23],[-174.25,52.24],[-174.23,52.25],[-174.23,52.26],[-174.24,52.28],[-174.27,52.27],[-174.3,52.28],[-174.27,52.29],[-174.27,52.3],[-174.3,52.29],[-174.32,52.3],[-174.33,52.31],[-174.33,52.32],[-174.3,52.32],[-174.29,52.34],[-174.32,52.34],[-174.33,52.37],[-174.33,52.38],[-174.28,52.38],[-174.27,52.4],[-174.26,52.4],[-174.24,52.4],[-174.22,52.4],[-174.19,52.42],[-174.16,52.41],[-174.14,52.42],[-174.14,52.41],[-174.06,52.39],[-174.06,52.37],[-174.03,52.36],[-174.01,52.36],[-174.01,52.35],[-174.01,52.34],[-173.99,52.32],[-173.99,52.3],[-174.02,52.27],[-174.04,52.27],[-174.04,52.25],[-174.06,52.22],[-174.09,52.22],[-174.11,52.23],[-174.12,52.22],[-174.14,52.23],[-174.15,52.22],[-174.18,52.23],[-174.19,52.23],[-174.2,52.22],[-174.2,52.21],[-174.19,52.19]]],[[[-171.24,52.52],[-171.22,52.51],[-171.2,52.5],[-171.2,52.49],[-171.21,52.47],[-171.23,52.45],[-171.27,52.45],[-171.29,52.46],[-171.3,52.45],[-171.31,52.47],[-171.31,52.49],[-171.29,52.52],[-171.26,52.53],[-171.24,52.52]]],[[[-171.12,52.56],[-171.14,52.56],[-171.17,52.56],[-171.16,52.58],[-171.15,52.58],[-171.12,52.58],[-171.12,52.56]]],[[[-170.65,52.7],[-170.6,52.69],[-170.56,52.67],[-170.56,52.65],[-170.57,52.64],[-170.59,52.62],[-170.61,52.6],[-170.66,52.59],[-170.68,52.6],[-170.71,52.6],[-170.71,52.59],[-170.74,52.58],[-170.75,52.57],[-170.77,52.56],[-170.78,52.55],[-170.8,52.54],[-170.82,52.56],[-170.85,52.56],[-170.84,52.57],[-170.84,52.58],[-170.84,52.6],[-170.82,52.62],[-170.83,52.62],[-170.82,52.64],[-170.78,52.64],[-170.75,52.65],[-170.74,52.67],[-170.73,52.68],[-170.7,52.68],[-170.69,52.68],[-170.67,52.7],[-170.65,52.7]]],[[[-170.11,52.79],[-170.1,52.78],[-170.05,52.77],[-170.05,52.75],[-170.07,52.73],[-170.09,52.72],[-170.12,52.72],[-170.16,52.72],[-170.17,52.72],[-170.19,52.72],[-170.18,52.73],[-170.18,52.75],[-170.17,52.78],[-170.14,52.79],[-170.13,52.79],[-170.11,52.79]]],[[[-169.24,52.77],[-169.19,52.79],[-169.18,52.79],[-169.21,52.77],[-169.24,52.77]]],[[[-169.77,52.89],[-169.75,52.89],[-169.7,52.88],[-169.7,52.87],[-169.68,52.87],[-169.67,52.85],[-169.69,52.83],[-169.68,52.82],[-169.69,52.81],[-169.71,52.8],[-169.7,52.78],[-169.72,52.77],[-169.74,52.78],[-169.75,52.8],[-169.78,52.81],[-169.8,52.81],[-169.82,52.82],[-169.85,52.82],[-169.87,52.83],[-169.88,52.81],[-169.91,52.8],[-169.94,52.79],[-169.96,52.79],[-170,52.81],[-170,52.83],[-170.01,52.83],[-170,52.85],[-169.98,52.86],[-169.95,52.86],[-169.9,52.85],[-169.88,52.85],[-169.86,52.85],[-169.87,52.88],[-169.85,52.88],[-169.82,52.88],[-169.79,52.88],[-169.78,52.89],[-169.77,52.89]]],[[[-170.05,52.92],[-170,52.91],[-170,52.9],[-170,52.88],[-170.02,52.87],[-170.04,52.86],[-170.1,52.87],[-170.1,52.88],[-170.12,52.9],[-170.1,52.91],[-170.08,52.92],[-170.05,52.92]]],[[[-168.48,52.98],[-168.47,52.99],[-168.45,52.98],[-168.47,52.98],[-168.48,52.98]]],[[[-169.67,53.02],[-169.67,53.01],[-169.69,52.99],[-169.7,52.96],[-169.73,52.95],[-169.74,52.96],[-169.76,52.96],[-169.76,52.98],[-169.75,53],[-169.75,53.02],[-169.74,53.03],[-169.72,53.02],[-169.7,53.03],[-169.68,53.04],[-169.67,53.02]]],[[[-169.76,53.08],[-169.74,53.06],[-169.74,53.05],[-169.76,53.05],[-169.79,53.05],[-169.78,53.07],[-169.76,53.08]]],[[[-166.88,53.46],[-166.86,53.46],[-166.87,53.43],[-166.88,53.43],[-166.89,53.45],[-166.88,53.46]]],[[[-168.68,52.95],[-168.7,52.97],[-168.72,52.96],[-168.72,52.95],[-168.73,52.94],[-168.77,52.96],[-168.79,52.95],[-168.78,52.93],[-168.76,52.92],[-168.76,52.91],[-168.79,52.9],[-168.8,52.92],[-168.82,52.92],[-168.84,52.91],[-168.85,52.91],[-168.87,52.9],[-168.96,52.87],[-168.98,52.87],[-168.98,52.86],[-169.02,52.86],[-169.05,52.85],[-169.05,52.83],[-169.06,52.83],[-169.07,52.84],[-169.05,52.85],[-169.06,52.87],[-169.03,52.87],[-168.98,52.88],[-168.96,52.89],[-168.95,52.91],[-168.97,52.91],[-168.96,52.93],[-168.93,52.94],[-168.92,52.93],[-168.87,52.94],[-168.85,52.95],[-168.87,52.96],[-168.86,52.98],[-168.88,52.99],[-168.87,53.01],[-168.85,53.02],[-168.81,53.03],[-168.78,53.06],[-168.76,53.08],[-168.77,53.09],[-168.81,53.11],[-168.81,53.12],[-168.8,53.13],[-168.8,53.14],[-168.79,53.15],[-168.78,53.16],[-168.77,53.17],[-168.77,53.18],[-168.72,53.2],[-168.71,53.2],[-168.69,53.22],[-168.69,53.23],[-168.66,53.23],[-168.64,53.24],[-168.62,53.26],[-168.61,53.27],[-168.58,53.27],[-168.56,53.26],[-168.54,53.25],[-168.51,53.25],[-168.49,53.26],[-168.48,53.27],[-168.45,53.27],[-168.44,53.26],[-168.43,53.25],[-168.4,53.26],[-168.38,53.26],[-168.37,53.25],[-168.35,53.26],[-168.35,53.28],[-168.34,53.28],[-168.35,53.3],[-168.37,53.29],[-168.37,53.3],[-168.37,53.31],[-168.39,53.32],[-168.43,53.32],[-168.43,53.34],[-168.41,53.34],[-168.38,53.38],[-168.38,53.39],[-168.4,53.4],[-168.41,53.41],[-168.41,53.42],[-168.39,53.43],[-168.34,53.47],[-168.28,53.49],[-168.24,53.52],[-168.23,53.53],[-168.15,53.54],[-168.13,53.55],[-168.1,53.56],[-168.07,53.55],[-168.03,53.56],[-168.01,53.57],[-167.98,53.56],[-167.96,53.55],[-167.97,53.54],[-167.95,53.53],[-167.91,53.52],[-167.85,53.52],[-167.8,53.52],[-167.79,53.52],[-167.78,53.5],[-167.79,53.49],[-167.82,53.47],[-167.85,53.45],[-167.86,53.44],[-167.86,53.43],[-167.84,53.41],[-167.85,53.4],[-167.84,53.39],[-167.87,53.37],[-167.9,53.37],[-167.91,53.35],[-167.93,53.35],[-167.98,53.34],[-168,53.33],[-168,53.32],[-168.06,53.3],[-168.09,53.3],[-168.12,53.29],[-168.11,53.28],[-168.19,53.26],[-168.25,53.25],[-168.3,53.23],[-168.31,53.22],[-168.33,53.2],[-168.32,53.19],[-168.34,53.19],[-168.33,53.17],[-168.35,53.16],[-168.37,53.17],[-168.37,53.14],[-168.36,53.13],[-168.38,53.12],[-168.39,53.12],[-168.42,53.11],[-168.45,53.08],[-168.46,53.06],[-168.49,53.04],[-168.52,53.05],[-168.53,53.03],[-168.55,53.03],[-168.56,53.03],[-168.59,53.03],[-168.59,53.02],[-168.62,53.01],[-168.65,52.97],[-168.67,52.97],[-168.69,52.96],[-168.68,52.95]]],[[[-166.1,53.84],[-166.09,53.84],[-166.14,53.82],[-166.14,53.81],[-166.11,53.79],[-166.13,53.79],[-166.12,53.77],[-166.13,53.77],[-166.16,53.77],[-166.18,53.77],[-166.2,53.77],[-166.16,53.75],[-166.18,53.74],[-166.18,53.73],[-166.22,53.73],[-166.22,53.71],[-166.25,53.72],[-166.27,53.74],[-166.29,53.74],[-166.3,53.76],[-166.3,53.78],[-166.31,53.79],[-166.3,53.8],[-166.27,53.79],[-166.27,53.8],[-166.26,53.81],[-166.24,53.8],[-166.24,53.78],[-166.22,53.79],[-166.22,53.82],[-166.2,53.84],[-166.15,53.85],[-166.14,53.84],[-166.12,53.85],[-166.1,53.84]]],[[[-166.54,53.88],[-166.55,53.87],[-166.57,53.88],[-166.55,53.89],[-166.55,53.91],[-166.53,53.92],[-166.51,53.93],[-166.5,53.91],[-166.54,53.9],[-166.53,53.88],[-166.54,53.88]]],[[[-166.13,53.99],[-166.11,53.99],[-166.1,53.98],[-166.07,53.97],[-166.09,53.96],[-166.15,53.95],[-166.19,53.96],[-166.2,53.97],[-166.2,53.99],[-166.17,53.99],[-166.17,54],[-166.16,54],[-166.13,53.99]]],[[[-166.55,53.87],[-166.54,53.88],[-166.52,53.87],[-166.51,53.89],[-166.47,53.9],[-166.46,53.9],[-166.45,53.91],[-166.43,53.92],[-166.45,53.93],[-166.44,53.95],[-166.42,53.94],[-166.41,53.96],[-166.42,53.96],[-166.41,53.98],[-166.38,53.99],[-166.38,54.01],[-166.36,54],[-166.36,53.98],[-166.38,53.96],[-166.38,53.95],[-166.34,53.95],[-166.32,53.96],[-166.29,53.97],[-166.28,53.98],[-166.26,53.97],[-166.26,53.95],[-166.25,53.94],[-166.26,53.91],[-166.25,53.92],[-166.23,53.93],[-166.21,53.93],[-166.22,53.9],[-166.25,53.9],[-166.24,53.88],[-166.26,53.87],[-166.29,53.87],[-166.3,53.87],[-166.32,53.87],[-166.33,53.87],[-166.34,53.88],[-166.35,53.88],[-166.36,53.86],[-166.39,53.85],[-166.39,53.83],[-166.4,53.83],[-166.43,53.83],[-166.41,53.81],[-166.45,53.8],[-166.46,53.79],[-166.48,53.79],[-166.51,53.79],[-166.52,53.78],[-166.51,53.78],[-166.49,53.78],[-166.51,53.76],[-166.54,53.75],[-166.57,53.75],[-166.57,53.73],[-166.55,53.73],[-166.58,53.72],[-166.57,53.71],[-166.54,53.7],[-166.53,53.7],[-166.52,53.71],[-166.52,53.72],[-166.5,53.73],[-166.47,53.71],[-166.47,53.74],[-166.46,53.75],[-166.41,53.76],[-166.4,53.75],[-166.4,53.74],[-166.38,53.74],[-166.38,53.75],[-166.37,53.77],[-166.35,53.79],[-166.33,53.78],[-166.32,53.75],[-166.33,53.73],[-166.3,53.74],[-166.28,53.73],[-166.27,53.72],[-166.26,53.7],[-166.28,53.7],[-166.28,53.69],[-166.32,53.68],[-166.35,53.68],[-166.35,53.67],[-166.36,53.67],[-166.38,53.67],[-166.42,53.67],[-166.4,53.66],[-166.43,53.66],[-166.45,53.63],[-166.47,53.64],[-166.51,53.64],[-166.53,53.63],[-166.55,53.62],[-166.54,53.61],[-166.53,53.61],[-166.52,53.6],[-166.53,53.59],[-166.54,53.6],[-166.56,53.61],[-166.57,53.59],[-166.56,53.58],[-166.57,53.56],[-166.6,53.56],[-166.6,53.54],[-166.63,53.56],[-166.64,53.58],[-166.65,53.59],[-166.67,53.58],[-166.64,53.56],[-166.63,53.53],[-166.64,53.52],[-166.66,53.52],[-166.68,53.53],[-166.69,53.53],[-166.71,53.54],[-166.72,53.54],[-166.71,53.53],[-166.68,53.52],[-166.66,53.51],[-166.65,53.51],[-166.66,53.48],[-166.69,53.49],[-166.69,53.5],[-166.71,53.5],[-166.75,53.51],[-166.74,53.52],[-166.77,53.54],[-166.78,53.55],[-166.8,53.56],[-166.79,53.54],[-166.77,53.53],[-166.78,53.52],[-166.77,53.51],[-166.78,53.5],[-166.74,53.48],[-166.74,53.46],[-166.76,53.46],[-166.75,53.45],[-166.76,53.44],[-166.8,53.46],[-166.82,53.46],[-166.82,53.44],[-166.84,53.45],[-166.85,53.46],[-166.86,53.46],[-166.88,53.47],[-166.89,53.46],[-166.9,53.43],[-166.93,53.44],[-166.94,53.46],[-166.94,53.47],[-166.96,53.46],[-166.96,53.45],[-166.96,53.43],[-166.98,53.42],[-167,53.43],[-166.99,53.44],[-167,53.45],[-167.02,53.46],[-167.02,53.47],[-167.06,53.45],[-167.05,53.45],[-167.05,53.43],[-167.09,53.42],[-167.1,53.42],[-167.12,53.42],[-167.13,53.43],[-167.15,53.42],[-167.17,53.4],[-167.21,53.39],[-167.22,53.38],[-167.24,53.38],[-167.25,53.38],[-167.29,53.37],[-167.29,53.36],[-167.31,53.34],[-167.31,53.33],[-167.36,53.33],[-167.39,53.34],[-167.41,53.33],[-167.43,53.33],[-167.44,53.32],[-167.46,53.32],[-167.45,53.31],[-167.48,53.29],[-167.5,53.28],[-167.49,53.26],[-167.5,53.26],[-167.54,53.28],[-167.56,53.27],[-167.59,53.29],[-167.61,53.28],[-167.62,53.26],[-167.62,53.25],[-167.64,53.25],[-167.66,53.25],[-167.66,53.23],[-167.67,53.26],[-167.69,53.27],[-167.71,53.27],[-167.73,53.28],[-167.75,53.27],[-167.77,53.28],[-167.78,53.28],[-167.8,53.28],[-167.8,53.29],[-167.82,53.3],[-167.83,53.3],[-167.85,53.31],[-167.84,53.32],[-167.82,53.31],[-167.81,53.32],[-167.76,53.35],[-167.75,53.36],[-167.73,53.37],[-167.72,53.38],[-167.7,53.38],[-167.69,53.39],[-167.64,53.39],[-167.6,53.38],[-167.6,53.39],[-167.58,53.39],[-167.56,53.41],[-167.53,53.39],[-167.51,53.39],[-167.5,53.38],[-167.49,53.39],[-167.51,53.41],[-167.52,53.4],[-167.54,53.41],[-167.51,53.41],[-167.5,53.42],[-167.49,53.42],[-167.46,53.45],[-167.44,53.44],[-167.42,53.43],[-167.4,53.41],[-167.39,53.42],[-167.39,53.44],[-167.33,53.41],[-167.32,53.41],[-167.33,53.43],[-167.34,53.45],[-167.34,53.46],[-167.3,53.44],[-167.3,53.45],[-167.27,53.46],[-167.3,53.47],[-167.26,53.48],[-167.21,53.46],[-167.18,53.47],[-167.16,53.47],[-167.16,53.48],[-167.18,53.49],[-167.16,53.5],[-167.16,53.51],[-167.19,53.52],[-167.19,53.53],[-167.17,53.53],[-167.13,53.52],[-167.07,53.51],[-167.06,53.52],[-167.09,53.53],[-167.09,53.54],[-167.12,53.54],[-167.14,53.56],[-167.13,53.56],[-167.14,53.58],[-167.16,53.6],[-167.16,53.61],[-167.15,53.62],[-167.1,53.63],[-167.09,53.63],[-167.06,53.61],[-167.04,53.61],[-167.04,53.63],[-167.01,53.62],[-166.99,53.63],[-167.03,53.65],[-167.05,53.66],[-167.07,53.67],[-167.07,53.68],[-167.05,53.7],[-167.04,53.71],[-167,53.72],[-166.97,53.71],[-166.94,53.71],[-166.9,53.72],[-166.88,53.69],[-166.87,53.69],[-166.86,53.67],[-166.86,53.66],[-166.86,53.64],[-166.84,53.64],[-166.83,53.66],[-166.81,53.65],[-166.81,53.64],[-166.79,53.64],[-166.8,53.67],[-166.83,53.68],[-166.82,53.7],[-166.83,53.71],[-166.8,53.71],[-166.78,53.69],[-166.76,53.69],[-166.76,53.7],[-166.78,53.7],[-166.79,53.72],[-166.77,53.72],[-166.75,53.72],[-166.69,53.72],[-166.71,53.73],[-166.75,53.73],[-166.77,53.74],[-166.8,53.73],[-166.83,53.74],[-166.87,53.74],[-166.87,53.75],[-166.9,53.75],[-166.92,53.76],[-166.96,53.78],[-166.98,53.77],[-166.99,53.76],[-167.01,53.75],[-167.03,53.76],[-167.04,53.77],[-167.06,53.78],[-167.09,53.79],[-167.08,53.81],[-167.09,53.82],[-167.13,53.83],[-167.15,53.83],[-167.16,53.85],[-167.14,53.87],[-167.13,53.86],[-167.11,53.87],[-167.11,53.88],[-167.09,53.9],[-167.09,53.91],[-167.08,53.93],[-167.03,53.93],[-167.03,53.95],[-167.01,53.96],[-166.99,53.96],[-166.95,53.96],[-166.91,53.98],[-166.88,53.99],[-166.86,53.98],[-166.83,53.98],[-166.82,53.99],[-166.77,54],[-166.75,54.01],[-166.73,54],[-166.7,54],[-166.69,54.01],[-166.68,54.02],[-166.66,54.01],[-166.65,54.01],[-166.63,54.01],[-166.6,53.98],[-166.59,53.96],[-166.62,53.95],[-166.63,53.94],[-166.65,53.93],[-166.65,53.92],[-166.62,53.9],[-166.62,53.89],[-166.64,53.88],[-166.62,53.87],[-166.59,53.88],[-166.58,53.88],[-166.6,53.85],[-166.62,53.84],[-166.6,53.83],[-166.58,53.85],[-166.56,53.86],[-166.55,53.86],[-166.55,53.87]]],[[[-165.5,54.03],[-165.53,54.03],[-165.55,54.02],[-165.57,54.04],[-165.55,54.05],[-165.53,54.07],[-165.51,54.05],[-165.49,54.05],[-165.5,54.03]]],[[[-165.35,54.09],[-165.28,54.09],[-165.26,54.09],[-165.24,54.08],[-165.24,54.06],[-165.28,54.06],[-165.29,54.04],[-165.32,54.05],[-165.33,54.07],[-165.37,54.07],[-165.38,54.07],[-165.42,54.07],[-165.44,54.07],[-165.47,54.07],[-165.48,54.07],[-165.44,54.08],[-165.39,54.08],[-165.38,54.08],[-165.36,54.1],[-165.35,54.09]]],[[[-165.15,54.07],[-165.16,54.08],[-165.19,54.09],[-165.21,54.09],[-165.21,54.1],[-165.2,54.12],[-165.17,54.12],[-165.16,54.11],[-165.15,54.13],[-165.12,54.13],[-165.11,54.12],[-165.09,54.13],[-165.03,54.11],[-165.02,54.12],[-164.97,54.12],[-164.98,54.12],[-164.96,54.13],[-164.93,54.14],[-164.92,54.13],[-164.92,54.11],[-164.94,54.1],[-164.96,54.07],[-164.99,54.08],[-165.03,54.07],[-165.05,54.07],[-165.06,54.07],[-165.08,54.07],[-165.1,54.07],[-165.12,54.08],[-165.13,54.09],[-165.15,54.07]]],[[[-165.93,54.22],[-165.91,54.21],[-165.9,54.22],[-165.88,54.22],[-165.86,54.2],[-165.88,54.18],[-165.86,54.16],[-165.83,54.16],[-165.81,54.18],[-165.8,54.17],[-165.79,54.17],[-165.77,54.17],[-165.75,54.16],[-165.74,54.15],[-165.75,54.14],[-165.78,54.13],[-165.82,54.13],[-165.79,54.13],[-165.74,54.11],[-165.73,54.12],[-165.71,54.12],[-165.67,54.13],[-165.66,54.12],[-165.67,54.11],[-165.67,54.1],[-165.69,54.09],[-165.71,54.09],[-165.74,54.08],[-165.76,54.07],[-165.77,54.06],[-165.79,54.07],[-165.82,54.07],[-165.82,54.08],[-165.85,54.08],[-165.85,54.06],[-165.87,54.05],[-165.88,54.03],[-165.9,54.04],[-165.9,54.06],[-165.92,54.06],[-165.96,54.06],[-165.97,54.07],[-165.98,54.07],[-165.99,54.06],[-166.01,54.06],[-166.04,54.04],[-166.06,54.06],[-166.05,54.07],[-166.06,54.08],[-166.09,54.09],[-166.1,54.11],[-166.11,54.12],[-166.11,54.14],[-166.09,54.15],[-166.08,54.16],[-166.09,54.17],[-166.07,54.18],[-166.03,54.19],[-165.99,54.21],[-165.99,54.22],[-165.93,54.22]]],[[[-164.8,54.23],[-164.76,54.22],[-164.77,54.21],[-164.8,54.21],[-164.81,54.21],[-164.83,54.2],[-164.87,54.19],[-164.88,54.2],[-164.86,54.21],[-164.84,54.21],[-164.81,54.22],[-164.8,54.23]]],[[[-165.55,54.22],[-165.53,54.22],[-165.5,54.21],[-165.47,54.21],[-165.44,54.21],[-165.43,54.21],[-165.41,54.21],[-165.38,54.2],[-165.4,54.17],[-165.43,54.18],[-165.48,54.18],[-165.5,54.16],[-165.51,54.15],[-165.51,54.14],[-165.54,54.15],[-165.56,54.14],[-165.54,54.13],[-165.55,54.11],[-165.57,54.11],[-165.6,54.12],[-165.61,54.12],[-165.64,54.14],[-165.62,54.15],[-165.6,54.16],[-165.6,54.17],[-165.61,54.18],[-165.63,54.19],[-165.63,54.2],[-165.58,54.22],[-165.58,54.23],[-165.6,54.24],[-165.62,54.24],[-165.64,54.23],[-165.67,54.23],[-165.69,54.24],[-165.68,54.26],[-165.65,54.28],[-165.63,54.28],[-165.64,54.29],[-165.63,54.3],[-165.61,54.3],[-165.6,54.26],[-165.58,54.27],[-165.57,54.29],[-165.51,54.3],[-165.48,54.29],[-165.48,54.28],[-165.5,54.28],[-165.53,54.28],[-165.53,54.26],[-165.56,54.26],[-165.55,54.24],[-165.53,54.24],[-165.55,54.22]]],[[[-162.48,54.37],[-162.46,54.36],[-162.49,54.36],[-162.5,54.38],[-162.48,54.37]]],[[[-162.36,54.39],[-162.38,54.37],[-162.4,54.38],[-162.43,54.37],[-162.46,54.39],[-162.48,54.41],[-162.46,54.42],[-162.44,54.41],[-162.41,54.41],[-162.41,54.39],[-162.36,54.39]]],[[[-162.84,54.42],[-162.82,54.42],[-162.8,54.41],[-162.79,54.39],[-162.77,54.39],[-162.77,54.37],[-162.85,54.42],[-162.84,54.42]]],[[[-162.83,54.45],[-162.83,54.46],[-162.81,54.46],[-162.82,54.48],[-162.82,54.49],[-162.79,54.49],[-162.7,54.47],[-162.69,54.46],[-162.67,54.46],[-162.67,54.45],[-162.65,54.46],[-162.63,54.45],[-162.62,54.45],[-162.58,54.43],[-162.56,54.43],[-162.55,54.42],[-162.56,54.4],[-162.55,54.39],[-162.53,54.38],[-162.55,54.38],[-162.59,54.39],[-162.61,54.4],[-162.62,54.39],[-162.63,54.39],[-162.65,54.39],[-162.61,54.37],[-162.67,54.38],[-162.68,54.4],[-162.7,54.39],[-162.72,54.4],[-162.73,54.4],[-162.76,54.41],[-162.78,54.41],[-162.8,54.42],[-162.83,54.45]]],[[[-130.64,54.73],[-130.67,54.73],[-130.69,54.72],[-130.72,54.74],[-130.74,54.75],[-130.73,54.76],[-130.7,54.76],[-130.67,54.76],[-130.65,54.75],[-130.64,54.73]]],[[[-132.32,54.77],[-132.32,54.75],[-132.33,54.75],[-132.34,54.77],[-132.32,54.77]]],[[[-132.32,54.77],[-132.34,54.78],[-132.31,54.78],[-132.32,54.77]]],[[[-132.4,54.8],[-132.39,54.79],[-132.4,54.78],[-132.41,54.78],[-132.41,54.8],[-132.4,54.8]]],[[[-132.44,54.78],[-132.45,54.8],[-132.43,54.81],[-132.42,54.79],[-132.44,54.78]]],[[[-132.95,54.83],[-132.98,54.81],[-132.99,54.82],[-132.98,54.83],[-132.95,54.83]]],[[[-159.58,54.83],[-159.57,54.82],[-159.54,54.8],[-159.51,54.79],[-159.51,54.76],[-159.52,54.76],[-159.55,54.75],[-159.6,54.76],[-159.58,54.77],[-159.59,54.78],[-159.59,54.8],[-159.6,54.8],[-159.61,54.81],[-159.58,54.83]]],[[[-133.53,54.83],[-133.52,54.82],[-133.52,54.81],[-133.51,54.79],[-133.52,54.77],[-133.55,54.78],[-133.54,54.8],[-133.55,54.82],[-133.53,54.83]]],[[[-159.73,54.84],[-159.69,54.83],[-159.72,54.82],[-159.75,54.81],[-159.76,54.8],[-159.77,54.8],[-159.8,54.8],[-159.82,54.82],[-159.8,54.82],[-159.79,54.83],[-159.78,54.82],[-159.75,54.84],[-159.73,54.84]]],[[[-130.51,54.85],[-130.51,54.83],[-130.53,54.82],[-130.55,54.81],[-130.57,54.8],[-130.58,54.8],[-130.61,54.79],[-130.61,54.81],[-130.6,54.83],[-130.58,54.83],[-130.54,54.86],[-130.52,54.87],[-130.51,54.85]]],[[[-131.98,54.88],[-131.99,54.87],[-132.01,54.88],[-132,54.89],[-131.98,54.89],[-131.98,54.88]]],[[[-160.21,54.94],[-160.19,54.93],[-160.18,54.9],[-160.2,54.89],[-160.21,54.87],[-160.22,54.86],[-160.23,54.87],[-160.24,54.89],[-160.25,54.89],[-160.25,54.91],[-160.26,54.92],[-160.24,54.93],[-160.23,54.94],[-160.21,54.94]]],[[[-132.62,54.87],[-132.64,54.88],[-132.65,54.87],[-132.66,54.86],[-132.63,54.85],[-132.65,54.84],[-132.66,54.85],[-132.67,54.84],[-132.69,54.85],[-132.71,54.85],[-132.67,54.83],[-132.64,54.82],[-132.62,54.8],[-132.61,54.77],[-132.62,54.77],[-132.63,54.75],[-132.66,54.75],[-132.68,54.77],[-132.68,54.78],[-132.69,54.79],[-132.71,54.82],[-132.74,54.83],[-132.74,54.84],[-132.76,54.85],[-132.79,54.86],[-132.81,54.88],[-132.81,54.9],[-132.82,54.92],[-132.81,54.93],[-132.74,54.93],[-132.73,54.94],[-132.71,54.93],[-132.73,54.92],[-132.72,54.92],[-132.7,54.92],[-132.68,54.91],[-132.65,54.9],[-132.63,54.88],[-132.62,54.87]]],[[[-159.27,54.93],[-159.26,54.92],[-159.24,54.92],[-159.22,54.93],[-159.21,54.93],[-159.2,54.91],[-159.21,54.89],[-159.23,54.88],[-159.25,54.87],[-159.28,54.86],[-159.3,54.86],[-159.32,54.88],[-159.32,54.9],[-159.3,54.92],[-159.29,54.91],[-159.27,54.92],[-159.28,54.93],[-159.33,54.93],[-159.28,54.95],[-159.27,54.94],[-159.27,54.93]]],[[[-131.61,54.95],[-131.58,54.95],[-131.6,54.93],[-131.61,54.95]]],[[[-162.3,54.98],[-162.26,54.98],[-162.25,54.97],[-162.23,54.95],[-162.23,54.94],[-162.24,54.92],[-162.24,54.91],[-162.23,54.88],[-162.25,54.88],[-162.27,54.86],[-162.28,54.84],[-162.3,54.83],[-162.32,54.83],[-162.34,54.84],[-162.36,54.85],[-162.4,54.88],[-162.43,54.88],[-162.42,54.89],[-162.43,54.9],[-162.42,54.92],[-162.44,54.93],[-162.4,54.93],[-162.38,54.94],[-162.37,54.96],[-162.37,54.97],[-162.32,54.98],[-162.3,54.98]]],[[[-131.33,54.99],[-131.31,54.99],[-131.3,54.98],[-131.33,54.98],[-131.33,54.99]]],[[[-131.25,54.98],[-131.25,54.96],[-131.23,54.95],[-131.25,54.93],[-131.23,54.92],[-131.22,54.93],[-131.19,54.92],[-131.22,54.9],[-131.23,54.89],[-131.22,54.88],[-131.26,54.88],[-131.28,54.89],[-131.32,54.87],[-131.33,54.86],[-131.35,54.86],[-131.37,54.87],[-131.39,54.87],[-131.39,54.89],[-131.41,54.89],[-131.44,54.9],[-131.45,54.92],[-131.47,54.91],[-131.49,54.93],[-131.49,54.95],[-131.46,54.96],[-131.45,54.96],[-131.42,54.96],[-131.4,54.98],[-131.38,54.97],[-131.36,54.98],[-131.35,54.96],[-131.32,54.97],[-131.28,55],[-131.25,55],[-131.25,54.98]]],[[[-131.53,55],[-131.5,54.99],[-131.5,54.97],[-131.51,54.97],[-131.52,54.99],[-131.54,55],[-131.53,55]]],[[[-161.88,54.98],[-161.9,55.01],[-161.92,55.02],[-161.91,55.03],[-161.89,55.02],[-161.86,55],[-161.88,54.98]]],[[[-131.24,55.03],[-131.25,55.01],[-131.27,55.01],[-131.27,55.02],[-131.26,55.03],[-131.24,55.03]]],[[[-164.31,54.89],[-164.28,54.9],[-164.23,54.92],[-164.21,54.93],[-164.19,54.92],[-164.17,54.93],[-164.18,54.94],[-164.16,54.96],[-164.14,54.96],[-164.13,54.97],[-164.11,54.96],[-164.08,54.96],[-164.02,54.97],[-163.97,54.99],[-163.95,55.01],[-163.9,55.03],[-163.88,55.04],[-163.86,55.03],[-163.84,55.04],[-163.78,55.05],[-163.75,55.05],[-163.66,55.04],[-163.56,55.05],[-163.54,55.05],[-163.51,55.04],[-163.48,55.04],[-163.47,55.04],[-163.51,55.04],[-163.53,55.04],[-163.54,55.04],[-163.54,55.03],[-163.53,55.02],[-163.51,55.01],[-163.49,55],[-163.47,54.99],[-163.44,54.97],[-163.42,54.95],[-163.41,54.92],[-163.4,54.89],[-163.41,54.89],[-163.4,54.87],[-163.41,54.86],[-163.4,54.84],[-163.37,54.82],[-163.38,54.8],[-163.37,54.79],[-163.33,54.75],[-163.28,54.75],[-163.26,54.75],[-163.24,54.76],[-163.22,54.76],[-163.2,54.77],[-163.19,54.78],[-163.17,54.77],[-163.15,54.76],[-163.1,54.73],[-163.09,54.7],[-163.1,54.69],[-163.06,54.68],[-163.05,54.67],[-163.06,54.66],[-163.09,54.66],[-163.12,54.67],[-163.13,54.67],[-163.15,54.68],[-163.11,54.69],[-163.15,54.7],[-163.2,54.7],[-163.21,54.69],[-163.25,54.69],[-163.26,54.7],[-163.25,54.71],[-163.26,54.71],[-163.28,54.7],[-163.33,54.72],[-163.33,54.73],[-163.33,54.75],[-163.36,54.75],[-163.39,54.74],[-163.43,54.72],[-163.41,54.71],[-163.41,54.69],[-163.41,54.67],[-163.42,54.66],[-163.47,54.66],[-163.5,54.65],[-163.51,54.64],[-163.53,54.63],[-163.57,54.62],[-163.59,54.61],[-163.6,54.62],[-163.67,54.63],[-163.77,54.63],[-163.82,54.64],[-163.84,54.63],[-163.86,54.63],[-163.96,54.63],[-164,54.63],[-164.07,54.62],[-164.14,54.61],[-164.21,54.59],[-164.26,54.58],[-164.28,54.57],[-164.33,54.54],[-164.34,54.52],[-164.34,54.51],[-164.32,54.51],[-164.34,54.5],[-164.33,54.48],[-164.35,54.46],[-164.37,54.45],[-164.4,54.44],[-164.41,54.43],[-164.45,54.43],[-164.45,54.42],[-164.49,54.41],[-164.55,54.41],[-164.6,54.4],[-164.61,54.4],[-164.65,54.39],[-164.68,54.4],[-164.7,54.4],[-164.73,54.4],[-164.74,54.39],[-164.77,54.4],[-164.79,54.4],[-164.83,54.42],[-164.84,54.42],[-164.85,54.44],[-164.87,54.44],[-164.88,54.47],[-164.89,54.48],[-164.9,54.47],[-164.91,54.48],[-164.9,54.49],[-164.91,54.51],[-164.93,54.52],[-164.94,54.54],[-164.94,54.56],[-164.95,54.58],[-164.93,54.6],[-164.89,54.61],[-164.86,54.62],[-164.85,54.63],[-164.83,54.63],[-164.81,54.64],[-164.8,54.64],[-164.77,54.64],[-164.72,54.66],[-164.69,54.68],[-164.66,54.72],[-164.63,54.76],[-164.62,54.79],[-164.6,54.79],[-164.59,54.8],[-164.56,54.84],[-164.56,54.88],[-164.56,54.89],[-164.52,54.89],[-164.51,54.91],[-164.47,54.93],[-164.43,54.93],[-164.4,54.92],[-164.36,54.91],[-164.36,54.9],[-164.31,54.89]]],[[[-159.83,55.04],[-159.81,55.01],[-159.83,55.01],[-159.85,55.02],[-159.85,55.04],[-159.83,55.04]]],[[[-159.3,55.05],[-159.32,55.05],[-159.32,55.06],[-159.3,55.06],[-159.3,55.05]]],[[[-159.42,55.06],[-159.38,55.06],[-159.35,55.05],[-159.34,55.04],[-159.35,55.03],[-159.38,55.05],[-159.4,55.03],[-159.38,55.02],[-159.36,55.01],[-159.37,55.01],[-159.34,55],[-159.33,54.98],[-159.35,54.97],[-159.37,54.97],[-159.37,54.96],[-159.42,54.95],[-159.43,54.94],[-159.46,54.94],[-159.44,54.96],[-159.45,54.97],[-159.44,54.98],[-159.4,54.98],[-159.4,54.99],[-159.42,55],[-159.42,55.02],[-159.41,55.03],[-159.43,55.04],[-159.46,55.02],[-159.47,55.02],[-159.45,55.05],[-159.44,55.05],[-159.42,55.06]]],[[[-161.94,55.04],[-161.95,55.04],[-161.95,55.06],[-161.94,55.05],[-161.94,55.04]]],[[[-132.92,55.06],[-132.91,55.06],[-132.92,55.06],[-132.94,55.07],[-132.92,55.07],[-132.92,55.06]]],[[[-159.79,55.09],[-159.76,55.08],[-159.77,55.07],[-159.8,55.06],[-159.82,55.07],[-159.82,55.09],[-159.79,55.09]]],[[[-131.21,55.11],[-131.18,55.1],[-131.18,55.09],[-131.18,55.08],[-131.19,55.07],[-131.19,55.05],[-131.2,55.04],[-131.21,55.05],[-131.24,55.07],[-131.24,55.09],[-131.23,55.09],[-131.21,55.11]]],[[[-161.89,55.11],[-161.88,55.11],[-161.86,55.1],[-161.86,55.09],[-161.89,55.09],[-161.92,55.1],[-161.92,55.11],[-161.9,55.12],[-161.89,55.11]]],[[[-161.55,55.07],[-161.56,55.06],[-161.58,55.06],[-161.61,55.07],[-161.59,55.09],[-161.61,55.11],[-161.57,55.1],[-161.55,55.08],[-161.55,55.07]]],[[[-159.73,55.09],[-159.74,55.09],[-159.75,55.1],[-159.73,55.11],[-159.73,55.12],[-159.71,55.13],[-159.71,55.12],[-159.72,55.1],[-159.71,55.09],[-159.73,55.09]]],[[[-161.81,55.17],[-161.78,55.17],[-161.76,55.17],[-161.75,55.16],[-161.74,55.15],[-161.73,55.14],[-161.71,55.14],[-161.67,55.13],[-161.64,55.12],[-161.63,55.11],[-161.67,55.09],[-161.68,55.08],[-161.7,55.08],[-161.72,55.06],[-161.73,55.06],[-161.74,55.05],[-161.77,55.06],[-161.77,55.07],[-161.8,55.08],[-161.79,55.1],[-161.77,55.11],[-161.76,55.14],[-161.78,55.15],[-161.78,55.16],[-161.81,55.16],[-161.79,55.15],[-161.79,55.13],[-161.82,55.11],[-161.85,55.12],[-161.86,55.13],[-161.89,55.13],[-161.9,55.14],[-161.89,55.16],[-161.86,55.17],[-161.85,55.18],[-161.84,55.18],[-161.82,55.18],[-161.81,55.17]]],[[[-131.34,55.16],[-131.36,55.17],[-131.38,55.19],[-131.33,55.17],[-131.34,55.16]]],[[[-132.7,55.08],[-132.7,55.07],[-132.68,55.05],[-132.69,55.03],[-132.7,55.02],[-132.72,55.02],[-132.73,55.01],[-132.74,55.01],[-132.77,55],[-132.77,55.01],[-132.79,55.02],[-132.78,55.03],[-132.8,55.03],[-132.81,55.01],[-132.83,55.02],[-132.87,55.02],[-132.89,55.04],[-132.87,55.05],[-132.87,55.06],[-132.85,55.06],[-132.85,55.07],[-132.82,55.08],[-132.84,55.09],[-132.85,55.09],[-132.88,55.11],[-132.87,55.12],[-132.9,55.15],[-132.89,55.16],[-132.87,55.17],[-132.85,55.18],[-132.84,55.2],[-132.83,55.2],[-132.82,55.18],[-132.77,55.16],[-132.77,55.15],[-132.74,55.14],[-132.72,55.14],[-132.69,55.12],[-132.7,55.11],[-132.72,55.11],[-132.73,55.11],[-132.71,55.09],[-132.7,55.08]]],[[[-161.35,55.22],[-161.35,55.21],[-161.33,55.19],[-161.33,55.18],[-161.34,55.16],[-161.37,55.16],[-161.39,55.17],[-161.41,55.18],[-161.42,55.19],[-161.44,55.2],[-161.43,55.22],[-161.4,55.22],[-161.37,55.22],[-161.35,55.22]]],[[[-159.62,55.05],[-159.65,55.04],[-159.65,55.06],[-159.64,55.09],[-159.61,55.08],[-159.6,55.09],[-159.63,55.1],[-159.65,55.13],[-159.64,55.13],[-159.6,55.12],[-159.59,55.11],[-159.56,55.1],[-159.56,55.11],[-159.59,55.13],[-159.59,55.14],[-159.58,55.15],[-159.56,55.14],[-159.54,55.15],[-159.56,55.16],[-159.59,55.16],[-159.56,55.17],[-159.58,55.18],[-159.59,55.21],[-159.57,55.22],[-159.56,55.21],[-159.54,55.22],[-159.53,55.23],[-159.52,55.24],[-159.51,55.23],[-159.51,55.21],[-159.54,55.19],[-159.54,55.18],[-159.52,55.17],[-159.49,55.16],[-159.51,55.15],[-159.5,55.14],[-159.53,55.13],[-159.52,55.11],[-159.53,55.11],[-159.53,55.09],[-159.53,55.08],[-159.51,55.07],[-159.48,55.06],[-159.51,55.04],[-159.52,55.05],[-159.54,55.06],[-159.55,55.08],[-159.57,55.09],[-159.57,55.07],[-159.57,55.05],[-159.58,55.04],[-159.6,55.04],[-159.62,55.05]]],[[[-161.53,55.26],[-161.53,55.25],[-161.55,55.24],[-161.56,55.21],[-161.58,55.21],[-161.6,55.21],[-161.64,55.2],[-161.67,55.2],[-161.69,55.2],[-161.7,55.21],[-161.69,55.23],[-161.66,55.25],[-161.62,55.24],[-161.58,55.25],[-161.56,55.25],[-161.53,55.26]]],[[[-133.06,55.16],[-133.11,55.16],[-133.1,55.15],[-133.07,55.15],[-133.05,55.13],[-133.03,55.14],[-133.01,55.12],[-133.02,55.12],[-133.01,55.1],[-133.01,55.09],[-132.98,55.07],[-133,55.07],[-133.04,55.09],[-133.08,55.1],[-133.09,55.09],[-133.05,55.09],[-133.06,55.07],[-133.01,55.06],[-133.02,55.04],[-133.06,55.05],[-133.06,55.04],[-133.03,55.04],[-133.03,55.03],[-133.01,55.03],[-132.99,55.03],[-132.98,55.02],[-132.97,55.02],[-132.95,55.02],[-132.96,54.99],[-132.96,54.98],[-132.94,54.97],[-132.95,54.95],[-132.93,54.95],[-132.91,54.94],[-132.9,54.93],[-132.91,54.92],[-132.92,54.91],[-132.91,54.91],[-132.88,54.9],[-132.86,54.9],[-132.85,54.88],[-132.84,54.87],[-132.81,54.86],[-132.82,54.85],[-132.8,54.85],[-132.78,54.84],[-132.75,54.82],[-132.76,54.81],[-132.73,54.78],[-132.73,54.77],[-132.72,54.76],[-132.73,54.76],[-132.74,54.75],[-132.73,54.73],[-132.7,54.73],[-132.7,54.72],[-132.71,54.7],[-132.72,54.69],[-132.68,54.68],[-132.67,54.67],[-132.69,54.66],[-132.71,54.67],[-132.73,54.66],[-132.76,54.68],[-132.77,54.69],[-132.8,54.69],[-132.81,54.7],[-132.82,54.69],[-132.84,54.69],[-132.86,54.7],[-132.86,54.71],[-132.87,54.72],[-132.86,54.73],[-132.88,54.73],[-132.88,54.75],[-132.86,54.74],[-132.9,54.77],[-132.92,54.78],[-132.95,54.79],[-132.97,54.8],[-132.97,54.81],[-132.95,54.82],[-132.93,54.83],[-132.92,54.84],[-132.94,54.85],[-132.98,54.83],[-133,54.83],[-133.01,54.84],[-133.04,54.86],[-133.02,54.86],[-133.02,54.87],[-133.03,54.87],[-133.04,54.88],[-133.04,54.89],[-133.06,54.89],[-133.07,54.91],[-133.04,54.92],[-133.12,54.92],[-133.13,54.93],[-133.12,54.94],[-133.07,54.94],[-133.09,54.95],[-133.13,54.95],[-133.16,54.95],[-133.16,54.97],[-133.17,54.98],[-133.15,55],[-133.17,55.02],[-133.17,55.03],[-133.2,55.04],[-133.21,55.06],[-133.18,55.05],[-133.17,55.06],[-133.19,55.06],[-133.24,55.09],[-133.24,55.1],[-133.21,55.11],[-133.16,55.1],[-133.14,55.11],[-133.18,55.11],[-133.18,55.12],[-133.15,55.13],[-133.12,55.12],[-133.12,55.13],[-133.14,55.14],[-133.17,55.13],[-133.18,55.12],[-133.21,55.12],[-133.23,55.13],[-133.19,55.14],[-133.22,55.15],[-133.23,55.16],[-133.2,55.16],[-133.2,55.17],[-133.23,55.18],[-133.22,55.18],[-133.18,55.2],[-133.18,55.21],[-133.2,55.21],[-133.21,55.21],[-133.22,55.22],[-133.22,55.24],[-133.21,55.25],[-133.16,55.25],[-133.15,55.25],[-133.14,55.26],[-133.12,55.26],[-133.1,55.24],[-133.11,55.23],[-133.1,55.22],[-133.08,55.19],[-133.06,55.16]]],[[[-131.42,55.26],[-131.4,55.25],[-131.4,55.24],[-131.43,55.24],[-131.46,55.26],[-131.44,55.26],[-131.42,55.26]]],[[[-133.01,55.26],[-133.01,55.25],[-133.04,55.25],[-133.05,55.26],[-133.04,55.27],[-133.01,55.26]]],[[[-131.37,55.11],[-131.37,55.09],[-131.36,55.08],[-131.35,55.07],[-131.36,55.04],[-131.38,55.02],[-131.39,55.01],[-131.46,55.01],[-131.48,55.01],[-131.5,55.02],[-131.51,55.03],[-131.51,55.04],[-131.52,55.06],[-131.54,55.07],[-131.55,55.09],[-131.57,55.07],[-131.56,55.06],[-131.55,55.07],[-131.53,55.04],[-131.54,55.03],[-131.57,55.02],[-131.6,55],[-131.62,55.01],[-131.63,55.01],[-131.65,55.03],[-131.62,55.04],[-131.62,55.06],[-131.61,55.07],[-131.6,55.07],[-131.59,55.09],[-131.61,55.1],[-131.59,55.13],[-131.58,55.13],[-131.54,55.12],[-131.53,55.14],[-131.54,55.15],[-131.56,55.17],[-131.59,55.17],[-131.57,55.18],[-131.58,55.19],[-131.6,55.21],[-131.6,55.22],[-131.6,55.25],[-131.59,55.26],[-131.59,55.27],[-131.56,55.27],[-131.54,55.27],[-131.52,55.26],[-131.49,55.25],[-131.47,55.24],[-131.47,55.23],[-131.44,55.21],[-131.41,55.22],[-131.39,55.2],[-131.39,55.19],[-131.36,55.16],[-131.36,55.14],[-131.35,55.12],[-131.36,55.11],[-131.37,55.11],[-131.37,55.12],[-131.37,55.11]]],[[[-159.87,55.28],[-159.85,55.27],[-159.84,55.24],[-159.86,55.23],[-159.9,55.23],[-159.89,55.2],[-159.9,55.18],[-159.89,55.15],[-159.88,55.13],[-159.86,55.15],[-159.86,55.17],[-159.85,55.18],[-159.81,55.17],[-159.82,55.17],[-159.81,55.16],[-159.83,55.13],[-159.84,55.13],[-159.86,55.14],[-159.87,55.14],[-159.85,55.11],[-159.87,55.09],[-159.89,55.11],[-159.9,55.11],[-159.92,55.12],[-159.94,55.13],[-159.95,55.12],[-159.95,55.11],[-159.97,55.1],[-159.96,55.09],[-159.94,55.09],[-159.93,55.07],[-159.98,55.07],[-160,55.08],[-160.01,55.06],[-160,55.06],[-159.99,55.05],[-160.01,55.03],[-160.05,55.03],[-160.04,55.01],[-160.05,55],[-160.07,55],[-160.08,54.99],[-160.11,54.99],[-160.12,54.97],[-160.12,54.95],[-160.14,54.94],[-160.16,54.94],[-160.17,54.95],[-160.19,54.96],[-160.16,54.97],[-160.15,54.99],[-160.14,55.01],[-160.12,55.02],[-160.08,55.04],[-160.1,55.05],[-160.13,55.04],[-160.18,55.05],[-160.17,55.07],[-160.14,55.08],[-160.12,55.06],[-160.11,55.07],[-160.13,55.09],[-160.14,55.09],[-160.19,55.1],[-160.2,55.11],[-160.18,55.12],[-160.16,55.12],[-160.14,55.11],[-160.07,55.09],[-160.06,55.09],[-160.09,55.1],[-160.12,55.13],[-160.13,55.15],[-160.11,55.16],[-160.09,55.15],[-160.08,55.15],[-160.06,55.13],[-160.06,55.11],[-160.02,55.12],[-160.01,55.1],[-159.99,55.11],[-159.99,55.12],[-160.01,55.12],[-160,55.13],[-160.02,55.14],[-160.02,55.16],[-160.05,55.19],[-160.05,55.2],[-160.02,55.2],[-160,55.19],[-159.97,55.17],[-159.96,55.16],[-159.95,55.17],[-159.97,55.21],[-159.94,55.21],[-159.93,55.21],[-159.93,55.22],[-159.93,55.23],[-159.93,55.25],[-159.9,55.27],[-159.89,55.29],[-159.87,55.28]]],[[[-162.91,55.32],[-162.92,55.31],[-162.93,55.3],[-162.94,55.28],[-162.95,55.28],[-162.92,55.32],[-162.91,55.32]]],[[[-131.6,55.3],[-131.65,55.32],[-131.66,55.34],[-131.63,55.33],[-131.6,55.3]]],[[[-160.06,55.34],[-160.05,55.33],[-160.03,55.32],[-160.03,55.31],[-160.1,55.31],[-160.11,55.33],[-160.12,55.33],[-160.1,55.34],[-160.06,55.34]]],[[[-133.35,55.34],[-133.33,55.34],[-133.31,55.33],[-133.31,55.32],[-133.3,55.31],[-133.34,55.28],[-133.32,55.28],[-133.29,55.29],[-133.27,55.29],[-133.25,55.28],[-133.23,55.27],[-133.24,55.24],[-133.26,55.22],[-133.29,55.21],[-133.31,55.21],[-133.32,55.21],[-133.34,55.2],[-133.35,55.22],[-133.39,55.23],[-133.41,55.21],[-133.44,55.21],[-133.45,55.22],[-133.47,55.25],[-133.47,55.27],[-133.42,55.27],[-133.43,55.28],[-133.45,55.29],[-133.46,55.3],[-133.46,55.32],[-133.44,55.33],[-133.39,55.32],[-133.4,55.34],[-133.35,55.35],[-133.35,55.34]]],[[[-160.36,55.36],[-160.33,55.36],[-160.32,55.31],[-160.31,55.3],[-160.33,55.26],[-160.34,55.25],[-160.38,55.26],[-160.38,55.27],[-160.39,55.29],[-160.43,55.29],[-160.44,55.3],[-160.47,55.29],[-160.48,55.29],[-160.52,55.31],[-160.53,55.32],[-160.52,55.32],[-160.5,55.33],[-160.5,55.35],[-160.49,55.36],[-160.47,55.36],[-160.46,55.35],[-160.42,55.34],[-160.4,55.35],[-160.36,55.36]]],[[[-130.95,55.38],[-130.93,55.34],[-130.94,55.33],[-130.96,55.32],[-130.97,55.32],[-130.97,55.34],[-130.98,55.35],[-130.98,55.37],[-130.97,55.38],[-130.95,55.38]]],[[[-133.12,55.4],[-133.13,55.39],[-133.16,55.39],[-133.16,55.4],[-133.12,55.4]]],[[[-160.77,55.16],[-160.8,55.13],[-160.82,55.13],[-160.82,55.15],[-160.81,55.16],[-160.81,55.17],[-160.82,55.17],[-160.82,55.19],[-160.84,55.2],[-160.85,55.21],[-160.84,55.24],[-160.84,55.26],[-160.86,55.27],[-160.84,55.29],[-160.84,55.31],[-160.85,55.32],[-160.84,55.34],[-160.8,55.38],[-160.79,55.39],[-160.76,55.39],[-160.73,55.41],[-160.71,55.4],[-160.69,55.4],[-160.66,55.4],[-160.65,55.39],[-160.65,55.36],[-160.65,55.34],[-160.67,55.34],[-160.68,55.32],[-160.7,55.32],[-160.69,55.31],[-160.67,55.3],[-160.63,55.32],[-160.61,55.32],[-160.6,55.34],[-160.62,55.35],[-160.57,55.39],[-160.55,55.39],[-160.53,55.38],[-160.52,55.36],[-160.53,55.34],[-160.56,55.33],[-160.58,55.31],[-160.57,55.28],[-160.55,55.26],[-160.53,55.25],[-160.53,55.24],[-160.56,55.24],[-160.57,55.23],[-160.51,55.23],[-160.49,55.22],[-160.5,55.2],[-160.49,55.19],[-160.46,55.19],[-160.47,55.18],[-160.5,55.18],[-160.52,55.19],[-160.53,55.18],[-160.51,55.17],[-160.5,55.16],[-160.51,55.15],[-160.53,55.13],[-160.54,55.16],[-160.59,55.16],[-160.61,55.15],[-160.63,55.16],[-160.65,55.16],[-160.68,55.17],[-160.69,55.19],[-160.72,55.2],[-160.75,55.2],[-160.77,55.19],[-160.77,55.18],[-160.78,55.17],[-160.77,55.16]]],[[[-162.7,55.41],[-162.73,55.4],[-162.75,55.39],[-162.76,55.39],[-162.7,55.41]]],[[[-133.43,55.38],[-133.44,55.38],[-133.45,55.4],[-133.44,55.43],[-133.41,55.42],[-133.41,55.41],[-133.42,55.38],[-133.43,55.38]]],[[[-131.83,55.42],[-131.81,55.41],[-131.78,55.4],[-131.74,55.37],[-131.7,55.35],[-131.66,55.32],[-131.63,55.3],[-131.62,55.29],[-131.65,55.28],[-131.67,55.3],[-131.68,55.29],[-131.69,55.27],[-131.67,55.26],[-131.68,55.26],[-131.69,55.23],[-131.7,55.22],[-131.72,55.23],[-131.74,55.25],[-131.77,55.26],[-131.77,55.25],[-131.74,55.23],[-131.75,55.22],[-131.74,55.21],[-131.71,55.2],[-131.73,55.19],[-131.72,55.18],[-131.73,55.17],[-131.75,55.16],[-131.74,55.15],[-131.75,55.13],[-131.77,55.13],[-131.77,55.14],[-131.79,55.15],[-131.79,55.17],[-131.82,55.18],[-131.83,55.19],[-131.83,55.2],[-131.84,55.23],[-131.84,55.25],[-131.85,55.27],[-131.86,55.29],[-131.87,55.32],[-131.86,55.33],[-131.86,55.35],[-131.85,55.35],[-131.88,55.37],[-131.88,55.38],[-131.83,55.38],[-131.85,55.39],[-131.85,55.42],[-131.85,55.43],[-131.83,55.42]]],[[[-133.49,55.42],[-133.47,55.41],[-133.46,55.4],[-133.46,55.38],[-133.49,55.37],[-133.52,55.37],[-133.51,55.36],[-133.54,55.33],[-133.58,55.35],[-133.59,55.34],[-133.57,55.33],[-133.57,55.32],[-133.58,55.31],[-133.6,55.3],[-133.59,55.29],[-133.6,55.27],[-133.61,55.25],[-133.6,55.24],[-133.62,55.24],[-133.64,55.26],[-133.67,55.28],[-133.67,55.29],[-133.69,55.3],[-133.69,55.32],[-133.66,55.33],[-133.64,55.35],[-133.63,55.36],[-133.65,55.37],[-133.66,55.38],[-133.64,55.4],[-133.62,55.39],[-133.61,55.41],[-133.61,55.42],[-133.59,55.43],[-133.57,55.43],[-133.56,55.41],[-133.53,55.42],[-133.52,55.41],[-133.49,55.42]]],[[[-163.13,55.43],[-163.12,55.42],[-163.12,55.4],[-163.13,55.4],[-163.16,55.4],[-163.18,55.41],[-163.17,55.43],[-163.14,55.44],[-163.13,55.43]]],[[[-133.61,55.44],[-133.62,55.43],[-133.64,55.43],[-133.65,55.44],[-133.61,55.44]]],[[[-133.25,55.45],[-133.23,55.44],[-133.25,55.41],[-133.27,55.41],[-133.29,55.4],[-133.31,55.4],[-133.33,55.41],[-133.3,55.45],[-133.28,55.44],[-133.25,55.45]]],[[[-160.26,55.46],[-160.22,55.46],[-160.22,55.45],[-160.2,55.44],[-160.19,55.45],[-160.18,55.44],[-160.15,55.45],[-160.14,55.45],[-160.15,55.43],[-160.16,55.42],[-160.14,55.4],[-160.14,55.39],[-160.15,55.38],[-160.17,55.38],[-160.17,55.4],[-160.18,55.4],[-160.21,55.4],[-160.23,55.41],[-160.27,55.41],[-160.28,55.39],[-160.32,55.39],[-160.33,55.4],[-160.35,55.42],[-160.32,55.45],[-160.3,55.45],[-160.27,55.46],[-160.26,55.46]]],[[[-133.18,55.5],[-133.16,55.49],[-133.16,55.48],[-133.18,55.48],[-133.18,55.5]]],[[[-132.35,55.5],[-132.34,55.5],[-132.33,55.49],[-132.36,55.49],[-132.37,55.5],[-132.35,55.5]]],[[[-160.06,55.5],[-160.06,55.51],[-160.05,55.52],[-160.04,55.51],[-160.06,55.5]]],[[[-133.54,55.51],[-133.53,55.53],[-133.51,55.53],[-133.5,55.52],[-133.46,55.51],[-133.44,55.49],[-133.43,55.46],[-133.43,55.45],[-133.45,55.44],[-133.54,55.43],[-133.56,55.44],[-133.59,55.45],[-133.62,55.45],[-133.62,55.46],[-133.59,55.47],[-133.57,55.48],[-133.54,55.49],[-133.54,55.51]]],[[[-131.78,55.54],[-131.77,55.52],[-131.78,55.5],[-131.84,55.49],[-131.84,55.51],[-131.83,55.52],[-131.83,55.53],[-131.79,55.54],[-131.78,55.54]]],[[[-133.73,55.56],[-133.66,55.56],[-133.65,55.55],[-133.63,55.53],[-133.62,55.55],[-133.6,55.55],[-133.59,55.54],[-133.59,55.52],[-133.59,55.51],[-133.6,55.5],[-133.63,55.49],[-133.63,55.48],[-133.64,55.47],[-133.64,55.45],[-133.67,55.44],[-133.7,55.46],[-133.73,55.46],[-133.74,55.47],[-133.77,55.46],[-133.78,55.47],[-133.78,55.48],[-133.77,55.5],[-133.71,55.52],[-133.75,55.53],[-133.76,55.53],[-133.75,55.55],[-133.73,55.56]]],[[[-131.72,55.56],[-131.71,55.55],[-131.73,55.54],[-131.73,55.56],[-131.72,55.56]]],[[[-133.32,55.55],[-133.29,55.54],[-133.28,55.52],[-133.29,55.51],[-133.31,55.48],[-133.32,55.48],[-133.35,55.47],[-133.37,55.46],[-133.38,55.47],[-133.4,55.48],[-133.41,55.49],[-133.41,55.5],[-133.44,55.52],[-133.45,55.53],[-133.45,55.54],[-133.44,55.55],[-133.44,55.56],[-133.42,55.56],[-133.41,55.57],[-133.39,55.56],[-133.37,55.58],[-133.35,55.56],[-133.34,55.57],[-133.32,55.55]]],[[[-133.14,55.53],[-133.15,55.53],[-133.16,55.54],[-133.16,55.55],[-133.16,55.57],[-133.14,55.59],[-133.12,55.6],[-133.13,55.57],[-133.12,55.57],[-133.12,55.56],[-133.14,55.55],[-133.13,55.54],[-133.14,55.53]]],[[[-133.6,55.6],[-133.62,55.58],[-133.64,55.6],[-133.6,55.6]]],[[[-133.72,55.61],[-133.71,55.61],[-133.69,55.58],[-133.72,55.58],[-133.73,55.6],[-133.72,55.61]]],[[[-133.66,55.62],[-133.64,55.62],[-133.64,55.61],[-133.65,55.61],[-133.66,55.62]]],[[[-133.4,55.63],[-133.42,55.63],[-133.44,55.64],[-133.42,55.65],[-133.4,55.63]]],[[[-133.61,55.69],[-133.59,55.69],[-133.56,55.68],[-133.54,55.67],[-133.55,55.65],[-133.55,55.64],[-133.59,55.62],[-133.6,55.64],[-133.57,55.65],[-133.57,55.66],[-133.58,55.66],[-133.61,55.69]]],[[[-159.35,55.77],[-159.34,55.77],[-159.33,55.76],[-159.37,55.73],[-159.39,55.75],[-159.37,55.77],[-159.35,55.77]]],[[[-159.31,55.82],[-159.31,55.8],[-159.29,55.8],[-159.3,55.78],[-159.28,55.77],[-159.28,55.76],[-159.31,55.76],[-159.31,55.77],[-159.32,55.77],[-159.34,55.79],[-159.37,55.79],[-159.35,55.81],[-159.33,55.82],[-159.31,55.82]]],[[[-133.34,55.77],[-133.34,55.76],[-133.37,55.76],[-133.42,55.74],[-133.43,55.74],[-133.46,55.75],[-133.49,55.76],[-133.5,55.77],[-133.51,55.77],[-133.55,55.78],[-133.51,55.76],[-133.51,55.75],[-133.49,55.73],[-133.49,55.71],[-133.53,55.69],[-133.58,55.7],[-133.6,55.72],[-133.62,55.72],[-133.65,55.73],[-133.67,55.75],[-133.67,55.76],[-133.7,55.78],[-133.67,55.79],[-133.68,55.8],[-133.66,55.81],[-133.66,55.82],[-133.62,55.83],[-133.6,55.8],[-133.59,55.8],[-133.59,55.83],[-133.58,55.84],[-133.55,55.83],[-133.54,55.83],[-133.51,55.82],[-133.49,55.79],[-133.47,55.79],[-133.43,55.79],[-133.4,55.8],[-133.38,55.79],[-133.35,55.8],[-133.35,55.81],[-133.33,55.81],[-133.31,55.8],[-133.32,55.79],[-133.34,55.78],[-133.34,55.77]]],[[[-159.35,55.82],[-159.36,55.82],[-159.37,55.83],[-159.36,55.84],[-159.35,55.82]]],[[[-131.67,55.86],[-131.7,55.85],[-131.71,55.86],[-131.67,55.86]]],[[[-159.13,55.87],[-159.1,55.86],[-159.1,55.85],[-159.09,55.84],[-159.12,55.82],[-159.14,55.83],[-159.15,55.83],[-159.19,55.84],[-159.17,55.85],[-159.15,55.88],[-159.13,55.87]]],[[[-133.69,55.87],[-133.67,55.88],[-133.68,55.85],[-133.69,55.85],[-133.69,55.87]]],[[[-133.51,55.88],[-133.51,55.89],[-133.49,55.89],[-133.48,55.89],[-133.51,55.88]]],[[[-158.82,55.89],[-158.8,55.89],[-158.79,55.88],[-158.78,55.88],[-158.75,55.88],[-158.75,55.87],[-158.75,55.85],[-158.72,55.85],[-158.71,55.85],[-158.7,55.83],[-158.71,55.83],[-158.73,55.83],[-158.73,55.84],[-158.75,55.84],[-158.77,55.85],[-158.8,55.85],[-158.8,55.86],[-158.82,55.86],[-158.85,55.85],[-158.86,55.84],[-158.86,55.83],[-158.87,55.82],[-158.84,55.82],[-158.84,55.81],[-158.89,55.81],[-158.9,55.82],[-158.89,55.84],[-158.88,55.85],[-158.89,55.86],[-158.87,55.88],[-158.85,55.88],[-158.82,55.89]]],[[[-131.67,55.86],[-131.68,55.88],[-131.68,55.89],[-131.66,55.89],[-131.63,55.9],[-131.62,55.9],[-131.59,55.87],[-131.6,55.85],[-131.67,55.86]]],[[[-132.38,55.91],[-132.35,55.9],[-132.34,55.89],[-132.34,55.87],[-132.34,55.86],[-132.36,55.85],[-132.38,55.86],[-132.4,55.88],[-132.39,55.89],[-132.4,55.9],[-132.38,55.91]]],[[[-160.87,55.91],[-160.92,55.9],[-160.91,55.91],[-160.87,55.91]]],[[[-131.68,55.89],[-131.68,55.88],[-131.69,55.89],[-131.66,55.91],[-131.64,55.91],[-131.63,55.91],[-131.68,55.89]]],[[[-132.29,55.9],[-132.32,55.89],[-132.33,55.89],[-132.34,55.9],[-132.29,55.9]]],[[[-155.58,55.78],[-155.59,55.76],[-155.61,55.76],[-155.65,55.77],[-155.68,55.78],[-155.7,55.77],[-155.72,55.77],[-155.72,55.78],[-155.74,55.79],[-155.72,55.8],[-155.75,55.82],[-155.75,55.83],[-155.71,55.84],[-155.68,55.85],[-155.65,55.87],[-155.64,55.9],[-155.61,55.91],[-155.59,55.91],[-155.56,55.91],[-155.56,55.89],[-155.58,55.87],[-155.59,55.85],[-155.56,55.81],[-155.57,55.79],[-155.58,55.78]]],[[[-133.3,55.92],[-133.27,55.9],[-133.29,55.88],[-133.28,55.87],[-133.26,55.87],[-133.24,55.88],[-133.22,55.87],[-133.23,55.85],[-133.22,55.85],[-133.22,55.82],[-133.23,55.82],[-133.23,55.8],[-133.24,55.79],[-133.26,55.78],[-133.31,55.81],[-133.33,55.82],[-133.33,55.83],[-133.35,55.83],[-133.36,55.84],[-133.34,55.85],[-133.33,55.86],[-133.35,55.88],[-133.34,55.89],[-133.32,55.89],[-133.33,55.9],[-133.31,55.92],[-133.3,55.92]]],[[[-134.26,55.92],[-134.26,55.9],[-134.23,55.9],[-134.23,55.91],[-134.19,55.91],[-134.18,55.92],[-134.15,55.92],[-134.12,55.92],[-134.12,55.9],[-134.13,55.9],[-134.17,55.89],[-134.23,55.86],[-134.24,55.85],[-134.25,55.84],[-134.27,55.84],[-134.27,55.83],[-134.3,55.83],[-134.32,55.83],[-134.34,55.84],[-134.34,55.86],[-134.32,55.87],[-134.28,55.87],[-134.29,55.88],[-134.32,55.88],[-134.33,55.88],[-134.37,55.91],[-134.36,55.91],[-134.33,55.93],[-134.33,55.92],[-134.32,55.91],[-134.28,55.93],[-134.26,55.92]]],[[[-133.87,55.94],[-133.85,55.93],[-133.84,55.89],[-133.85,55.88],[-133.87,55.88],[-133.84,55.87],[-133.86,55.85],[-133.89,55.84],[-133.91,55.85],[-133.93,55.87],[-133.94,55.89],[-133.94,55.92],[-133.92,55.92],[-133.9,55.94],[-133.87,55.94]]],[[[-134.13,55.95],[-134.11,55.94],[-134.12,55.93],[-134.14,55.93],[-134.13,55.95]]],[[[-160.81,55.91],[-160.82,55.91],[-160.85,55.91],[-160.83,55.94],[-160.82,55.93],[-160.81,55.91]]],[[[-133.32,55.95],[-133.31,55.93],[-133.32,55.91],[-133.34,55.91],[-133.34,55.93],[-133.33,55.93],[-133.34,55.95],[-133.32,55.95]]],[[[-131.06,55.77],[-131.04,55.77],[-131,55.72],[-130.97,55.7],[-130.97,55.69],[-130.96,55.67],[-130.95,55.65],[-130.95,55.64],[-130.94,55.62],[-130.96,55.61],[-130.96,55.59],[-130.93,55.58],[-130.95,55.55],[-130.97,55.56],[-130.98,55.57],[-130.98,55.55],[-130.99,55.54],[-130.97,55.53],[-130.98,55.52],[-130.98,55.5],[-130.99,55.48],[-130.98,55.46],[-130.98,55.45],[-130.97,55.39],[-130.99,55.38],[-131,55.39],[-131,55.4],[-131.03,55.41],[-131.04,55.4],[-131.03,55.37],[-131.04,55.34],[-131.06,55.32],[-131.05,55.31],[-131.06,55.3],[-131.06,55.26],[-131.08,55.25],[-131.1,55.25],[-131.11,55.23],[-131.13,55.23],[-131.15,55.23],[-131.15,55.22],[-131.15,55.2],[-131.17,55.2],[-131.18,55.19],[-131.21,55.19],[-131.24,55.2],[-131.27,55.21],[-131.27,55.22],[-131.29,55.23],[-131.32,55.24],[-131.28,55.26],[-131.24,55.29],[-131.23,55.31],[-131.22,55.32],[-131.21,55.33],[-131.21,55.35],[-131.19,55.36],[-131.2,55.38],[-131.22,55.39],[-131.24,55.39],[-131.25,55.4],[-131.26,55.4],[-131.29,55.38],[-131.28,55.37],[-131.29,55.36],[-131.27,55.35],[-131.25,55.33],[-131.26,55.32],[-131.27,55.31],[-131.28,55.29],[-131.3,55.28],[-131.31,55.28],[-131.32,55.27],[-131.35,55.26],[-131.37,55.27],[-131.4,55.26],[-131.46,55.28],[-131.47,55.3],[-131.48,55.3],[-131.45,55.32],[-131.44,55.32],[-131.41,55.33],[-131.39,55.34],[-131.38,55.35],[-131.39,55.37],[-131.37,55.37],[-131.36,55.38],[-131.34,55.38],[-131.32,55.38],[-131.33,55.39],[-131.29,55.43],[-131.29,55.45],[-131.29,55.46],[-131.3,55.48],[-131.31,55.51],[-131.34,55.55],[-131.34,55.57],[-131.35,55.58],[-131.35,55.59],[-131.37,55.59],[-131.35,55.56],[-131.35,55.54],[-131.34,55.52],[-131.33,55.51],[-131.33,55.5],[-131.33,55.49],[-131.33,55.47],[-131.31,55.46],[-131.32,55.45],[-131.33,55.43],[-131.33,55.42],[-131.34,55.41],[-131.39,55.39],[-131.39,55.38],[-131.41,55.37],[-131.4,55.36],[-131.41,55.35],[-131.42,55.35],[-131.45,55.34],[-131.46,55.34],[-131.47,55.33],[-131.48,55.34],[-131.47,55.35],[-131.45,55.35],[-131.45,55.37],[-131.44,55.38],[-131.45,55.39],[-131.46,55.41],[-131.48,55.44],[-131.49,55.45],[-131.49,55.46],[-131.49,55.48],[-131.46,55.5],[-131.46,55.52],[-131.48,55.51],[-131.51,55.51],[-131.53,55.47],[-131.53,55.46],[-131.52,55.45],[-131.51,55.43],[-131.51,55.42],[-131.48,55.41],[-131.47,55.38],[-131.48,55.36],[-131.5,55.33],[-131.52,55.32],[-131.53,55.3],[-131.54,55.29],[-131.6,55.31],[-131.6,55.32],[-131.65,55.34],[-131.7,55.35],[-131.74,55.38],[-131.74,55.4],[-131.76,55.41],[-131.78,55.42],[-131.81,55.44],[-131.83,55.45],[-131.83,55.46],[-131.82,55.47],[-131.79,55.47],[-131.75,55.5],[-131.72,55.52],[-131.71,55.53],[-131.69,55.56],[-131.67,55.56],[-131.65,55.54],[-131.66,55.57],[-131.65,55.58],[-131.64,55.6],[-131.63,55.59],[-131.62,55.59],[-131.63,55.59],[-131.63,55.6],[-131.67,55.61],[-131.7,55.61],[-131.72,55.63],[-131.72,55.65],[-131.7,55.68],[-131.68,55.7],[-131.67,55.69],[-131.65,55.7],[-131.64,55.7],[-131.63,55.71],[-131.64,55.73],[-131.66,55.72],[-131.67,55.71],[-131.68,55.7],[-131.7,55.7],[-131.72,55.71],[-131.73,55.73],[-131.72,55.75],[-131.7,55.76],[-131.69,55.75],[-131.67,55.77],[-131.64,55.77],[-131.63,55.76],[-131.62,55.76],[-131.6,55.77],[-131.57,55.78],[-131.54,55.77],[-131.53,55.78],[-131.5,55.79],[-131.53,55.8],[-131.54,55.82],[-131.56,55.81],[-131.55,55.8],[-131.59,55.79],[-131.61,55.78],[-131.64,55.79],[-131.65,55.8],[-131.68,55.8],[-131.7,55.79],[-131.7,55.8],[-131.71,55.83],[-131.67,55.84],[-131.63,55.84],[-131.56,55.83],[-131.55,55.83],[-131.52,55.84],[-131.47,55.83],[-131.47,55.84],[-131.49,55.84],[-131.5,55.85],[-131.56,55.85],[-131.56,55.87],[-131.59,55.89],[-131.6,55.9],[-131.58,55.91],[-131.54,55.91],[-131.51,55.91],[-131.46,55.94],[-131.41,55.93],[-131.38,55.94],[-131.37,55.95],[-131.33,55.96],[-131.28,55.97],[-131.26,55.97],[-131.25,55.97],[-131.24,55.95],[-131.19,55.92],[-131.17,55.91],[-131.12,55.86],[-131.1,55.85],[-131.07,55.83],[-131.06,55.81],[-131.04,55.78],[-131.06,55.77]]],[[[-156.68,56.05],[-156.69,56.04],[-156.67,56.03],[-156.68,56.02],[-156.7,56.02],[-156.72,56.02],[-156.74,56.02],[-156.75,56.04],[-156.72,56.04],[-156.7,56.05],[-156.71,56.06],[-156.7,56.07],[-156.69,56.06],[-156.68,56.05]]],[[[-132.05,56.02],[-132.07,56.03],[-132.06,56.05],[-132.06,56.06],[-132.05,56.07],[-132.03,56.1],[-132.01,56.08],[-132,56.06],[-131.98,56.02],[-131.99,56.01],[-132,56],[-132.01,55.98],[-132.04,55.98],[-132.03,56],[-132.04,56.01],[-132.04,56.02],[-132.05,56.02]]],[[[-133.01,56.11],[-133,56.12],[-133,56.09],[-132.98,56.08],[-132.99,56.06],[-133.01,56.06],[-133.04,56.06],[-133.06,56.06],[-133.08,56.07],[-133.07,56.09],[-133.06,56.11],[-133.07,56.13],[-133.01,56.11]]],[[[-132.89,56.11],[-132.91,56.11],[-132.91,56.12],[-132.91,56.11],[-132.94,56.13],[-132.94,56.14],[-132.92,56.14],[-132.9,56.15],[-132.88,56.14],[-132.88,56.11],[-132.89,56.11]]],[[[-158.1,56.15],[-158.12,56.13],[-158.13,56.14],[-158.14,56.15],[-158.1,56.15]]],[[[-133.51,56.16],[-133.49,56.17],[-133.48,56.16],[-133.48,56.15],[-133.5,56.13],[-133.55,56.13],[-133.57,56.13],[-133.54,56.15],[-133.52,56.15],[-133.51,56.16]]],[[[-132.9,56.17],[-132.93,56.16],[-132.93,56.17],[-132.9,56.17]]],[[[-133.55,56.16],[-133.55,56.18],[-133.54,56.18],[-133.53,56.18],[-133.53,56.16],[-133.55,56.16]]],[[[-132.99,56.17],[-132.98,56.16],[-132.98,56.15],[-133,56.16],[-133,56.17],[-132.99,56.17]]],[[[-156.77,56.23],[-156.78,56.22],[-156.79,56.19],[-156.76,56.18],[-156.77,56.15],[-156.8,56.15],[-156.81,56.18],[-156.8,56.18],[-156.81,56.19],[-156.79,56.21],[-156.8,56.21],[-156.79,56.23],[-156.77,56.23]]],[[[-133,56.24],[-132.95,56.24],[-132.93,56.23],[-132.93,56.21],[-132.94,56.2],[-132.98,56.21],[-133,56.21],[-133.01,56.22],[-133,56.24]]],[[[-132.97,56.28],[-132.96,56.27],[-132.96,56.26],[-132.97,56.25],[-132.99,56.25],[-133.01,56.26],[-133,56.28],[-132.97,56.28]]],[[[-158.58,56.28],[-158.61,56.27],[-158.6,56.29],[-158.58,56.29],[-158.58,56.28]]],[[[-133.93,56.29],[-133.95,56.29],[-133.96,56.29],[-133.95,56.31],[-133.94,56.3],[-133.93,56.29]]],[[[-132.25,56.19],[-132.22,56.18],[-132.19,56.17],[-132.18,56.16],[-132.12,56.12],[-132.1,56.1],[-132.11,56.09],[-132.14,56.08],[-132.13,56.1],[-132.15,56.1],[-132.15,56.08],[-132.15,56.07],[-132.18,56.07],[-132.19,56.09],[-132.21,56.08],[-132.23,56.08],[-132.22,56.07],[-132.18,56.06],[-132.2,56.04],[-132.18,56.04],[-132.18,56.03],[-132.16,56.01],[-132.16,56],[-132.17,55.99],[-132.15,55.98],[-132.13,55.96],[-132.14,55.94],[-132.16,55.93],[-132.18,55.92],[-132.19,55.94],[-132.2,55.96],[-132.19,55.98],[-132.21,56],[-132.2,55.99],[-132.21,55.98],[-132.21,55.94],[-132.22,55.93],[-132.24,55.93],[-132.28,55.94],[-132.28,55.92],[-132.29,55.92],[-132.33,55.92],[-132.35,55.91],[-132.36,55.93],[-132.38,55.93],[-132.4,55.95],[-132.43,55.95],[-132.44,55.96],[-132.43,55.97],[-132.46,55.98],[-132.44,55.98],[-132.44,56],[-132.43,56],[-132.41,56],[-132.38,56.02],[-132.39,56.02],[-132.41,56.02],[-132.42,56.03],[-132.44,56.03],[-132.45,56.02],[-132.48,56.03],[-132.48,56.05],[-132.46,56.06],[-132.46,56.07],[-132.47,56.07],[-132.49,56.06],[-132.52,56.07],[-132.53,56.07],[-132.57,56.12],[-132.57,56.13],[-132.58,56.14],[-132.59,56.15],[-132.6,56.15],[-132.55,56.08],[-132.54,56.07],[-132.54,56.05],[-132.55,56.05],[-132.57,56.07],[-132.6,56.07],[-132.61,56.08],[-132.61,56.07],[-132.62,56.06],[-132.62,56.05],[-132.62,56.04],[-132.64,56.04],[-132.65,56.05],[-132.67,56.06],[-132.67,56.08],[-132.69,56.1],[-132.71,56.11],[-132.7,56.12],[-132.72,56.14],[-132.71,56.16],[-132.7,56.17],[-132.7,56.18],[-132.71,56.19],[-132.68,56.2],[-132.72,56.22],[-132.69,56.23],[-132.67,56.24],[-132.64,56.23],[-132.63,56.24],[-132.61,56.24],[-132.6,56.25],[-132.58,56.29],[-132.57,56.3],[-132.55,56.31],[-132.55,56.33],[-132.53,56.34],[-132.5,56.34],[-132.47,56.34],[-132.45,56.35],[-132.43,56.35],[-132.4,56.33],[-132.4,56.32],[-132.38,56.31],[-132.39,56.28],[-132.38,56.26],[-132.41,56.23],[-132.41,56.21],[-132.43,56.21],[-132.47,56.21],[-132.44,56.19],[-132.42,56.19],[-132.4,56.2],[-132.4,56.21],[-132.38,56.23],[-132.37,56.23],[-132.35,56.22],[-132.34,56.2],[-132.31,56.19],[-132.3,56.19],[-132.27,56.19],[-132.25,56.19]]],[[[-133.62,56.36],[-133.6,56.36],[-133.59,56.35],[-133.57,56.35],[-133.5,56.34],[-133.47,56.33],[-133.45,56.33],[-133.43,56.33],[-133.41,56.33],[-133.4,56.33],[-133.36,56.34],[-133.32,56.33],[-133.31,56.32],[-133.33,56.31],[-133.35,56.31],[-133.33,56.28],[-133.32,56.28],[-133.31,56.28],[-133.33,56.3],[-133.32,56.31],[-133.3,56.32],[-133.28,56.33],[-133.27,56.34],[-133.25,56.33],[-133.23,56.32],[-133.2,56.34],[-133.18,56.33],[-133.16,56.31],[-133.15,56.3],[-133.12,56.27],[-133.13,56.27],[-133.13,56.26],[-133.12,56.26],[-133.12,56.25],[-133.08,56.25],[-133.06,56.22],[-133.08,56.2],[-133.09,56.18],[-133.06,56.2],[-133.04,56.18],[-133.06,56.14],[-133.08,56.13],[-133.08,56.11],[-133.11,56.1],[-133.12,56.12],[-133.14,56.11],[-133.1,56.08],[-133.09,56.06],[-133.09,56.05],[-133.07,56.04],[-133.05,56.05],[-133.02,56.06],[-132.99,56.04],[-132.97,56.05],[-132.96,56.06],[-132.93,56.06],[-132.92,56.04],[-132.93,56.02],[-132.88,56.03],[-132.88,56.02],[-132.87,56.03],[-132.86,56.03],[-132.84,56.01],[-132.81,56.02],[-132.79,56],[-132.77,55.99],[-132.73,55.98],[-132.71,55.96],[-132.65,55.93],[-132.62,55.91],[-132.61,55.89],[-132.58,55.88],[-132.57,55.87],[-132.53,55.84],[-132.52,55.82],[-132.5,55.81],[-132.49,55.8],[-132.47,55.78],[-132.49,55.77],[-132.49,55.76],[-132.48,55.75],[-132.46,55.73],[-132.45,55.72],[-132.44,55.71],[-132.46,55.7],[-132.46,55.68],[-132.48,55.68],[-132.49,55.67],[-132.5,55.67],[-132.52,55.68],[-132.55,55.69],[-132.56,55.68],[-132.53,55.67],[-132.5,55.66],[-132.48,55.67],[-132.45,55.65],[-132.44,55.64],[-132.45,55.63],[-132.43,55.63],[-132.43,55.64],[-132.42,55.65],[-132.42,55.67],[-132.4,55.67],[-132.38,55.66],[-132.35,55.63],[-132.35,55.6],[-132.34,55.6],[-132.33,55.58],[-132.3,55.56],[-132.3,55.54],[-132.27,55.54],[-132.24,55.52],[-132.21,55.52],[-132.18,55.51],[-132.17,55.49],[-132.16,55.48],[-132.15,55.47],[-132.15,55.46],[-132.17,55.45],[-132.19,55.46],[-132.21,55.47],[-132.23,55.48],[-132.27,55.49],[-132.3,55.51],[-132.34,55.52],[-132.4,55.54],[-132.42,55.54],[-132.47,55.56],[-132.48,55.57],[-132.5,55.58],[-132.5,55.6],[-132.51,55.6],[-132.54,55.6],[-132.55,55.6],[-132.56,55.58],[-132.57,55.59],[-132.58,55.57],[-132.54,55.56],[-132.53,55.55],[-132.54,55.55],[-132.55,55.53],[-132.57,55.52],[-132.59,55.5],[-132.63,55.49],[-132.64,55.48],[-132.67,55.45],[-132.67,55.43],[-132.69,55.41],[-132.71,55.39],[-132.73,55.38],[-132.74,55.36],[-132.7,55.39],[-132.69,55.4],[-132.66,55.43],[-132.66,55.44],[-132.63,55.47],[-132.6,55.48],[-132.57,55.47],[-132.56,55.5],[-132.53,55.51],[-132.51,55.5],[-132.5,55.51],[-132.49,55.5],[-132.48,55.51],[-132.44,55.51],[-132.41,55.52],[-132.41,55.49],[-132.4,55.49],[-132.4,55.47],[-132.37,55.48],[-132.32,55.47],[-132.3,55.46],[-132.28,55.44],[-132.3,55.44],[-132.33,55.44],[-132.36,55.45],[-132.36,55.43],[-132.38,55.43],[-132.39,55.43],[-132.41,55.43],[-132.44,55.43],[-132.47,55.42],[-132.5,55.4],[-132.52,55.38],[-132.52,55.36],[-132.5,55.35],[-132.48,55.34],[-132.47,55.32],[-132.46,55.32],[-132.47,55.34],[-132.51,55.37],[-132.5,55.38],[-132.49,55.39],[-132.48,55.38],[-132.46,55.38],[-132.47,55.39],[-132.47,55.41],[-132.46,55.42],[-132.44,55.42],[-132.41,55.42],[-132.38,55.4],[-132.37,55.38],[-132.37,55.36],[-132.37,55.34],[-132.36,55.34],[-132.36,55.35],[-132.36,55.37],[-132.36,55.41],[-132.35,55.41],[-132.33,55.4],[-132.32,55.41],[-132.31,55.41],[-132.3,55.41],[-132.28,55.42],[-132.27,55.42],[-132.25,55.41],[-132.26,55.41],[-132.25,55.39],[-132.23,55.39],[-132.22,55.37],[-132.2,55.37],[-132.19,55.37],[-132.16,55.37],[-132.17,55.36],[-132.15,55.35],[-132.15,55.34],[-132.15,55.32],[-132.13,55.29],[-132.11,55.28],[-132.09,55.27],[-132.11,55.25],[-132.14,55.25],[-132.13,55.24],[-132.16,55.24],[-132.2,55.24],[-132.22,55.25],[-132.28,55.25],[-132.35,55.26],[-132.4,55.26],[-132.41,55.25],[-132.36,55.25],[-132.33,55.25],[-132.3,55.25],[-132.29,55.24],[-132.29,55.23],[-132.32,55.22],[-132.35,55.19],[-132.36,55.17],[-132.35,55.16],[-132.35,55.14],[-132.34,55.14],[-132.34,55.19],[-132.32,55.21],[-132.31,55.21],[-132.27,55.24],[-132.24,55.24],[-132.26,55.23],[-132.27,55.21],[-132.24,55.21],[-132.23,55.22],[-132.22,55.22],[-132.2,55.22],[-132.16,55.22],[-132.14,55.19],[-132.17,55.17],[-132.13,55.18],[-132.14,55.19],[-132.14,55.2],[-132.12,55.2],[-132.08,55.22],[-132.08,55.25],[-132.06,55.26],[-132.04,55.27],[-132.03,55.28],[-132,55.27],[-131.99,55.25],[-131.98,55.23],[-131.99,55.21],[-131.99,55.2],[-131.98,55.18],[-131.99,55.17],[-132.04,55.15],[-132.03,55.14],[-132.04,55.13],[-132.04,55.12],[-132.02,55.12],[-132,55.12],[-132,55.11],[-132.05,55.08],[-132.06,55.09],[-132.08,55.08],[-132.09,55.09],[-132.08,55.1],[-132.09,55.11],[-132.15,55.12],[-132.16,55.12],[-132.11,55.1],[-132.09,55.08],[-132.08,55.07],[-132.11,55.06],[-132.1,55.05],[-132.09,55.04],[-132.13,55.03],[-132.15,55.02],[-132.18,55.01],[-132.19,55.01],[-132.22,55],[-132.25,55.02],[-132.25,55],[-132.23,55],[-132.23,54.99],[-132.2,54.99],[-132.19,55],[-132.16,54.99],[-132.16,54.98],[-132.16,54.97],[-132.19,54.95],[-132.21,54.93],[-132.16,54.96],[-132.15,54.96],[-132.14,54.99],[-132.12,54.99],[-132.08,55.01],[-132.07,55.02],[-132.05,55.02],[-132.03,55.03],[-132.02,55.04],[-131.99,55.04],[-131.99,55.03],[-132,55.01],[-131.98,55],[-131.98,54.99],[-132.01,54.98],[-131.97,54.96],[-131.98,54.95],[-131.98,54.93],[-131.98,54.9],[-131.99,54.9],[-132.02,54.9],[-132.04,54.9],[-132.06,54.88],[-132,54.86],[-131.97,54.85],[-131.96,54.83],[-131.97,54.82],[-131.95,54.8],[-131.98,54.8],[-131.97,54.78],[-132,54.78],[-132.01,54.78],[-132,54.77],[-132.01,54.77],[-132.01,54.76],[-132,54.75],[-132,54.73],[-132.02,54.71],[-132.01,54.7],[-132.04,54.7],[-132.06,54.7],[-132.07,54.7],[-132.1,54.71],[-132.13,54.73],[-132.14,54.72],[-132.11,54.7],[-132.14,54.69],[-132.16,54.69],[-132.17,54.71],[-132.18,54.7],[-132.2,54.71],[-132.2,54.72],[-132.21,54.73],[-132.23,54.73],[-132.23,54.74],[-132.24,54.75],[-132.27,54.73],[-132.28,54.73],[-132.28,54.71],[-132.3,54.71],[-132.31,54.72],[-132.32,54.72],[-132.31,54.73],[-132.32,54.75],[-132.32,54.77],[-132.31,54.77],[-132.31,54.79],[-132.34,54.8],[-132.35,54.81],[-132.37,54.81],[-132.37,54.82],[-132.34,54.82],[-132.31,54.84],[-132.3,54.83],[-132.31,54.85],[-132.34,54.86],[-132.34,54.87],[-132.35,54.88],[-132.37,54.89],[-132.36,54.92],[-132.39,54.92],[-132.4,54.93],[-132.4,54.94],[-132.37,54.94],[-132.38,54.94],[-132.41,54.97],[-132.41,55],[-132.4,55.02],[-132.41,55.03],[-132.41,55.05],[-132.39,55.08],[-132.4,55.08],[-132.41,55.07],[-132.42,55.05],[-132.42,55.02],[-132.43,54.99],[-132.42,54.96],[-132.43,54.95],[-132.43,54.94],[-132.43,54.93],[-132.42,54.91],[-132.44,54.92],[-132.44,54.91],[-132.46,54.91],[-132.47,54.9],[-132.49,54.9],[-132.51,54.9],[-132.53,54.92],[-132.51,54.93],[-132.48,54.94],[-132.47,54.95],[-132.47,54.98],[-132.49,54.99],[-132.51,54.99],[-132.51,54.97],[-132.5,54.96],[-132.51,54.96],[-132.52,54.93],[-132.54,54.93],[-132.56,54.93],[-132.58,54.94],[-132.59,54.96],[-132.61,54.96],[-132.62,54.98],[-132.61,54.99],[-132.58,54.98],[-132.58,54.99],[-132.57,55.01],[-132.56,55.01],[-132.55,55.02],[-132.57,55.02],[-132.59,55.02],[-132.6,55.03],[-132.58,55.04],[-132.56,55.05],[-132.54,55.04],[-132.51,55.04],[-132.48,55.05],[-132.5,55.06],[-132.53,55.06],[-132.55,55.06],[-132.57,55.07],[-132.55,55.09],[-132.53,55.11],[-132.52,55.12],[-132.55,55.11],[-132.56,55.11],[-132.56,55.12],[-132.58,55.13],[-132.61,55.09],[-132.62,55.06],[-132.64,55.07],[-132.63,55.11],[-132.61,55.13],[-132.58,55.17],[-132.6,55.18],[-132.61,55.2],[-132.65,55.22],[-132.66,55.24],[-132.65,55.26],[-132.66,55.27],[-132.64,55.27],[-132.63,55.27],[-132.62,55.29],[-132.64,55.29],[-132.67,55.28],[-132.67,55.27],[-132.68,55.24],[-132.67,55.22],[-132.66,55.21],[-132.65,55.19],[-132.63,55.18],[-132.63,55.17],[-132.64,55.15],[-132.66,55.15],[-132.69,55.14],[-132.73,55.15],[-132.77,55.18],[-132.79,55.18],[-132.81,55.2],[-132.83,55.21],[-132.83,55.23],[-132.82,55.24],[-132.83,55.25],[-132.84,55.27],[-132.85,55.27],[-132.87,55.27],[-132.87,55.26],[-132.89,55.25],[-132.88,55.24],[-132.89,55.23],[-132.87,55.22],[-132.88,55.2],[-132.88,55.17],[-132.89,55.17],[-132.91,55.18],[-132.92,55.17],[-132.93,55.17],[-132.94,55.18],[-132.93,55.19],[-132.94,55.21],[-132.93,55.22],[-132.91,55.22],[-132.9,55.23],[-132.93,55.23],[-132.93,55.22],[-132.94,55.21],[-132.96,55.21],[-132.98,55.22],[-133.02,55.2],[-133.03,55.21],[-133.04,55.21],[-133.05,55.23],[-133.02,55.24],[-132.98,55.25],[-132.96,55.26],[-132.96,55.28],[-132.98,55.28],[-133.01,55.27],[-133.04,55.27],[-133.08,55.27],[-133.11,55.26],[-133.12,55.27],[-133.14,55.27],[-133.16,55.29],[-133.19,55.28],[-133.24,55.28],[-133.24,55.3],[-133.23,55.31],[-133.25,55.31],[-133.28,55.33],[-133.27,55.36],[-133.25,55.37],[-133.24,55.37],[-133.22,55.38],[-133.19,55.38],[-133.18,55.38],[-133.16,55.36],[-133.15,55.38],[-133.1,55.37],[-133.06,55.36],[-133.05,55.35],[-133,55.34],[-132.99,55.36],[-132.96,55.36],[-132.95,55.35],[-132.92,55.36],[-132.96,55.37],[-132.98,55.37],[-133.02,55.38],[-133.05,55.4],[-133.04,55.42],[-133.08,55.42],[-133.09,55.43],[-133.05,55.44],[-133.01,55.45],[-133.04,55.46],[-133.07,55.45],[-133.11,55.45],[-133.14,55.47],[-133.14,55.48],[-133.13,55.51],[-133.1,55.54],[-133.11,55.56],[-133.1,55.56],[-133.08,55.59],[-133.12,55.58],[-133.12,55.59],[-133.11,55.6],[-133.11,55.61],[-133.18,55.6],[-133.17,55.59],[-133.19,55.58],[-133.2,55.59],[-133.22,55.58],[-133.25,55.58],[-133.27,55.58],[-133.29,55.59],[-133.34,55.6],[-133.35,55.61],[-133.36,55.61],[-133.4,55.63],[-133.41,55.65],[-133.39,55.67],[-133.39,55.68],[-133.38,55.68],[-133.39,55.7],[-133.39,55.72],[-133.39,55.73],[-133.38,55.73],[-133.36,55.71],[-133.34,55.71],[-133.34,55.73],[-133.35,55.75],[-133.34,55.75],[-133.31,55.76],[-133.31,55.75],[-133.29,55.75],[-133.28,55.74],[-133.26,55.74],[-133.23,55.77],[-133.22,55.79],[-133.2,55.8],[-133.17,55.82],[-133.16,55.84],[-133.17,55.86],[-133.15,55.87],[-133.15,55.88],[-133.17,55.89],[-133.16,55.87],[-133.18,55.86],[-133.19,55.86],[-133.21,55.86],[-133.25,55.89],[-133.25,55.91],[-133.28,55.92],[-133.29,55.93],[-133.27,55.93],[-133.26,55.92],[-133.27,55.93],[-133.27,55.94],[-133.28,55.96],[-133.26,55.96],[-133.26,55.97],[-133.26,55.98],[-133.27,56],[-133.25,56.02],[-133.26,56.03],[-133.27,56.05],[-133.29,56.08],[-133.29,56.09],[-133.28,56.12],[-133.28,56.13],[-133.27,56.15],[-133.28,56.16],[-133.31,56.16],[-133.34,56.16],[-133.35,56.16],[-133.31,56.15],[-133.29,56.15],[-133.3,56.1],[-133.31,56.08],[-133.3,56.06],[-133.3,56.04],[-133.29,56.03],[-133.29,56.02],[-133.31,56.01],[-133.31,55.99],[-133.35,55.98],[-133.36,55.97],[-133.37,55.97],[-133.38,55.96],[-133.39,55.94],[-133.38,55.93],[-133.37,55.91],[-133.38,55.9],[-133.4,55.9],[-133.44,55.91],[-133.42,55.94],[-133.43,55.95],[-133.41,55.96],[-133.4,55.97],[-133.41,55.96],[-133.44,55.96],[-133.45,55.93],[-133.48,55.94],[-133.51,55.95],[-133.49,55.97],[-133.47,55.98],[-133.46,56],[-133.42,55.99],[-133.41,56],[-133.39,55.98],[-133.39,56],[-133.38,56.01],[-133.38,56.03],[-133.42,56.01],[-133.43,56.01],[-133.48,56],[-133.47,56.02],[-133.5,56.02],[-133.54,55.98],[-133.56,55.97],[-133.57,55.98],[-133.6,55.97],[-133.6,55.95],[-133.62,55.96],[-133.66,55.95],[-133.66,55.94],[-133.63,55.93],[-133.65,55.92],[-133.66,55.92],[-133.7,55.91],[-133.71,55.89],[-133.72,55.9],[-133.72,55.92],[-133.76,55.91],[-133.77,55.93],[-133.79,55.92],[-133.81,55.94],[-133.82,55.95],[-133.81,55.97],[-133.8,55.97],[-133.78,55.98],[-133.78,55.99],[-133.77,56],[-133.75,56.01],[-133.74,56.02],[-133.71,56.04],[-133.7,56.05],[-133.7,56.06],[-133.7,56.07],[-133.66,56.08],[-133.64,56.09],[-133.6,56.08],[-133.58,56.07],[-133.56,56.08],[-133.51,56.08],[-133.51,56.09],[-133.53,56.1],[-133.57,56.1],[-133.63,56.11],[-133.64,56.12],[-133.64,56.13],[-133.62,56.14],[-133.57,56.12],[-133.53,56.12],[-133.49,56.13],[-133.48,56.14],[-133.46,56.14],[-133.46,56.15],[-133.45,56.16],[-133.46,56.15],[-133.47,56.15],[-133.48,56.18],[-133.53,56.19],[-133.54,56.18],[-133.55,56.18],[-133.57,56.18],[-133.59,56.18],[-133.62,56.21],[-133.63,56.22],[-133.63,56.25],[-133.64,56.26],[-133.65,56.28],[-133.62,56.3],[-133.64,56.3],[-133.64,56.31],[-133.64,56.3],[-133.65,56.3],[-133.67,56.31],[-133.65,56.33],[-133.63,56.32],[-133.62,56.31],[-133.6,56.31],[-133.6,56.3],[-133.61,56.32],[-133.6,56.32],[-133.63,56.35],[-133.62,56.36]],[[-132.97,56.01],[-132.95,56.01],[-132.94,56.01],[-132.97,56.02],[-132.97,56.01]],[[-133.05,55.61],[-133.07,55.62],[-133.09,55.61],[-133.1,55.61],[-133.09,55.61],[-133.07,55.6],[-133.04,55.6],[-133.03,55.61],[-133,55.63],[-132.97,55.63],[-132.98,55.64],[-133.01,55.63],[-133.04,55.61],[-133.05,55.61]],[[-132.28,54.78],[-132.27,54.8],[-132.23,54.79],[-132.25,54.81],[-132.28,54.81],[-132.29,54.8],[-132.28,54.78]]],[[[-157.84,56.37],[-157.83,56.37],[-157.81,56.35],[-157.82,56.34],[-157.8,56.32],[-157.82,56.32],[-157.82,56.31],[-157.86,56.32],[-157.87,56.33],[-157.89,56.33],[-157.89,56.35],[-157.86,56.36],[-157.84,56.37]]],[[[-133.8,56.42],[-133.78,56.4],[-133.81,56.39],[-133.82,56.4],[-133.82,56.41],[-133.8,56.42]]],[[[-132.49,56.44],[-132.45,56.42],[-132.42,56.42],[-132.4,56.41],[-132.41,56.39],[-132.44,56.39],[-132.45,56.38],[-132.48,56.37],[-132.5,56.35],[-132.53,56.36],[-132.56,56.36],[-132.56,56.37],[-132.56,56.4],[-132.54,56.41],[-132.54,56.42],[-132.51,56.44],[-132.49,56.44]]],[[[-132.92,56.46],[-132.87,56.46],[-132.83,56.44],[-132.81,56.44],[-132.78,56.45],[-132.75,56.46],[-132.72,56.46],[-132.66,56.44],[-132.63,56.42],[-132.63,56.4],[-132.62,56.39],[-132.66,56.37],[-132.68,56.35],[-132.68,56.33],[-132.66,56.32],[-132.65,56.3],[-132.66,56.29],[-132.66,56.28],[-132.67,56.27],[-132.72,56.26],[-132.78,56.25],[-132.86,56.23],[-132.87,56.23],[-132.88,56.25],[-132.9,56.26],[-132.94,56.27],[-132.96,56.29],[-132.99,56.3],[-133.03,56.32],[-133.07,56.33],[-133.07,56.35],[-133.05,56.37],[-133.04,56.39],[-133.03,56.39],[-133.01,56.42],[-133,56.43],[-132.96,56.43],[-132.95,56.45],[-132.92,56.46]]],[[[-133.07,56.46],[-133.09,56.46],[-133.08,56.47],[-133.06,56.46],[-133.07,56.46]]],[[[-132.12,56.36],[-132.09,56.37],[-132.05,56.36],[-132.03,56.35],[-132.02,56.34],[-132,56.32],[-132,56.3],[-131.96,56.24],[-131.94,56.23],[-131.92,56.21],[-131.93,56.2],[-131.98,56.19],[-132.02,56.19],[-132.01,56.17],[-132.02,56.14],[-132.03,56.13],[-132.05,56.14],[-132.06,56.12],[-132.07,56.12],[-132.1,56.13],[-132.11,56.16],[-132.13,56.17],[-132.15,56.16],[-132.16,56.17],[-132.18,56.17],[-132.18,56.18],[-132.21,56.19],[-132.23,56.2],[-132.25,56.2],[-132.26,56.2],[-132.31,56.23],[-132.33,56.24],[-132.35,56.27],[-132.36,56.29],[-132.35,56.3],[-132.35,56.33],[-132.34,56.34],[-132.35,56.35],[-132.36,56.37],[-132.36,56.38],[-132.34,56.39],[-132.34,56.41],[-132.36,56.42],[-132.38,56.45],[-132.38,56.46],[-132.39,56.48],[-132.38,56.49],[-132.36,56.48],[-132.35,56.48],[-132.32,56.47],[-132.28,56.46],[-132.25,56.45],[-132.23,56.41],[-132.24,56.4],[-132.22,56.38],[-132.2,56.37],[-132.19,56.37],[-132.17,56.35],[-132.14,56.35],[-132.12,56.36]]],[[[-132.61,56.48],[-132.6,56.48],[-132.58,56.46],[-132.58,56.45],[-132.6,56.45],[-132.64,56.47],[-132.65,56.48],[-132.63,56.49],[-132.61,56.48]]],[[[-133.83,56.5],[-133.81,56.49],[-133.8,56.48],[-133.78,56.47],[-133.77,56.46],[-133.79,56.45],[-133.81,56.47],[-133.82,56.47],[-133.84,56.49],[-133.83,56.5]]],[[[-157.74,56.49],[-157.73,56.51],[-157.71,56.5],[-157.73,56.49],[-157.74,56.49]]],[[[-132.58,56.51],[-132.57,56.49],[-132.59,56.49],[-132.61,56.49],[-132.62,56.51],[-132.61,56.51],[-132.58,56.51]]],[[[-132.46,56.51],[-132.48,56.52],[-132.48,56.54],[-132.45,56.54],[-132.44,56.52],[-132.46,56.51]]],[[[-132.55,56.52],[-132.57,56.53],[-132.54,56.56],[-132.52,56.55],[-132.52,56.54],[-132.53,56.53],[-132.55,56.52]]],[[[-153.87,56.56],[-153.87,56.55],[-153.89,56.53],[-153.9,56.52],[-153.94,56.51],[-153.95,56.51],[-153.99,56.5],[-154.01,56.51],[-154.03,56.51],[-154.05,56.5],[-154.08,56.5],[-154.11,56.5],[-154.13,56.51],[-154.08,56.54],[-154.07,56.55],[-154.05,56.54],[-154.03,56.55],[-154.01,56.55],[-153.98,56.55],[-153.97,56.56],[-153.94,56.56],[-153.9,56.56],[-153.87,56.56]]],[[[-157.24,56.58],[-157.2,56.58],[-157.17,56.58],[-157.14,56.59],[-157.13,56.58],[-157.1,56.58],[-157.08,56.58],[-157.03,56.56],[-157.01,56.56],[-156.98,56.54],[-156.99,56.53],[-157.01,56.55],[-157.06,56.55],[-157.1,56.55],[-157.12,56.55],[-157.14,56.54],[-157.15,56.53],[-157.18,56.53],[-157.25,56.53],[-157.29,56.53],[-157.3,56.53],[-157.33,56.53],[-157.33,56.54],[-157.29,56.57],[-157.25,56.58],[-157.24,56.58]]],[[[-154.43,56.54],[-154.45,56.54],[-154.43,56.56],[-154.44,56.57],[-154.44,56.59],[-154.41,56.59],[-154.41,56.58],[-154.39,56.56],[-154.43,56.54]]],[[[-132.99,56.59],[-132.98,56.59],[-132.98,56.57],[-132.96,56.56],[-132.97,56.54],[-132.99,56.54],[-132.98,56.52],[-132.99,56.51],[-133.02,56.51],[-133.04,56.52],[-133.05,56.53],[-133.07,56.54],[-133.07,56.56],[-133.07,56.58],[-133.04,56.58],[-133.03,56.59],[-132.99,56.59]]],[[[-154.5,56.52],[-154.48,56.52],[-154.48,56.51],[-154.5,56.51],[-154.58,56.49],[-154.62,56.48],[-154.66,56.46],[-154.71,56.42],[-154.73,56.4],[-154.76,56.4],[-154.79,56.42],[-154.79,56.44],[-154.76,56.47],[-154.72,56.5],[-154.68,56.53],[-154.63,56.55],[-154.55,56.59],[-154.53,56.59],[-154.54,56.56],[-154.53,56.55],[-154.51,56.55],[-154.5,56.52]]],[[[-132.41,56.59],[-132.43,56.57],[-132.45,56.56],[-132.46,56.59],[-132.46,56.6],[-132.4,56.61],[-132.41,56.59]]],[[[-169.75,56.62],[-169.74,56.61],[-169.71,56.61],[-169.69,56.61],[-169.64,56.6],[-169.61,56.61],[-169.59,56.6],[-169.56,56.6],[-169.52,56.61],[-169.5,56.61],[-169.47,56.59],[-169.48,56.58],[-169.5,56.57],[-169.52,56.57],[-169.55,56.55],[-169.56,56.54],[-169.57,56.53],[-169.61,56.53],[-169.64,56.54],[-169.67,56.55],[-169.67,56.57],[-169.68,56.58],[-169.72,56.59],[-169.75,56.59],[-169.78,56.61],[-169.75,56.62]]],[[[-154.06,56.57],[-154.08,56.58],[-154.09,56.57],[-154.1,56.56],[-154.09,56.55],[-154.1,56.54],[-154.12,56.54],[-154.13,56.52],[-154.15,56.51],[-154.16,56.52],[-154.16,56.51],[-154.19,56.5],[-154.23,56.49],[-154.27,56.5],[-154.3,56.5],[-154.35,56.51],[-154.36,56.53],[-154.36,56.54],[-154.35,56.55],[-154.34,56.56],[-154.31,56.59],[-154.29,56.6],[-154.27,56.6],[-154.24,56.61],[-154.23,56.61],[-154.19,56.61],[-154.16,56.61],[-154.12,56.62],[-154.09,56.62],[-154.09,56.61],[-154.08,56.59],[-154.06,56.57]]],[[[-157.4,56.64],[-157.42,56.64],[-157.41,56.65],[-157.4,56.64]]],[[[-154.15,56.68],[-154.16,56.68],[-154.14,56.7],[-154.13,56.69],[-154.15,56.68]]],[[[-154.04,56.72],[-154.03,56.72],[-154.02,56.69],[-154.03,56.68],[-154.05,56.68],[-154.06,56.69],[-154.09,56.69],[-154.12,56.69],[-154.14,56.7],[-154.11,56.71],[-154.1,56.71],[-154.07,56.72],[-154.04,56.72]]],[[[-135.28,56.72],[-135.24,56.73],[-135.22,56.72],[-135.22,56.71],[-135.24,56.7],[-135.28,56.7],[-135.28,56.72]]],[[[-133.71,56.73],[-133.71,56.72],[-133.74,56.72],[-133.74,56.73],[-133.71,56.74],[-133.71,56.73]]],[[[-135.28,56.76],[-135.27,56.75],[-135.3,56.74],[-135.32,56.74],[-135.3,56.76],[-135.28,56.76]]],[[[-135.35,56.78],[-135.36,56.77],[-135.37,56.79],[-135.36,56.8],[-135.34,56.79],[-135.35,56.78]]],[[[-133.72,56.81],[-133.71,56.8],[-133.74,56.79],[-133.75,56.8],[-133.72,56.81]]],[[[-132.91,56.81],[-132.9,56.8],[-132.87,56.8],[-132.83,56.79],[-132.8,56.78],[-132.8,56.77],[-132.77,56.76],[-132.75,56.74],[-132.74,56.72],[-132.74,56.71],[-132.71,56.7],[-132.69,56.7],[-132.69,56.69],[-132.64,56.67],[-132.62,56.67],[-132.63,56.65],[-132.61,56.63],[-132.6,56.61],[-132.57,56.61],[-132.56,56.61],[-132.54,56.61],[-132.54,56.58],[-132.57,56.57],[-132.6,56.56],[-132.62,56.55],[-132.65,56.55],[-132.67,56.54],[-132.68,56.53],[-132.71,56.53],[-132.73,56.55],[-132.75,56.54],[-132.73,56.52],[-132.72,56.52],[-132.74,56.51],[-132.76,56.51],[-132.81,56.49],[-132.87,56.51],[-132.9,56.5],[-132.93,56.51],[-132.95,56.51],[-132.96,56.53],[-132.96,56.54],[-132.96,56.56],[-132.97,56.58],[-132.97,56.6],[-132.96,56.62],[-132.94,56.63],[-132.92,56.63],[-132.9,56.63],[-132.91,56.64],[-132.92,56.67],[-132.93,56.67],[-132.93,56.69],[-132.94,56.71],[-132.93,56.72],[-132.94,56.74],[-132.96,56.76],[-132.97,56.78],[-132.98,56.78],[-132.98,56.8],[-132.97,56.81],[-132.94,56.82],[-132.93,56.82],[-132.91,56.81]]],[[[-135.39,56.83],[-135.38,56.82],[-135.4,56.81],[-135.42,56.81],[-135.41,56.83],[-135.39,56.83]]],[[[-135.45,56.81],[-135.46,56.83],[-135.44,56.83],[-135.45,56.81]]],[[[-135.56,56.87],[-135.53,56.86],[-135.51,56.85],[-135.54,56.83],[-135.55,56.85],[-135.57,56.85],[-135.56,56.87]]],[[[-153.59,56.89],[-153.6,56.89],[-153.62,56.9],[-153.6,56.91],[-153.56,56.91],[-153.55,56.91],[-153.56,56.9],[-153.59,56.89]]],[[[-135.4,56.91],[-135.41,56.92],[-135.41,56.93],[-135.4,56.91]]],[[[-154.15,56.93],[-154.16,56.92],[-154.2,56.91],[-154.2,56.92],[-154.19,56.93],[-154.17,56.92],[-154.15,56.93]]],[[[-134.18,56.92],[-134.16,56.92],[-134.11,56.9],[-134.07,56.89],[-134.03,56.88],[-134.02,56.88],[-134.01,56.86],[-134.01,56.85],[-134,56.84],[-134,56.82],[-133.97,56.83],[-133.96,56.81],[-133.97,56.8],[-134,56.81],[-134,56.79],[-133.98,56.79],[-133.96,56.81],[-133.95,56.81],[-133.93,56.78],[-133.93,56.76],[-133.91,56.76],[-133.94,56.74],[-133.94,56.72],[-133.96,56.71],[-133.96,56.7],[-133.95,56.69],[-133.95,56.67],[-133.98,56.65],[-133.99,56.65],[-134.03,56.65],[-134.02,56.64],[-134,56.65],[-133.99,56.63],[-133.96,56.64],[-133.96,56.66],[-133.94,56.67],[-133.94,56.69],[-133.92,56.7],[-133.92,56.72],[-133.9,56.71],[-133.89,56.71],[-133.87,56.74],[-133.86,56.75],[-133.87,56.76],[-133.87,56.78],[-133.89,56.8],[-133.88,56.81],[-133.85,56.8],[-133.82,56.8],[-133.82,56.79],[-133.81,56.78],[-133.79,56.79],[-133.77,56.79],[-133.76,56.78],[-133.73,56.78],[-133.74,56.74],[-133.75,56.73],[-133.76,56.7],[-133.77,56.68],[-133.74,56.67],[-133.71,56.64],[-133.73,56.64],[-133.72,56.62],[-133.69,56.6],[-133.7,56.59],[-133.72,56.58],[-133.73,56.57],[-133.74,56.56],[-133.78,56.56],[-133.82,56.59],[-133.84,56.6],[-133.84,56.61],[-133.86,56.61],[-133.88,56.61],[-133.89,56.61],[-133.93,56.61],[-133.92,56.6],[-133.89,56.61],[-133.88,56.59],[-133.85,56.58],[-133.85,56.57],[-133.86,56.56],[-133.88,56.56],[-133.86,56.55],[-133.88,56.54],[-133.87,56.52],[-133.89,56.51],[-133.93,56.52],[-133.93,56.5],[-133.94,56.5],[-133.96,56.51],[-133.96,56.49],[-133.95,56.49],[-133.9,56.49],[-133.87,56.47],[-133.87,56.46],[-133.84,56.45],[-133.85,56.43],[-133.86,56.43],[-133.89,56.44],[-133.91,56.44],[-133.89,56.43],[-133.89,56.42],[-133.88,56.4],[-133.89,56.39],[-133.91,56.39],[-133.92,56.38],[-133.9,56.37],[-133.85,56.35],[-133.83,56.32],[-133.86,56.3],[-133.85,56.29],[-133.87,56.29],[-133.87,56.28],[-133.89,56.29],[-133.89,56.3],[-133.91,56.3],[-133.95,56.35],[-133.97,56.35],[-133.98,56.34],[-133.97,56.32],[-134,56.31],[-133.98,56.3],[-133.99,56.27],[-133.98,56.27],[-133.95,56.28],[-133.92,56.28],[-133.91,56.26],[-133.9,56.25],[-133.88,56.22],[-133.9,56.2],[-133.94,56.21],[-133.95,56.21],[-133.95,56.18],[-133.93,56.16],[-133.94,56.16],[-133.93,56.14],[-133.96,56.13],[-133.95,56.12],[-133.96,56.11],[-133.96,56.1],[-133.97,56.09],[-134,56.08],[-134.02,56.09],[-134.04,56.12],[-134.03,56.14],[-134.03,56.15],[-134.02,56.17],[-134.03,56.17],[-134.03,56.19],[-134.05,56.21],[-134.06,56.23],[-134.04,56.25],[-134.04,56.27],[-134.05,56.3],[-134.07,56.3],[-134.07,56.28],[-134.08,56.28],[-134.07,56.26],[-134.08,56.24],[-134.09,56.23],[-134.1,56.23],[-134.1,56.21],[-134.09,56.2],[-134.1,56.19],[-134.1,56.18],[-134.12,56.17],[-134.17,56.17],[-134.19,56.17],[-134.18,56.16],[-134.19,56.15],[-134.17,56.15],[-134.17,56.13],[-134.14,56.15],[-134.12,56.14],[-134.11,56.15],[-134.1,56.14],[-134.11,56.12],[-134.11,56.11],[-134.09,56.1],[-134.1,56.08],[-134.13,56.08],[-134.14,56.07],[-134.11,56.05],[-134.12,56.03],[-134.13,56.01],[-134.16,56.01],[-134.17,56.02],[-134.17,56.04],[-134.16,56.04],[-134.17,56.06],[-134.2,56.06],[-134.24,56.07],[-134.22,56.1],[-134.23,56.11],[-134.26,56.12],[-134.26,56.13],[-134.21,56.16],[-134.25,56.18],[-134.26,56.16],[-134.26,56.2],[-134.25,56.21],[-134.27,56.24],[-134.28,56.25],[-134.28,56.27],[-134.23,56.27],[-134.21,56.29],[-134.21,56.31],[-134.18,56.31],[-134.18,56.33],[-134.21,56.32],[-134.24,56.31],[-134.23,56.3],[-134.25,56.29],[-134.26,56.29],[-134.28,56.28],[-134.3,56.29],[-134.3,56.31],[-134.27,56.31],[-134.28,56.33],[-134.29,56.34],[-134.29,56.35],[-134.26,56.37],[-134.24,56.36],[-134.23,56.38],[-134.24,56.38],[-134.24,56.39],[-134.23,56.41],[-134.25,56.42],[-134.25,56.43],[-134.23,56.43],[-134.21,56.42],[-134.19,56.42],[-134.19,56.43],[-134.2,56.44],[-134.19,56.45],[-134.18,56.45],[-134.17,56.42],[-134.15,56.4],[-134.18,56.37],[-134.17,56.37],[-134.15,56.38],[-134.13,56.38],[-134.14,56.4],[-134.13,56.41],[-134.12,56.41],[-134.1,56.4],[-134.08,56.4],[-134.06,56.39],[-134.05,56.37],[-134.04,56.39],[-134.05,56.4],[-134.05,56.42],[-134.08,56.45],[-134.07,56.46],[-134.08,56.47],[-134.09,56.47],[-134.09,56.49],[-134.08,56.49],[-134.06,56.48],[-134.04,56.49],[-134.06,56.5],[-134.05,56.5],[-134.07,56.52],[-134.07,56.54],[-134.09,56.55],[-134.11,56.54],[-134.1,56.52],[-134.1,56.51],[-134.13,56.5],[-134.12,56.49],[-134.14,56.48],[-134.15,56.5],[-134.17,56.51],[-134.19,56.52],[-134.2,56.53],[-134.2,56.54],[-134.23,56.55],[-134.25,56.56],[-134.29,56.56],[-134.32,56.55],[-134.32,56.57],[-134.3,56.57],[-134.26,56.6],[-134.23,56.6],[-134.22,56.61],[-134.19,56.62],[-134.2,56.63],[-134.22,56.63],[-134.23,56.62],[-134.26,56.62],[-134.25,56.61],[-134.29,56.61],[-134.29,56.62],[-134.28,56.63],[-134.29,56.64],[-134.28,56.65],[-134.26,56.65],[-134.23,56.66],[-134.21,56.67],[-134.24,56.69],[-134.25,56.68],[-134.26,56.66],[-134.28,56.66],[-134.3,56.65],[-134.33,56.65],[-134.33,56.66],[-134.35,56.67],[-134.37,56.68],[-134.37,56.69],[-134.39,56.71],[-134.39,56.72],[-134.4,56.73],[-134.39,56.76],[-134.4,56.77],[-134.41,56.8],[-134.42,56.83],[-134.42,56.84],[-134.4,56.86],[-134.36,56.85],[-134.35,56.84],[-134.31,56.82],[-134.3,56.83],[-134.3,56.84],[-134.31,56.85],[-134.33,56.86],[-134.35,56.87],[-134.36,56.89],[-134.34,56.9],[-134.29,56.91],[-134.28,56.9],[-134.24,56.88],[-134.19,56.86],[-134.18,56.85],[-134.14,56.84],[-134.13,56.86],[-134.14,56.86],[-134.15,56.88],[-134.16,56.89],[-134.19,56.89],[-134.22,56.9],[-134.2,56.91],[-134.23,56.92],[-134.26,56.92],[-134.27,56.93],[-134.25,56.94],[-134.23,56.93],[-134.18,56.92]]],[[[-134.11,56.94],[-134.14,56.94],[-134.13,56.95],[-134.11,56.94]]],[[[-154.14,56.95],[-154.15,56.96],[-154.12,56.97],[-154.12,56.96],[-154.14,56.95]]],[[[-132.83,57],[-132.81,56.98],[-132.83,56.98],[-132.85,57],[-132.85,57.02],[-132.83,57.01],[-132.83,57]]],[[[-156.5,57.03],[-156.52,57.03],[-156.51,57.04],[-156.5,57.04],[-156.48,57.03],[-156.5,57.03]]],[[[-133.29,56.83],[-133.3,56.85],[-133.3,56.82],[-133.33,56.82],[-133.34,56.83],[-133.36,56.84],[-133.37,56.84],[-133.36,56.82],[-133.33,56.8],[-133.32,56.79],[-133.34,56.77],[-133.32,56.75],[-133.32,56.74],[-133.3,56.73],[-133.27,56.73],[-133.26,56.74],[-133.23,56.73],[-133.22,56.71],[-133.22,56.7],[-133.24,56.69],[-133.23,56.67],[-133.25,56.67],[-133.25,56.64],[-133.22,56.65],[-133.19,56.64],[-133.18,56.64],[-133.15,56.64],[-133.11,56.62],[-133.1,56.61],[-133.12,56.6],[-133.13,56.6],[-133.14,56.61],[-133.17,56.62],[-133.18,56.62],[-133.14,56.6],[-133.12,56.59],[-133.1,56.57],[-133.09,56.55],[-133.09,56.53],[-133.09,56.52],[-133.11,56.53],[-133.13,56.51],[-133.12,56.5],[-133.11,56.5],[-133.13,56.47],[-133.16,56.46],[-133.19,56.45],[-133.22,56.45],[-133.23,56.46],[-133.25,56.46],[-133.26,56.47],[-133.28,56.47],[-133.31,56.47],[-133.33,56.47],[-133.36,56.47],[-133.36,56.49],[-133.39,56.5],[-133.41,56.49],[-133.43,56.5],[-133.44,56.49],[-133.41,56.47],[-133.43,56.47],[-133.42,56.46],[-133.45,56.46],[-133.46,56.45],[-133.48,56.45],[-133.49,56.45],[-133.51,56.44],[-133.56,56.44],[-133.6,56.43],[-133.65,56.44],[-133.66,56.45],[-133.67,56.46],[-133.67,56.49],[-133.66,56.5],[-133.67,56.52],[-133.67,56.54],[-133.66,56.57],[-133.68,56.57],[-133.68,56.58],[-133.65,56.59],[-133.66,56.61],[-133.68,56.61],[-133.68,56.63],[-133.7,56.64],[-133.71,56.65],[-133.71,56.67],[-133.73,56.68],[-133.71,56.69],[-133.72,56.7],[-133.7,56.7],[-133.71,56.72],[-133.71,56.73],[-133.71,56.75],[-133.7,56.77],[-133.68,56.77],[-133.71,56.79],[-133.69,56.8],[-133.69,56.82],[-133.7,56.83],[-133.68,56.83],[-133.7,56.85],[-133.72,56.82],[-133.76,56.81],[-133.79,56.82],[-133.81,56.83],[-133.82,56.84],[-133.82,56.85],[-133.86,56.86],[-133.87,56.86],[-133.9,56.89],[-133.9,56.9],[-133.88,56.9],[-133.86,56.88],[-133.83,56.88],[-133.81,56.88],[-133.78,56.89],[-133.76,56.89],[-133.8,56.9],[-133.81,56.89],[-133.82,56.89],[-133.82,56.9],[-133.84,56.91],[-133.85,56.9],[-133.88,56.92],[-133.9,56.93],[-133.93,56.94],[-133.92,56.94],[-133.89,56.94],[-133.89,56.95],[-133.93,56.97],[-133.99,57],[-134.01,57],[-134.01,57.01],[-134.04,57.02],[-134.03,57.03],[-134.02,57.04],[-134.03,57.05],[-134.03,57.06],[-134.01,57.07],[-133.98,57.08],[-133.96,57.08],[-133.93,57.09],[-133.88,57.1],[-133.83,57.09],[-133.73,57.08],[-133.7,57.06],[-133.66,57.06],[-133.64,57.06],[-133.6,57.06],[-133.57,57.04],[-133.54,57.04],[-133.52,57.03],[-133.49,57.04],[-133.48,57.03],[-133.43,57.01],[-133.39,57.01],[-133.36,57.01],[-133.34,56.99],[-133.32,56.99],[-133.33,56.98],[-133.32,56.98],[-133.31,56.95],[-133.3,56.95],[-133.3,56.94],[-133.29,56.92],[-133.27,56.92],[-133.26,56.94],[-133.29,56.97],[-133.3,56.98],[-133.32,57],[-133.31,57.02],[-133.27,57.01],[-133.22,57.01],[-133.21,57.01],[-133.17,57.01],[-133.13,57],[-133.11,57],[-133.08,56.99],[-133.03,56.95],[-133.01,56.95],[-132.99,56.94],[-132.98,56.92],[-132.97,56.89],[-132.95,56.88],[-132.94,56.85],[-132.94,56.83],[-132.96,56.82],[-133,56.81],[-132.99,56.8],[-132.98,56.77],[-132.97,56.75],[-132.96,56.74],[-132.95,56.71],[-132.96,56.69],[-132.93,56.67],[-132.94,56.65],[-132.96,56.63],[-132.97,56.62],[-132.99,56.61],[-133.02,56.6],[-133.03,56.6],[-133.06,56.62],[-133.06,56.63],[-133.11,56.67],[-133.13,56.68],[-133.17,56.7],[-133.19,56.71],[-133.21,56.74],[-133.21,56.75],[-133.23,56.76],[-133.25,56.79],[-133.26,56.81],[-133.28,56.81],[-133.29,56.83]],[[-133.32,56.86],[-133.32,56.88],[-133.34,56.87],[-133.32,56.86]]],[[[-135.44,57.09],[-135.46,57.09],[-135.47,57.11],[-135.46,57.12],[-135.45,57.12],[-135.44,57.1],[-135.44,57.09]]],[[[-133.19,57.1],[-133.21,57.11],[-133.21,57.13],[-133.19,57.12],[-133.19,57.1]]],[[[-135.56,57.18],[-135.55,57.17],[-135.56,57.16],[-135.59,57.16],[-135.57,57.18],[-135.56,57.18]]],[[[-153.19,57.2],[-153.17,57.2],[-153.16,57.19],[-153.16,57.18],[-153.18,57.17],[-153.17,57.16],[-153.13,57.17],[-153.12,57.18],[-153.07,57.19],[-153.07,57.17],[-153.09,57.15],[-153.08,57.14],[-153.06,57.16],[-153.05,57.17],[-153.03,57.17],[-153.01,57.17],[-153.01,57.18],[-152.97,57.19],[-152.95,57.19],[-152.94,57.18],[-152.93,57.17],[-152.91,57.16],[-152.89,57.17],[-152.88,57.17],[-152.87,57.15],[-152.88,57.14],[-152.91,57.13],[-152.93,57.13],[-152.95,57.12],[-152.97,57.12],[-153,57.12],[-153.02,57.13],[-153.05,57.12],[-153.07,57.11],[-153.09,57.11],[-153.09,57.1],[-153.12,57.09],[-153.13,57.1],[-153.18,57.1],[-153.21,57.08],[-153.22,57.07],[-153.21,57.06],[-153.2,57.04],[-153.2,57.03],[-153.23,57.02],[-153.24,57],[-153.26,57],[-153.29,56.99],[-153.31,56.99],[-153.32,57],[-153.35,57.01],[-153.32,57.02],[-153.32,57.03],[-153.3,57.04],[-153.33,57.05],[-153.36,57.05],[-153.35,57.06],[-153.33,57.07],[-153.32,57.08],[-153.32,57.09],[-153.35,57.08],[-153.39,57.06],[-153.4,57.08],[-153.34,57.11],[-153.35,57.12],[-153.38,57.11],[-153.38,57.12],[-153.34,57.14],[-153.3,57.18],[-153.28,57.19],[-153.29,57.2],[-153.26,57.21],[-153.24,57.21],[-153.22,57.21],[-153.21,57.2],[-153.19,57.2]]],[[[-135.51,57.21],[-135.45,57.18],[-135.46,57.17],[-135.48,57.17],[-135.49,57.16],[-135.51,57.16],[-135.51,57.14],[-135.54,57.15],[-135.55,57.16],[-135.54,57.17],[-135.55,57.18],[-135.55,57.2],[-135.54,57.23],[-135.51,57.21]]],[[[-170.1,57.25],[-170.09,57.23],[-170.12,57.22],[-170.15,57.2],[-170.15,57.17],[-170.17,57.16],[-170.22,57.14],[-170.25,57.14],[-170.25,57.12],[-170.28,57.1],[-170.3,57.11],[-170.28,57.13],[-170.3,57.14],[-170.29,57.15],[-170.31,57.15],[-170.33,57.14],[-170.35,57.14],[-170.37,57.15],[-170.41,57.16],[-170.42,57.17],[-170.42,57.19],[-170.39,57.21],[-170.37,57.2],[-170.35,57.2],[-170.33,57.21],[-170.3,57.22],[-170.28,57.21],[-170.27,57.21],[-170.22,57.21],[-170.15,57.23],[-170.13,57.24],[-170.12,57.25],[-170.1,57.25]]],[[[-133.53,57.25],[-133.51,57.22],[-133.53,57.22],[-133.55,57.24],[-133.53,57.25]]],[[[-134.89,57.27],[-134.91,57.28],[-134.9,57.29],[-134.88,57.29],[-134.87,57.28],[-134.89,57.27]]],[[[-133.85,57.28],[-133.86,57.28],[-133.87,57.3],[-133.86,57.31],[-133.84,57.3],[-133.85,57.28]]],[[[-133.81,57.3],[-133.82,57.29],[-133.84,57.31],[-133.82,57.31],[-133.81,57.31],[-133.81,57.3]]],[[[-156.3,57.33],[-156.31,57.33],[-156.34,57.34],[-156.32,57.34],[-156.3,57.33]]],[[[-135.74,57.17],[-135.79,57.17],[-135.81,57.17],[-135.84,57.18],[-135.82,57.21],[-135.82,57.22],[-135.81,57.23],[-135.81,57.25],[-135.83,57.24],[-135.84,57.22],[-135.87,57.22],[-135.85,57.24],[-135.83,57.25],[-135.85,57.27],[-135.84,57.28],[-135.84,57.29],[-135.83,57.31],[-135.85,57.32],[-135.86,57.33],[-135.84,57.34],[-135.8,57.34],[-135.79,57.34],[-135.76,57.35],[-135.75,57.34],[-135.73,57.34],[-135.71,57.33],[-135.7,57.31],[-135.69,57.29],[-135.69,57.28],[-135.66,57.26],[-135.69,57.31],[-135.68,57.32],[-135.64,57.3],[-135.63,57.3],[-135.57,57.25],[-135.57,57.23],[-135.6,57.23],[-135.62,57.24],[-135.65,57.25],[-135.66,57.25],[-135.63,57.23],[-135.62,57.2],[-135.6,57.2],[-135.61,57.18],[-135.6,57.17],[-135.59,57.16],[-135.6,57.15],[-135.57,57.15],[-135.56,57.13],[-135.57,57.13],[-135.58,57.11],[-135.57,57.09],[-135.6,57.08],[-135.61,57.05],[-135.63,57.02],[-135.64,57.01],[-135.68,57.02],[-135.7,57.01],[-135.73,57],[-135.76,57],[-135.78,57],[-135.83,56.99],[-135.86,57],[-135.86,57.01],[-135.85,57.02],[-135.85,57.03],[-135.85,57.04],[-135.85,57.05],[-135.84,57.07],[-135.85,57.07],[-135.84,57.09],[-135.83,57.09],[-135.82,57.1],[-135.81,57.11],[-135.78,57.11],[-135.76,57.12],[-135.75,57.13],[-135.76,57.14],[-135.74,57.14],[-135.75,57.16],[-135.74,57.17]]],[[[-156.26,57.37],[-156.28,57.38],[-156.27,57.39],[-156.26,57.37]]],[[[-152.28,57.39],[-152.26,57.39],[-152.26,57.38],[-152.29,57.37],[-152.32,57.37],[-152.3,57.38],[-152.28,57.39]]],[[[-135.87,57.41],[-135.91,57.41],[-135.9,57.42],[-135.87,57.41]]],[[[-153.84,57.54],[-153.83,57.53],[-153.83,57.52],[-153.84,57.52],[-153.83,57.48],[-153.83,57.47],[-153.83,57.43],[-153.85,57.43],[-153.87,57.45],[-153.88,57.47],[-153.87,57.47],[-153.89,57.5],[-153.87,57.51],[-153.87,57.52],[-153.88,57.55],[-153.85,57.54],[-153.84,57.54]]],[[[-135.28,57.48],[-135.28,57.47],[-135.27,57.48],[-135.22,57.49],[-135.19,57.48],[-135.18,57.47],[-135.16,57.46],[-135.17,57.45],[-135.21,57.44],[-135.18,57.44],[-135.17,57.45],[-135.11,57.43],[-135.07,57.42],[-135.06,57.41],[-135.03,57.41],[-135.01,57.41],[-134.99,57.43],[-134.95,57.43],[-134.9,57.43],[-134.84,57.41],[-134.83,57.4],[-134.84,57.39],[-134.82,57.37],[-134.82,57.35],[-134.8,57.34],[-134.81,57.32],[-134.81,57.31],[-134.81,57.3],[-134.83,57.29],[-134.85,57.31],[-134.86,57.31],[-134.89,57.33],[-134.92,57.35],[-134.94,57.36],[-134.93,57.35],[-134.91,57.33],[-134.92,57.33],[-134.95,57.34],[-134.99,57.34],[-135.01,57.35],[-135.04,57.35],[-135.06,57.35],[-135,57.34],[-135,57.33],[-134.98,57.34],[-134.95,57.33],[-134.96,57.32],[-134.99,57.31],[-135.01,57.29],[-135.01,57.28],[-135.01,57.26],[-134.99,57.27],[-135,57.29],[-134.97,57.31],[-134.94,57.3],[-134.94,57.28],[-134.94,57.27],[-134.93,57.26],[-134.91,57.27],[-134.89,57.27],[-134.86,57.27],[-134.84,57.25],[-134.84,57.22],[-134.86,57.22],[-134.87,57.22],[-134.85,57.21],[-134.84,57.2],[-134.82,57.19],[-134.8,57.16],[-134.83,57.15],[-134.8,57.14],[-134.81,57.13],[-134.8,57.13],[-134.79,57.12],[-134.78,57.09],[-134.8,57.09],[-134.8,57.08],[-134.78,57.08],[-134.76,57.06],[-134.74,57],[-134.74,56.98],[-134.76,56.97],[-134.73,56.96],[-134.75,56.95],[-134.72,56.94],[-134.72,56.92],[-134.73,56.91],[-134.71,56.91],[-134.7,56.9],[-134.7,56.87],[-134.7,56.86],[-134.7,56.84],[-134.69,56.83],[-134.67,56.82],[-134.66,56.81],[-134.66,56.77],[-134.65,56.75],[-134.63,56.72],[-134.63,56.7],[-134.63,56.67],[-134.62,56.67],[-134.62,56.65],[-134.62,56.64],[-134.63,56.63],[-134.62,56.6],[-134.63,56.57],[-134.63,56.55],[-134.65,56.55],[-134.65,56.57],[-134.67,56.56],[-134.67,56.53],[-134.66,56.51],[-134.66,56.5],[-134.64,56.48],[-134.65,56.46],[-134.64,56.44],[-134.66,56.44],[-134.71,56.44],[-134.71,56.43],[-134.69,56.43],[-134.65,56.43],[-134.63,56.4],[-134.66,56.38],[-134.63,56.38],[-134.64,56.36],[-134.65,56.35],[-134.69,56.32],[-134.68,56.32],[-134.64,56.33],[-134.63,56.31],[-134.65,56.29],[-134.68,56.28],[-134.67,56.26],[-134.65,56.27],[-134.64,56.27],[-134.62,56.26],[-134.65,56.24],[-134.65,56.23],[-134.66,56.21],[-134.65,56.2],[-134.67,56.17],[-134.69,56.18],[-134.7,56.17],[-134.71,56.18],[-134.69,56.2],[-134.72,56.22],[-134.74,56.21],[-134.77,56.22],[-134.81,56.24],[-134.79,56.25],[-134.83,56.26],[-134.82,56.28],[-134.84,56.28],[-134.84,56.3],[-134.81,56.32],[-134.84,56.32],[-134.86,56.31],[-134.88,56.31],[-134.9,56.32],[-134.9,56.33],[-134.9,56.35],[-134.91,56.36],[-134.92,56.36],[-134.93,56.38],[-134.95,56.38],[-134.94,56.4],[-134.97,56.42],[-134.98,56.44],[-134.99,56.46],[-134.98,56.46],[-134.95,56.47],[-134.95,56.48],[-134.99,56.47],[-135,56.46],[-135.03,56.5],[-135.03,56.51],[-135.03,56.52],[-135.06,56.53],[-135.06,56.54],[-135.03,56.55],[-135.06,56.57],[-135.03,56.59],[-135.01,56.6],[-134.98,56.6],[-134.96,56.61],[-134.94,56.62],[-134.93,56.64],[-134.9,56.66],[-134.9,56.67],[-134.91,56.68],[-134.93,56.65],[-134.95,56.63],[-134.96,56.62],[-134.99,56.63],[-135.01,56.64],[-135,56.66],[-134.99,56.68],[-135,56.69],[-135.01,56.66],[-135.04,56.62],[-135.06,56.61],[-135.09,56.6],[-135.14,56.6],[-135.13,56.61],[-135.13,56.63],[-135.13,56.65],[-135.15,56.65],[-135.15,56.67],[-135.14,56.68],[-135.12,56.7],[-135.09,56.72],[-135.06,56.72],[-135.05,56.73],[-135.06,56.74],[-135.04,56.76],[-135.02,56.75],[-135.02,56.77],[-135.03,56.77],[-135.06,56.75],[-135.12,56.72],[-135.13,56.7],[-135.15,56.69],[-135.17,56.68],[-135.18,56.67],[-135.19,56.68],[-135.18,56.67],[-135.19,56.66],[-135.21,56.67],[-135.23,56.69],[-135.22,56.69],[-135.2,56.7],[-135.19,56.71],[-135.21,56.73],[-135.19,56.75],[-135.16,56.75],[-135.16,56.76],[-135.13,56.77],[-135.12,56.78],[-135.12,56.79],[-135.17,56.76],[-135.17,56.77],[-135.18,56.78],[-135.19,56.76],[-135.23,56.75],[-135.24,56.74],[-135.29,56.72],[-135.31,56.73],[-135.29,56.74],[-135.27,56.74],[-135.25,56.76],[-135.28,56.76],[-135.27,56.76],[-135.28,56.77],[-135.27,56.78],[-135.22,56.79],[-135.2,56.8],[-135.16,56.82],[-135.13,56.84],[-135.15,56.83],[-135.17,56.83],[-135.23,56.8],[-135.26,56.78],[-135.29,56.78],[-135.31,56.78],[-135.3,56.78],[-135.32,56.8],[-135.35,56.8],[-135.36,56.82],[-135.38,56.82],[-135.38,56.84],[-135.39,56.85],[-135.38,56.87],[-135.38,56.88],[-135.37,56.89],[-135.33,56.88],[-135.34,56.9],[-135.31,56.9],[-135.35,56.94],[-135.38,56.94],[-135.4,56.95],[-135.39,56.95],[-135.38,56.97],[-135.38,56.98],[-135.38,56.99],[-135.35,56.98],[-135.3,56.98],[-135.27,56.96],[-135.24,56.95],[-135.23,56.95],[-135.27,56.97],[-135.28,56.98],[-135.31,56.99],[-135.29,56.99],[-135.29,57.02],[-135.26,57.01],[-135.23,57.03],[-135.21,57.03],[-135.18,57.02],[-135.17,57],[-135.14,56.98],[-135.13,56.99],[-135.16,57.01],[-135.16,57.02],[-135.2,57.03],[-135.2,57.04],[-135.22,57.05],[-135.25,57.03],[-135.28,57.04],[-135.29,57.05],[-135.32,57.04],[-135.35,57.05],[-135.4,57.1],[-135.39,57.13],[-135.37,57.13],[-135.37,57.15],[-135.33,57.16],[-135.29,57.16],[-135.28,57.17],[-135.31,57.18],[-135.34,57.19],[-135.36,57.19],[-135.35,57.17],[-135.38,57.16],[-135.39,57.14],[-135.41,57.15],[-135.42,57.17],[-135.4,57.19],[-135.38,57.2],[-135.37,57.21],[-135.37,57.23],[-135.36,57.23],[-135.35,57.25],[-135.37,57.25],[-135.4,57.25],[-135.4,57.24],[-135.4,57.22],[-135.4,57.21],[-135.44,57.19],[-135.45,57.18],[-135.5,57.21],[-135.52,57.23],[-135.47,57.25],[-135.47,57.26],[-135.49,57.25],[-135.55,57.24],[-135.59,57.28],[-135.57,57.29],[-135.61,57.3],[-135.64,57.31],[-135.64,57.32],[-135.67,57.34],[-135.68,57.35],[-135.69,57.36],[-135.68,57.37],[-135.66,57.37],[-135.6,57.37],[-135.55,57.36],[-135.53,57.36],[-135.51,57.35],[-135.49,57.36],[-135.52,57.37],[-135.57,57.38],[-135.59,57.4],[-135.61,57.39],[-135.63,57.39],[-135.61,57.41],[-135.56,57.43],[-135.57,57.44],[-135.56,57.45],[-135.54,57.45],[-135.53,57.46],[-135.54,57.49],[-135.55,57.51],[-135.5,57.52],[-135.48,57.54],[-135.45,57.55],[-135.45,57.56],[-135.43,57.56],[-135.42,57.56],[-135.39,57.56],[-135.35,57.55],[-135.32,57.54],[-135.31,57.52],[-135.29,57.51],[-135.31,57.49],[-135.36,57.48],[-135.38,57.47],[-135.42,57.46],[-135.41,57.44],[-135.39,57.44],[-135.38,57.46],[-135.36,57.46],[-135.35,57.47],[-135.3,57.48],[-135.28,57.48]],[[-134.7,56.73],[-134.71,56.72],[-134.74,56.72],[-134.74,56.71],[-134.69,56.71],[-134.7,56.73]]],[[[-136.05,57.55],[-136.06,57.55],[-136.07,57.56],[-136.05,57.55]]],[[[-135.54,57.61],[-135.51,57.6],[-135.54,57.59],[-135.56,57.6],[-135.57,57.61],[-135.55,57.61],[-135.54,57.61]]],[[[-136.09,57.62],[-136.1,57.62],[-136.1,57.63],[-136.09,57.62]]],[[[-136.2,57.64],[-136.18,57.63],[-136.19,57.62],[-136.21,57.64],[-136.21,57.65],[-136.2,57.64]]],[[[-135.71,57.71],[-135.69,57.71],[-135.64,57.69],[-135.63,57.67],[-135.59,57.66],[-135.59,57.65],[-135.62,57.64],[-135.65,57.65],[-135.68,57.68],[-135.69,57.68],[-135.72,57.7],[-135.71,57.71]]],[[[-136.24,57.72],[-136.23,57.7],[-136.26,57.69],[-136.26,57.7],[-136.28,57.71],[-136.25,57.73],[-136.24,57.72]]],[[[-153.32,57.71],[-153.34,57.72],[-153.36,57.72],[-153.37,57.74],[-153.37,57.75],[-153.34,57.74],[-153.32,57.71]]],[[[-152.25,57.78],[-152.25,57.77],[-152.29,57.75],[-152.29,57.77],[-152.27,57.77],[-152.25,57.78]]],[[[-152.33,57.76],[-152.35,57.76],[-152.36,57.78],[-152.33,57.8],[-152.31,57.78],[-152.33,57.76]]],[[[-134.17,57.86],[-134.17,57.85],[-134.14,57.83],[-134.11,57.81],[-134.1,57.78],[-134.12,57.77],[-134.13,57.79],[-134.17,57.82],[-134.19,57.83],[-134.17,57.85],[-134.22,57.89],[-134.2,57.89],[-134.19,57.88],[-134.17,57.86]]],[[[-134.26,57.95],[-134.25,57.95],[-134.22,57.94],[-134.2,57.94],[-134.19,57.93],[-134.2,57.91],[-134.25,57.91],[-134.27,57.93],[-134.29,57.96],[-134.26,57.95]]],[[[-153.32,57.84],[-153.33,57.85],[-153.38,57.85],[-153.41,57.87],[-153.43,57.87],[-153.46,57.88],[-153.49,57.9],[-153.51,57.91],[-153.53,57.93],[-153.52,57.94],[-153.52,57.96],[-153.48,57.97],[-153.46,57.97],[-153.44,57.96],[-153.42,57.95],[-153.39,57.95],[-153.37,57.93],[-153.35,57.93],[-153.34,57.92],[-153.31,57.91],[-153.29,57.9],[-153.25,57.88],[-153.26,57.88],[-153.22,57.85],[-153.21,57.83],[-153.2,57.82],[-153.21,57.8],[-153.24,57.81],[-153.28,57.81],[-153.27,57.82],[-153.28,57.82],[-153.32,57.82],[-153.32,57.84]]],[[[-152.43,57.93],[-152.39,57.92],[-152.36,57.93],[-152.33,57.91],[-152.33,57.9],[-152.36,57.9],[-152.35,57.89],[-152.37,57.88],[-152.41,57.9],[-152.43,57.9],[-152.49,57.91],[-152.51,57.93],[-152.47,57.95],[-152.44,57.96],[-152.44,57.97],[-152.41,57.97],[-152.42,57.96],[-152.44,57.96],[-152.41,57.94],[-152.43,57.93]]],[[[-152.72,57.99],[-152.72,57.98],[-152.74,57.96],[-152.74,57.95],[-152.76,57.92],[-152.79,57.92],[-152.81,57.93],[-152.83,57.94],[-152.85,57.94],[-152.86,57.96],[-152.85,57.97],[-152.8,57.98],[-152.76,57.98],[-152.74,57.99],[-152.72,57.99]]],[[[-152.87,57.86],[-152.87,57.85],[-152.89,57.84],[-152.91,57.82],[-152.91,57.81],[-152.89,57.8],[-152.9,57.78],[-152.91,57.77],[-152.91,57.76],[-152.89,57.74],[-152.87,57.74],[-152.87,57.73],[-152.85,57.72],[-152.84,57.73],[-152.85,57.78],[-152.85,57.79],[-152.85,57.82],[-152.83,57.84],[-152.79,57.86],[-152.74,57.82],[-152.73,57.82],[-152.72,57.85],[-152.71,57.86],[-152.67,57.88],[-152.66,57.88],[-152.64,57.88],[-152.64,57.9],[-152.64,57.92],[-152.62,57.92],[-152.61,57.91],[-152.59,57.91],[-152.56,57.9],[-152.53,57.91],[-152.49,57.9],[-152.46,57.89],[-152.46,57.87],[-152.43,57.87],[-152.42,57.86],[-152.4,57.85],[-152.42,57.84],[-152.44,57.83],[-152.42,57.81],[-152.4,57.82],[-152.37,57.83],[-152.35,57.82],[-152.33,57.82],[-152.35,57.81],[-152.37,57.8],[-152.39,57.78],[-152.4,57.77],[-152.41,57.79],[-152.45,57.78],[-152.47,57.77],[-152.48,57.76],[-152.48,57.74],[-152.49,57.73],[-152.52,57.72],[-152.53,57.73],[-152.56,57.72],[-152.57,57.7],[-152.55,57.7],[-152.53,57.7],[-152.5,57.71],[-152.46,57.72],[-152.47,57.71],[-152.47,57.7],[-152.48,57.69],[-152.47,57.68],[-152.48,57.67],[-152.52,57.66],[-152.49,57.65],[-152.47,57.65],[-152.45,57.67],[-152.4,57.69],[-152.41,57.67],[-152.44,57.65],[-152.42,57.64],[-152.45,57.61],[-152.47,57.6],[-152.46,57.59],[-152.45,57.59],[-152.43,57.59],[-152.41,57.61],[-152.37,57.62],[-152.32,57.62],[-152.3,57.62],[-152.27,57.63],[-152.24,57.61],[-152.2,57.62],[-152.19,57.63],[-152.16,57.62],[-152.17,57.59],[-152.21,57.56],[-152.24,57.54],[-152.29,57.52],[-152.32,57.49],[-152.33,57.47],[-152.33,57.44],[-152.32,57.43],[-152.34,57.42],[-152.36,57.43],[-152.41,57.44],[-152.45,57.44],[-152.48,57.42],[-152.49,57.42],[-152.46,57.44],[-152.45,57.45],[-152.45,57.46],[-152.48,57.47],[-152.49,57.47],[-152.5,57.45],[-152.52,57.43],[-152.54,57.45],[-152.59,57.45],[-152.6,57.46],[-152.6,57.47],[-152.63,57.48],[-152.65,57.47],[-152.69,57.47],[-152.7,57.48],[-152.72,57.48],[-152.72,57.49],[-152.74,57.51],[-152.77,57.5],[-152.8,57.49],[-152.83,57.5],[-152.86,57.51],[-152.88,57.51],[-152.9,57.5],[-152.92,57.51],[-152.95,57.52],[-152.97,57.51],[-152.95,57.5],[-152.9,57.49],[-152.89,57.48],[-152.94,57.47],[-152.97,57.48],[-153,57.47],[-153,57.46],[-153.04,57.43],[-153.03,57.44],[-153,57.45],[-152.96,57.46],[-152.95,57.47],[-152.94,57.46],[-152.91,57.47],[-152.9,57.47],[-152.85,57.47],[-152.83,57.47],[-152.82,57.47],[-152.78,57.46],[-152.76,57.46],[-152.72,57.43],[-152.72,57.42],[-152.68,57.41],[-152.66,57.41],[-152.63,57.41],[-152.61,57.39],[-152.61,57.38],[-152.61,57.36],[-152.63,57.35],[-152.64,57.33],[-152.63,57.33],[-152.65,57.31],[-152.67,57.3],[-152.7,57.28],[-152.71,57.29],[-152.71,57.3],[-152.73,57.31],[-152.76,57.31],[-152.77,57.3],[-152.79,57.28],[-152.82,57.27],[-152.85,57.28],[-152.84,57.3],[-152.86,57.3],[-152.88,57.29],[-152.9,57.3],[-152.91,57.32],[-152.89,57.34],[-152.87,57.34],[-152.88,57.35],[-152.9,57.34],[-152.94,57.33],[-152.98,57.33],[-152.98,57.34],[-153,57.34],[-153.02,57.34],[-153.03,57.34],[-153.1,57.32],[-153.13,57.32],[-153.15,57.32],[-153.16,57.35],[-153.17,57.34],[-153.17,57.31],[-153.15,57.3],[-153.12,57.3],[-153.1,57.29],[-153.07,57.29],[-153.05,57.29],[-153.01,57.3],[-152.99,57.28],[-152.97,57.28],[-152.96,57.27],[-152.94,57.26],[-152.95,57.25],[-152.98,57.24],[-153.01,57.23],[-153.02,57.23],[-153.05,57.22],[-153.07,57.21],[-153.09,57.21],[-153.12,57.21],[-153.16,57.21],[-153.17,57.22],[-153.2,57.22],[-153.22,57.22],[-153.23,57.23],[-153.27,57.23],[-153.26,57.22],[-153.28,57.21],[-153.3,57.22],[-153.3,57.2],[-153.33,57.19],[-153.34,57.19],[-153.39,57.21],[-153.39,57.2],[-153.37,57.19],[-153.36,57.18],[-153.4,57.15],[-153.43,57.13],[-153.46,57.11],[-153.48,57.14],[-153.47,57.16],[-153.47,57.18],[-153.49,57.18],[-153.54,57.18],[-153.54,57.16],[-153.5,57.17],[-153.49,57.17],[-153.5,57.15],[-153.51,57.14],[-153.51,57.13],[-153.5,57.11],[-153.49,57.1],[-153.49,57.08],[-153.5,57.07],[-153.52,57.08],[-153.55,57.08],[-153.57,57.09],[-153.62,57.08],[-153.66,57.08],[-153.68,57.08],[-153.67,57.07],[-153.7,57.06],[-153.66,57.05],[-153.64,57.06],[-153.61,57.05],[-153.59,57.06],[-153.58,57.05],[-153.58,57.04],[-153.61,57.02],[-153.6,57.01],[-153.57,57.01],[-153.54,57],[-153.55,56.97],[-153.57,56.96],[-153.6,56.95],[-153.6,56.93],[-153.63,56.93],[-153.67,56.93],[-153.69,56.94],[-153.7,56.94],[-153.69,56.92],[-153.69,56.91],[-153.73,56.89],[-153.77,56.88],[-153.77,56.87],[-153.76,56.86],[-153.74,56.87],[-153.72,56.88],[-153.69,56.88],[-153.68,56.87],[-153.71,56.85],[-153.74,56.85],[-153.74,56.84],[-153.77,56.84],[-153.8,56.85],[-153.84,56.83],[-153.84,56.82],[-153.85,56.81],[-153.89,56.79],[-153.9,56.78],[-153.9,56.77],[-153.94,56.76],[-153.94,56.75],[-153.98,56.74],[-154.02,56.74],[-154.03,56.76],[-154.05,56.76],[-154.08,56.75],[-154.13,56.74],[-154.14,56.74],[-154.14,56.77],[-154.13,56.79],[-154.1,56.8],[-154.11,56.81],[-154.08,56.84],[-154.04,56.86],[-154.02,56.86],[-154.01,56.86],[-154,56.88],[-153.98,56.89],[-153.96,56.91],[-153.94,56.92],[-153.92,56.92],[-153.9,56.93],[-153.87,56.93],[-153.84,56.95],[-153.84,56.96],[-153.86,56.96],[-153.86,56.98],[-153.83,57.01],[-153.86,57.03],[-153.86,57],[-153.87,56.99],[-153.88,56.98],[-153.9,56.96],[-153.92,56.96],[-153.97,56.96],[-153.97,57],[-153.95,57.02],[-153.92,57.05],[-153.91,57.05],[-153.92,57.06],[-153.9,57.07],[-153.89,57.08],[-153.87,57.09],[-153.85,57.09],[-153.8,57.11],[-153.79,57.13],[-153.76,57.14],[-153.78,57.14],[-153.79,57.16],[-153.8,57.16],[-153.82,57.14],[-153.82,57.13],[-153.84,57.12],[-153.88,57.12],[-153.89,57.1],[-153.92,57.09],[-153.96,57.07],[-153.97,57.07],[-154.02,57.02],[-154.05,57],[-154.05,56.99],[-154.07,56.97],[-154.09,56.97],[-154.12,56.99],[-154.14,57],[-154.13,57.01],[-154.12,57.02],[-154.1,57.03],[-154.11,57.06],[-154.09,57.06],[-154.07,57.08],[-154.02,57.1],[-153.98,57.11],[-153.98,57.12],[-154.01,57.13],[-154.04,57.13],[-154.08,57.12],[-154.13,57.15],[-154.17,57.14],[-154.2,57.15],[-154.23,57.16],[-154.24,57.15],[-154.26,57.14],[-154.27,57.14],[-154.34,57.15],[-154.37,57.15],[-154.39,57.12],[-154.41,57.12],[-154.43,57.13],[-154.46,57.13],[-154.47,57.12],[-154.48,57.11],[-154.48,57.1],[-154.47,57.08],[-154.46,57.07],[-154.44,57.05],[-154.42,57.05],[-154.4,57.06],[-154.38,57.05],[-154.36,57.06],[-154.33,57.08],[-154.31,57.1],[-154.29,57.11],[-154.23,57.12],[-154.19,57.12],[-154.18,57.12],[-154.14,57.11],[-154.14,57.12],[-154.12,57.12],[-154.1,57.12],[-154.09,57.1],[-154.1,57.08],[-154.11,57.07],[-154.11,57.05],[-154.13,57.02],[-154.15,57.02],[-154.15,57],[-154.18,56.99],[-154.15,56.98],[-154.15,56.96],[-154.16,56.95],[-154.19,56.93],[-154.25,56.94],[-154.26,56.94],[-154.23,56.93],[-154.21,56.91],[-154.22,56.89],[-154.26,56.9],[-154.25,56.89],[-154.27,56.87],[-154.29,56.87],[-154.29,56.89],[-154.29,56.91],[-154.3,56.91],[-154.3,56.89],[-154.3,56.85],[-154.29,56.86],[-154.26,56.88],[-154.25,56.89],[-154.23,56.89],[-154.23,56.88],[-154.27,56.85],[-154.31,56.84],[-154.3,56.85],[-154.3,56.88],[-154.31,56.91],[-154.33,56.93],[-154.35,56.93],[-154.37,56.95],[-154.4,56.96],[-154.5,56.99],[-154.53,56.99],[-154.52,57.03],[-154.52,57.08],[-154.52,57.11],[-154.52,57.15],[-154.53,57.18],[-154.55,57.21],[-154.57,57.22],[-154.57,57.24],[-154.6,57.26],[-154.62,57.27],[-154.64,57.27],[-154.68,57.27],[-154.67,57.28],[-154.69,57.28],[-154.71,57.28],[-154.73,57.27],[-154.74,57.28],[-154.78,57.28],[-154.75,57.29],[-154.76,57.3],[-154.74,57.32],[-154.74,57.33],[-154.77,57.33],[-154.79,57.34],[-154.79,57.36],[-154.77,57.37],[-154.76,57.36],[-154.74,57.35],[-154.72,57.35],[-154.72,57.37],[-154.71,57.37],[-154.7,57.4],[-154.7,57.42],[-154.72,57.42],[-154.71,57.43],[-154.69,57.45],[-154.66,57.46],[-154.65,57.47],[-154.65,57.49],[-154.63,57.51],[-154.61,57.52],[-154.59,57.52],[-154.56,57.53],[-154.53,57.53],[-154.52,57.55],[-154.52,57.56],[-154.52,57.57],[-154.5,57.58],[-154.49,57.57],[-154.46,57.57],[-154.4,57.6],[-154.39,57.61],[-154.36,57.62],[-154.34,57.64],[-154.31,57.64],[-154.26,57.64],[-154.26,57.65],[-154.23,57.66],[-154.13,57.65],[-154.09,57.65],[-154.06,57.65],[-154.02,57.65],[-153.98,57.62],[-153.98,57.59],[-153.97,57.56],[-153.98,57.55],[-154.01,57.54],[-154.1,57.53],[-154.09,57.53],[-154.07,57.52],[-154.04,57.53],[-154,57.53],[-153.99,57.54],[-153.95,57.54],[-153.93,57.53],[-153.92,57.52],[-153.92,57.51],[-153.92,57.48],[-153.91,57.47],[-153.91,57.44],[-153.89,57.42],[-153.87,57.41],[-153.86,57.4],[-153.83,57.39],[-153.82,57.37],[-153.81,57.36],[-153.79,57.35],[-153.78,57.32],[-153.74,57.31],[-153.73,57.3],[-153.72,57.3],[-153.68,57.29],[-153.67,57.29],[-153.63,57.27],[-153.62,57.28],[-153.64,57.29],[-153.67,57.29],[-153.68,57.31],[-153.71,57.31],[-153.74,57.32],[-153.75,57.33],[-153.76,57.34],[-153.77,57.36],[-153.77,57.37],[-153.8,57.39],[-153.81,57.41],[-153.82,57.47],[-153.82,57.48],[-153.82,57.52],[-153.81,57.52],[-153.82,57.54],[-153.84,57.55],[-153.85,57.56],[-153.84,57.58],[-153.82,57.58],[-153.82,57.56],[-153.8,57.56],[-153.79,57.55],[-153.75,57.54],[-153.74,57.54],[-153.69,57.53],[-153.67,57.53],[-153.7,57.55],[-153.74,57.55],[-153.79,57.57],[-153.8,57.58],[-153.83,57.6],[-153.88,57.63],[-153.87,57.65],[-153.8,57.65],[-153.77,57.65],[-153.76,57.65],[-153.73,57.65],[-153.72,57.64],[-153.68,57.64],[-153.64,57.63],[-153.62,57.61],[-153.62,57.6],[-153.59,57.6],[-153.58,57.59],[-153.56,57.6],[-153.57,57.6],[-153.59,57.61],[-153.59,57.63],[-153.62,57.65],[-153.65,57.65],[-153.67,57.67],[-153.68,57.67],[-153.73,57.68],[-153.79,57.69],[-153.8,57.7],[-153.83,57.7],[-153.86,57.71],[-153.89,57.7],[-153.92,57.72],[-153.94,57.73],[-153.93,57.76],[-153.93,57.77],[-153.93,57.81],[-153.9,57.82],[-153.89,57.83],[-153.87,57.84],[-153.85,57.85],[-153.86,57.86],[-153.81,57.87],[-153.79,57.87],[-153.76,57.88],[-153.76,57.89],[-153.72,57.9],[-153.71,57.88],[-153.69,57.88],[-153.66,57.88],[-153.62,57.88],[-153.64,57.86],[-153.62,57.84],[-153.6,57.84],[-153.57,57.83],[-153.55,57.8],[-153.55,57.78],[-153.54,57.76],[-153.55,57.76],[-153.56,57.74],[-153.54,57.69],[-153.53,57.67],[-153.52,57.66],[-153.5,57.65],[-153.51,57.68],[-153.52,57.71],[-153.51,57.71],[-153.48,57.71],[-153.47,57.7],[-153.43,57.7],[-153.46,57.72],[-153.5,57.73],[-153.51,57.74],[-153.49,57.77],[-153.46,57.76],[-153.42,57.77],[-153.39,57.75],[-153.39,57.73],[-153.38,57.72],[-153.35,57.7],[-153.32,57.71],[-153.31,57.72],[-153.33,57.75],[-153.35,57.76],[-153.37,57.76],[-153.38,57.77],[-153.41,57.78],[-153.44,57.78],[-153.46,57.79],[-153.49,57.83],[-153.48,57.84],[-153.45,57.84],[-153.41,57.83],[-153.39,57.82],[-153.34,57.8],[-153.33,57.81],[-153.31,57.8],[-153.27,57.79],[-153.25,57.8],[-153.24,57.79],[-153.21,57.79],[-153.2,57.79],[-153.22,57.74],[-153.22,57.73],[-153.21,57.73],[-153.19,57.7],[-153.18,57.71],[-153.2,57.73],[-153.19,57.77],[-153.19,57.79],[-153.18,57.8],[-153.19,57.83],[-153.21,57.85],[-153.22,57.87],[-153.23,57.89],[-153.2,57.89],[-153.17,57.88],[-153.15,57.87],[-153.12,57.86],[-153.11,57.85],[-153.07,57.83],[-153.05,57.83],[-153.09,57.84],[-153.09,57.87],[-153.11,57.87],[-153.13,57.89],[-153.16,57.9],[-153.17,57.92],[-153.19,57.92],[-153.2,57.94],[-153.23,57.94],[-153.25,57.95],[-153.27,57.95],[-153.28,57.97],[-153.3,57.98],[-153.3,57.99],[-153.28,58],[-153.25,58],[-153.22,57.98],[-153.2,57.97],[-153.16,57.97],[-153.13,57.96],[-153.13,57.95],[-153.06,57.94],[-153.03,57.93],[-153.01,57.92],[-153,57.91],[-153,57.95],[-152.98,57.94],[-152.94,57.95],[-152.91,57.94],[-152.85,57.93],[-152.82,57.92],[-152.81,57.91],[-152.8,57.9],[-152.82,57.89],[-152.83,57.89],[-152.86,57.88],[-152.87,57.86]],[[-154.36,56.95],[-154.34,56.95],[-154.3,56.94],[-154.27,56.95],[-154.31,56.96],[-154.33,56.96],[-154.36,56.95]],[[-153.63,57.02],[-153.64,57.02],[-153.62,57.01],[-153.61,57.02],[-153.63,57.02]],[[-153.77,57],[-153.81,56.99],[-153.84,56.97],[-153.83,56.96],[-153.81,56.98],[-153.77,57]],[[-152.62,57.84],[-152.62,57.88],[-152.67,57.87],[-152.63,57.86],[-152.63,57.84],[-152.62,57.84]]],[[[-152.88,57.99],[-152.91,57.99],[-152.93,58],[-152.9,58],[-152.88,57.99]]],[[[-154.5,58.07],[-154.48,58.06],[-154.48,58.05],[-154.5,58.05],[-154.51,58.05],[-154.51,58.07],[-154.5,58.07]]],[[[-134.12,58.1],[-134.11,58.08],[-134.15,58.09],[-134.15,58.1],[-134.12,58.1]]],[[[-136.48,57.87],[-136.49,57.89],[-136.5,57.9],[-136.52,57.9],[-136.52,57.92],[-136.56,57.91],[-136.57,57.91],[-136.57,57.92],[-136.57,57.93],[-136.56,57.94],[-136.56,57.95],[-136.57,57.96],[-136.53,58],[-136.55,58.01],[-136.57,58.02],[-136.56,58.03],[-136.56,58.05],[-136.56,58.08],[-136.55,58.09],[-136.54,58.1],[-136.49,58.1],[-136.47,58.1],[-136.46,58.09],[-136.45,58.08],[-136.43,58.07],[-136.43,58.06],[-136.4,58.05],[-136.36,58.03],[-136.34,58.01],[-136.35,58.01],[-136.38,58],[-136.39,57.97],[-136.38,57.93],[-136.39,57.92],[-136.4,57.9],[-136.45,57.85],[-136.48,57.87]]],[[[-152.93,58],[-152.92,57.98],[-152.94,57.98],[-152.98,57.98],[-153.01,57.99],[-153.05,57.99],[-153.09,58],[-153.13,58.02],[-153.16,58.02],[-153.17,58.02],[-153.21,58.03],[-153.23,58.05],[-153.23,58.06],[-153.27,58.07],[-153.24,58.05],[-153.24,58.04],[-153.3,58.05],[-153.36,58.04],[-153.39,58.06],[-153.42,58.06],[-153.4,58.08],[-153.37,58.09],[-153.36,58.1],[-153.34,58.1],[-153.34,58.12],[-153.32,58.13],[-153.32,58.14],[-153.3,58.15],[-153.26,58.14],[-153.21,58.11],[-153.19,58.1],[-153.16,58.09],[-153.11,58.09],[-153.09,58.09],[-153.07,58.06],[-153.05,58.05],[-153.04,58.03],[-153.03,58.03],[-152.94,58.01],[-152.93,58]]],[[[-135.07,58.21],[-135.07,58.19],[-135.08,58.19],[-135.1,58.21],[-135.07,58.21]]],[[[-151.83,58.27],[-151.79,58.26],[-151.79,58.24],[-151.8,58.22],[-151.79,58.21],[-151.81,58.19],[-151.85,58.17],[-151.88,58.17],[-151.88,58.18],[-151.9,58.19],[-151.89,58.2],[-151.89,58.21],[-151.87,58.23],[-151.88,58.24],[-151.86,58.25],[-151.83,58.27]]],[[[-136.38,58.25],[-136.41,58.27],[-136.4,58.27],[-136.37,58.27],[-136.38,58.25]]],[[[-136.32,58.27],[-136.29,58.27],[-136.28,58.26],[-136.29,58.25],[-136.29,58.24],[-136.32,58.23],[-136.33,58.24],[-136.36,58.25],[-136.37,58.26],[-136.34,58.27],[-136.32,58.27]]],[[[-135.66,57.96],[-135.64,57.97],[-135.65,57.99],[-135.6,57.99],[-135.59,58],[-135.57,58.01],[-135.56,58.03],[-135.56,58.04],[-135.55,58.05],[-135.53,58.06],[-135.49,58.09],[-135.47,58.08],[-135.45,58.1],[-135.43,58.1],[-135.46,58.12],[-135.46,58.13],[-135.43,58.14],[-135.42,58.14],[-135.39,58.14],[-135.38,58.13],[-135.34,58.12],[-135.34,58.11],[-135.32,58.11],[-135.3,58.09],[-135.27,58.1],[-135.24,58.09],[-135.18,58.09],[-135.16,58.09],[-135.14,58.09],[-135.12,58.09],[-135.09,58.08],[-135.08,58.06],[-135.02,58.06],[-135.02,58.05],[-134.98,58.05],[-134.95,58.04],[-134.93,58.02],[-134.93,58],[-134.91,57.98],[-134.94,57.97],[-134.94,57.95],[-134.92,57.95],[-134.92,57.92],[-134.95,57.92],[-134.96,57.91],[-134.99,57.9],[-135,57.89],[-135.03,57.9],[-135.04,57.9],[-135.09,57.91],[-135.14,57.92],[-135.17,57.94],[-135.19,57.94],[-135.22,57.95],[-135.19,57.92],[-135.17,57.92],[-135.16,57.9],[-135.13,57.89],[-135.07,57.88],[-135.05,57.86],[-135.04,57.86],[-135.03,57.85],[-135,57.84],[-135,57.83],[-134.99,57.83],[-134.96,57.82],[-134.95,57.81],[-134.99,57.8],[-135.03,57.78],[-135.06,57.78],[-135.07,57.78],[-135.09,57.78],[-135.12,57.78],[-135.15,57.78],[-135.17,57.78],[-135.2,57.78],[-135.23,57.78],[-135.26,57.79],[-135.31,57.81],[-135.35,57.83],[-135.37,57.84],[-135.41,57.86],[-135.5,57.88],[-135.52,57.89],[-135.56,57.9],[-135.6,57.91],[-135.65,57.92],[-135.71,57.94],[-135.78,57.96],[-135.84,57.99],[-135.87,58],[-135.89,58],[-135.86,57.98],[-135.84,57.98],[-135.81,57.96],[-135.81,57.94],[-135.79,57.94],[-135.77,57.92],[-135.76,57.94],[-135.75,57.94],[-135.73,57.92],[-135.7,57.92],[-135.67,57.91],[-135.63,57.89],[-135.6,57.89],[-135.58,57.88],[-135.59,57.87],[-135.61,57.87],[-135.62,57.86],[-135.56,57.87],[-135.52,57.85],[-135.55,57.84],[-135.59,57.83],[-135.58,57.82],[-135.55,57.83],[-135.52,57.84],[-135.47,57.84],[-135.44,57.83],[-135.42,57.81],[-135.38,57.8],[-135.38,57.79],[-135.38,57.78],[-135.36,57.77],[-135.34,57.76],[-135.33,57.75],[-135.35,57.74],[-135.43,57.74],[-135.43,57.73],[-135.38,57.74],[-135.34,57.74],[-135.3,57.74],[-135.25,57.73],[-135.24,57.73],[-135.24,57.71],[-135.22,57.7],[-135.21,57.73],[-135.17,57.74],[-135.12,57.74],[-135.11,57.76],[-135.08,57.75],[-135.04,57.75],[-135.02,57.74],[-134.98,57.76],[-134.93,57.76],[-134.92,57.74],[-134.92,57.73],[-134.92,57.71],[-134.9,57.69],[-134.92,57.68],[-134.92,57.66],[-134.9,57.66],[-134.89,57.64],[-134.87,57.62],[-134.86,57.6],[-134.85,57.58],[-134.85,57.56],[-134.86,57.55],[-134.86,57.53],[-134.83,57.5],[-134.85,57.48],[-134.88,57.51],[-134.89,57.5],[-134.93,57.51],[-134.92,57.5],[-134.89,57.48],[-134.87,57.47],[-134.9,57.46],[-134.92,57.46],[-134.93,57.46],[-134.97,57.46],[-134.98,57.46],[-135,57.46],[-135.03,57.46],[-135.05,57.46],[-135.06,57.46],[-135.09,57.47],[-135.1,57.47],[-135.13,57.5],[-135.16,57.51],[-135.18,57.52],[-135.19,57.52],[-135.23,57.54],[-135.25,57.55],[-135.27,57.55],[-135.33,57.58],[-135.36,57.59],[-135.37,57.59],[-135.46,57.63],[-135.48,57.63],[-135.52,57.65],[-135.53,57.65],[-135.54,57.66],[-135.57,57.67],[-135.59,57.68],[-135.63,57.7],[-135.65,57.71],[-135.74,57.74],[-135.76,57.75],[-135.78,57.75],[-135.82,57.77],[-135.82,57.75],[-135.79,57.74],[-135.77,57.74],[-135.74,57.73],[-135.73,57.72],[-135.74,57.71],[-135.71,57.68],[-135.74,57.68],[-135.79,57.66],[-135.71,57.66],[-135.68,57.64],[-135.69,57.62],[-135.66,57.63],[-135.57,57.6],[-135.56,57.58],[-135.59,57.57],[-135.62,57.58],[-135.65,57.57],[-135.68,57.55],[-135.65,57.55],[-135.62,57.57],[-135.57,57.55],[-135.56,57.54],[-135.58,57.52],[-135.56,57.5],[-135.55,57.48],[-135.55,57.45],[-135.58,57.45],[-135.6,57.44],[-135.63,57.45],[-135.63,57.44],[-135.6,57.43],[-135.62,57.42],[-135.63,57.41],[-135.68,57.41],[-135.67,57.39],[-135.7,57.37],[-135.75,57.37],[-135.78,57.39],[-135.81,57.39],[-135.85,57.39],[-135.86,57.43],[-135.88,57.42],[-135.88,57.43],[-135.93,57.45],[-135.97,57.46],[-135.98,57.48],[-136,57.5],[-136.02,57.5],[-136.02,57.51],[-136.03,57.52],[-136.02,57.53],[-136,57.53],[-135.98,57.52],[-135.96,57.51],[-135.92,57.49],[-135.89,57.48],[-135.86,57.47],[-135.84,57.47],[-135.87,57.49],[-135.88,57.49],[-135.92,57.51],[-135.96,57.52],[-135.97,57.53],[-135.99,57.54],[-136,57.55],[-135.96,57.57],[-135.95,57.57],[-135.93,57.58],[-135.92,57.59],[-135.94,57.59],[-135.95,57.58],[-136,57.55],[-136.03,57.56],[-136.05,57.57],[-136.06,57.59],[-136.06,57.6],[-136.08,57.6],[-136.1,57.61],[-136.09,57.62],[-136.08,57.63],[-136.08,57.64],[-136.11,57.65],[-136.1,57.62],[-136.11,57.61],[-136.1,57.61],[-136.11,57.61],[-136.13,57.62],[-136.14,57.63],[-136.16,57.64],[-136.15,57.65],[-136.16,57.67],[-136.13,57.66],[-136.13,57.67],[-136.14,57.68],[-136.12,57.69],[-136.13,57.7],[-136.14,57.68],[-136.16,57.68],[-136.18,57.65],[-136.2,57.64],[-136.2,57.65],[-136.22,57.66],[-136.23,57.67],[-136.25,57.67],[-136.26,57.68],[-136.23,57.69],[-136.2,57.7],[-136.21,57.71],[-136.19,57.72],[-136.16,57.7],[-136.16,57.71],[-136.17,57.72],[-136.19,57.74],[-136.21,57.74],[-136.2,57.76],[-136.22,57.75],[-136.24,57.76],[-136.25,57.77],[-136.26,57.76],[-136.26,57.75],[-136.27,57.73],[-136.29,57.73],[-136.3,57.74],[-136.32,57.75],[-136.31,57.76],[-136.31,57.79],[-136.34,57.79],[-136.34,57.8],[-136.36,57.81],[-136.36,57.82],[-136.38,57.84],[-136.41,57.82],[-136.42,57.83],[-136.43,57.84],[-136.41,57.86],[-136.41,57.87],[-136.39,57.88],[-136.36,57.92],[-136.35,57.93],[-136.38,57.96],[-136.36,57.99],[-136.34,58],[-136.31,57.98],[-136.3,57.98],[-136.27,57.97],[-136.26,57.96],[-136.2,57.92],[-136.17,57.91],[-136.15,57.89],[-136.11,57.87],[-136.1,57.87],[-136.12,57.89],[-136.14,57.9],[-136.16,57.91],[-136.19,57.93],[-136.2,57.94],[-136.24,57.96],[-136.24,57.97],[-136.29,58],[-136.31,58.01],[-136.33,58.03],[-136.35,58.04],[-136.38,58.06],[-136.42,58.08],[-136.44,58.09],[-136.44,58.12],[-136.43,58.13],[-136.41,58.13],[-136.38,58.14],[-136.37,58.15],[-136.35,58.14],[-136.32,58.13],[-136.29,58.11],[-136.28,58.12],[-136.3,58.13],[-136.29,58.15],[-136.32,58.16],[-136.33,58.17],[-136.34,58.17],[-136.36,58.19],[-136.36,58.21],[-136.35,58.22],[-136.33,58.21],[-136.3,58.22],[-136.27,58.21],[-136.27,58.2],[-136.25,58.19],[-136.24,58.17],[-136.23,58.16],[-136.22,58.16],[-136.2,58.15],[-136.2,58.13],[-136.21,58.1],[-136.18,58.08],[-136.15,58.08],[-136.19,58.11],[-136.18,58.13],[-136.17,58.14],[-136.19,58.16],[-136.2,58.18],[-136.2,58.19],[-136.15,58.21],[-136.16,58.22],[-136.14,58.23],[-136.08,58.22],[-136.07,58.21],[-136.04,58.22],[-136.04,58.21],[-136.06,58.21],[-136.02,58.19],[-135.99,58.19],[-135.98,58.19],[-135.97,58.21],[-135.95,58.22],[-135.94,58.23],[-135.9,58.25],[-135.87,58.25],[-135.84,58.27],[-135.83,58.28],[-135.8,58.29],[-135.78,58.29],[-135.77,58.27],[-135.75,58.27],[-135.75,58.25],[-135.73,58.24],[-135.71,58.23],[-135.66,58.23],[-135.64,58.23],[-135.62,58.21],[-135.53,58.19],[-135.5,58.17],[-135.52,58.15],[-135.52,58.12],[-135.54,58.1],[-135.58,58.09],[-135.63,58.05],[-135.67,58.06],[-135.69,58.05],[-135.69,58.04],[-135.67,58.03],[-135.66,58.02],[-135.62,58.02],[-135.64,58],[-135.69,57.99],[-135.71,58],[-135.74,58.01],[-135.78,57.99],[-135.74,57.99],[-135.71,57.98],[-135.67,57.97],[-135.66,57.96]],[[-136.05,57.59],[-136.03,57.6],[-136.02,57.61],[-136.01,57.63],[-136.02,57.64],[-136.04,57.62],[-136.03,57.6],[-136.05,57.59]]],[[[-136.04,58.3],[-136.04,58.28],[-136.08,58.27],[-136.09,58.26],[-136.13,58.26],[-136.16,58.28],[-136.13,58.3],[-136.11,58.3],[-136.08,58.3],[-136.05,58.32],[-136.04,58.32],[-136.04,58.3]]],[[[-135.63,58.39],[-135.59,58.37],[-135.57,58.36],[-135.54,58.34],[-135.55,58.33],[-135.58,58.33],[-135.63,58.33],[-135.65,58.33],[-135.68,58.33],[-135.7,58.34],[-135.73,58.37],[-135.71,58.38],[-135.66,58.38],[-135.63,58.39]]],[[[-134,57.73],[-134,57.75],[-134.02,57.77],[-134.02,57.78],[-134.02,57.79],[-134.03,57.82],[-134.04,57.82],[-134.1,57.85],[-134.1,57.86],[-134.12,57.87],[-134.12,57.88],[-134.14,57.91],[-134.14,57.93],[-134.16,57.95],[-134.16,57.96],[-134.19,57.98],[-134.2,57.99],[-134.21,58],[-134.2,58.01],[-134.17,57.99],[-134.16,57.99],[-134.2,58.02],[-134.22,58.04],[-134.25,58.06],[-134.26,58.07],[-134.28,58.07],[-134.31,58.09],[-134.32,58.08],[-134.28,58.05],[-134.27,58.02],[-134.29,58.03],[-134.31,58.04],[-134.3,58.02],[-134.27,58.01],[-134.24,57.99],[-134.24,57.97],[-134.25,57.97],[-134.27,57.98],[-134.29,57.98],[-134.33,58],[-134.34,57.99],[-134.33,57.98],[-134.29,57.93],[-134.28,57.92],[-134.28,57.9],[-134.3,57.86],[-134.31,57.86],[-134.31,57.83],[-134.28,57.84],[-134.29,57.85],[-134.26,57.87],[-134.25,57.87],[-134.22,57.85],[-134.2,57.83],[-134.15,57.77],[-134.14,57.75],[-134.12,57.73],[-134.1,57.71],[-134.06,57.7],[-134.05,57.68],[-134.05,57.67],[-134.08,57.67],[-134.1,57.66],[-134.08,57.66],[-134.05,57.66],[-134.01,57.66],[-133.98,57.64],[-133.94,57.61],[-133.95,57.57],[-133.94,57.55],[-133.93,57.54],[-133.89,57.51],[-133.86,57.47],[-133.87,57.46],[-133.86,57.45],[-133.88,57.47],[-133.9,57.49],[-133.91,57.49],[-133.92,57.48],[-133.93,57.48],[-133.92,57.48],[-133.93,57.47],[-133.96,57.48],[-133.97,57.48],[-134,57.49],[-134.01,57.49],[-134.03,57.5],[-134.04,57.49],[-134.06,57.5],[-134.08,57.51],[-134.1,57.5],[-134.09,57.5],[-134.06,57.48],[-134.11,57.47],[-134.09,57.47],[-133.99,57.46],[-133.97,57.45],[-133.98,57.43],[-134,57.42],[-133.99,57.41],[-133.97,57.42],[-133.95,57.43],[-133.93,57.43],[-133.92,57.41],[-133.91,57.41],[-133.92,57.43],[-133.91,57.44],[-133.89,57.41],[-133.89,57.4],[-133.87,57.38],[-133.86,57.37],[-133.88,57.35],[-133.95,57.33],[-133.95,57.32],[-133.96,57.31],[-133.99,57.31],[-134.03,57.33],[-134.04,57.33],[-134.06,57.33],[-134.06,57.34],[-134.09,57.36],[-134.09,57.34],[-134.09,57.33],[-134.11,57.33],[-134.13,57.36],[-134.16,57.37],[-134.15,57.38],[-134.17,57.39],[-134.2,57.39],[-134.2,57.38],[-134.16,57.36],[-134.16,57.35],[-134.17,57.34],[-134.14,57.33],[-134.14,57.32],[-134.15,57.31],[-134.12,57.3],[-134.11,57.29],[-134.09,57.28],[-134.1,57.26],[-134.11,57.25],[-134.12,57.24],[-134.13,57.27],[-134.15,57.26],[-134.15,57.25],[-134.15,57.23],[-134.15,57.21],[-134.16,57.2],[-134.21,57.17],[-134.23,57.17],[-134.24,57.18],[-134.26,57.18],[-134.27,57.17],[-134.29,57.16],[-134.28,57.18],[-134.28,57.23],[-134.3,57.24],[-134.3,57.22],[-134.3,57.21],[-134.3,57.16],[-134.28,57.15],[-134.28,57.14],[-134.3,57.14],[-134.32,57.14],[-134.34,57.15],[-134.33,57.12],[-134.36,57.12],[-134.38,57.13],[-134.41,57.11],[-134.39,57.1],[-134.37,57.1],[-134.38,57.09],[-134.43,57.07],[-134.48,57.05],[-134.48,57.03],[-134.51,57.03],[-134.52,57.04],[-134.54,57.03],[-134.54,57.02],[-134.57,57.04],[-134.6,57.03],[-134.62,57.07],[-134.63,57.09],[-134.63,57.1],[-134.64,57.11],[-134.62,57.13],[-134.64,57.14],[-134.62,57.15],[-134.61,57.15],[-134.6,57.17],[-134.64,57.17],[-134.64,57.2],[-134.65,57.22],[-134.65,57.24],[-134.6,57.23],[-134.59,57.22],[-134.57,57.22],[-134.56,57.23],[-134.56,57.24],[-134.58,57.24],[-134.62,57.26],[-134.62,57.27],[-134.59,57.28],[-134.58,57.29],[-134.57,57.3],[-134.54,57.31],[-134.48,57.32],[-134.49,57.33],[-134.51,57.33],[-134.51,57.34],[-134.54,57.34],[-134.57,57.34],[-134.58,57.34],[-134.57,57.37],[-134.57,57.38],[-134.58,57.4],[-134.56,57.41],[-134.53,57.41],[-134.53,57.39],[-134.5,57.38],[-134.49,57.37],[-134.43,57.37],[-134.41,57.37],[-134.39,57.35],[-134.37,57.34],[-134.34,57.34],[-134.34,57.35],[-134.37,57.36],[-134.38,57.37],[-134.39,57.38],[-134.35,57.39],[-134.33,57.39],[-134.34,57.4],[-134.37,57.39],[-134.39,57.38],[-134.41,57.38],[-134.42,57.38],[-134.44,57.38],[-134.47,57.39],[-134.49,57.4],[-134.49,57.41],[-134.55,57.46],[-134.55,57.47],[-134.59,57.47],[-134.58,57.49],[-134.59,57.5],[-134.59,57.51],[-134.6,57.53],[-134.6,57.54],[-134.61,57.56],[-134.65,57.59],[-134.68,57.61],[-134.67,57.62],[-134.69,57.66],[-134.69,57.67],[-134.7,57.68],[-134.7,57.7],[-134.72,57.71],[-134.73,57.72],[-134.73,57.74],[-134.72,57.76],[-134.71,57.79],[-134.72,57.79],[-134.71,57.83],[-134.72,57.85],[-134.73,57.88],[-134.74,57.9],[-134.75,57.92],[-134.74,57.94],[-134.76,57.95],[-134.77,57.97],[-134.76,57.98],[-134.77,58],[-134.79,58.01],[-134.81,58.04],[-134.81,58.06],[-134.8,58.06],[-134.77,58.08],[-134.76,58.11],[-134.76,58.13],[-134.76,58.16],[-134.73,58.17],[-134.74,58.19],[-134.77,58.17],[-134.77,58.14],[-134.77,58.12],[-134.78,58.1],[-134.79,58.1],[-134.81,58.11],[-134.82,58.14],[-134.85,58.17],[-134.86,58.18],[-134.89,58.19],[-134.92,58.23],[-134.88,58.24],[-134.88,58.25],[-134.88,58.26],[-134.92,58.25],[-134.94,58.27],[-134.96,58.31],[-134.95,58.33],[-134.97,58.36],[-134.96,58.39],[-134.95,58.41],[-134.93,58.4],[-134.92,58.38],[-134.9,58.35],[-134.9,58.33],[-134.89,58.32],[-134.87,58.32],[-134.88,58.35],[-134.85,58.34],[-134.84,58.34],[-134.8,58.32],[-134.8,58.3],[-134.78,58.29],[-134.77,58.28],[-134.75,58.27],[-134.75,58.25],[-134.74,58.24],[-134.71,58.23],[-134.71,58.2],[-134.7,58.19],[-134.69,58.16],[-134.64,58.16],[-134.61,58.17],[-134.59,58.17],[-134.57,58.18],[-134.56,58.19],[-134.54,58.18],[-134.5,58.17],[-134.45,58.17],[-134.42,58.17],[-134.39,58.16],[-134.37,58.15],[-134.36,58.15],[-134.33,58.14],[-134.3,58.15],[-134.28,58.15],[-134.26,58.16],[-134.24,58.16],[-134.21,58.17],[-134.18,58.16],[-134.18,58.14],[-134.17,58.14],[-134.17,58.13],[-134.18,58.12],[-134.22,58.12],[-134.18,58.09],[-134.19,58.08],[-134.17,58.07],[-134.16,58.06],[-134.11,58.02],[-134.1,58.02],[-134.09,58],[-134.1,57.99],[-134.1,57.98],[-134.06,57.96],[-134.02,57.93],[-133.99,57.91],[-133.99,57.9],[-134.01,57.89],[-133.97,57.87],[-133.98,57.86],[-133.95,57.85],[-133.93,57.84],[-133.92,57.82],[-133.9,57.81],[-133.91,57.79],[-133.9,57.77],[-133.89,57.75],[-133.89,57.74],[-133.88,57.73],[-133.89,57.72],[-133.89,57.69],[-133.89,57.68],[-133.86,57.66],[-133.81,57.63],[-133.8,57.61],[-133.8,57.59],[-133.81,57.57],[-133.84,57.58],[-133.85,57.6],[-133.86,57.62],[-133.87,57.63],[-133.91,57.66],[-133.93,57.67],[-133.94,57.68],[-133.97,57.69],[-133.98,57.71],[-133.99,57.72],[-134,57.73]],[[-134.48,57.54],[-134.47,57.54],[-134.49,57.53],[-134.47,57.53],[-134.46,57.54],[-134.45,57.54],[-134.44,57.53],[-134.45,57.51],[-134.45,57.5],[-134.44,57.5],[-134.41,57.5],[-134.41,57.51],[-134.45,57.5],[-134.45,57.51],[-134.43,57.53],[-134.4,57.54],[-134.38,57.54],[-134.39,57.56],[-134.4,57.56],[-134.45,57.55],[-134.48,57.54]],[[-134.51,57.51],[-134.53,57.52],[-134.55,57.5],[-134.54,57.49],[-134.53,57.51],[-134.51,57.51]]],[[[-152.38,58.32],[-152.37,58.33],[-152.38,58.34],[-152.38,58.35],[-152.37,58.36],[-152.37,58.38],[-152.35,58.39],[-152.35,58.4],[-152.35,58.42],[-152.33,58.41],[-152.31,58.41],[-152.31,58.43],[-152.28,58.41],[-152.26,58.41],[-152.26,58.4],[-152.24,58.37],[-152.26,58.38],[-152.26,58.35],[-152.24,58.35],[-152.23,58.36],[-152.21,58.35],[-152.2,58.36],[-152.18,58.35],[-152.17,58.37],[-152.14,58.39],[-152.13,58.4],[-152.11,58.38],[-152.12,58.37],[-152.09,58.37],[-152.11,58.34],[-152.12,58.34],[-152.11,58.33],[-152.12,58.32],[-152.14,58.29],[-152.15,58.27],[-152.15,58.24],[-152.14,58.22],[-152.13,58.23],[-152.13,58.24],[-152.12,58.25],[-152.11,58.27],[-152.11,58.28],[-152.08,58.31],[-152.07,58.32],[-152.06,58.31],[-152.07,58.27],[-152.05,58.28],[-152.04,58.29],[-152.02,58.31],[-152.01,58.33],[-151.98,58.35],[-151.97,58.33],[-151.97,58.29],[-151.98,58.28],[-151.97,58.28],[-151.97,58.26],[-151.99,58.24],[-151.97,58.23],[-151.98,58.22],[-152,58.21],[-152.03,58.21],[-152.05,58.2],[-152.06,58.19],[-152.05,58.18],[-152.09,58.15],[-152.11,58.15],[-152.11,58.16],[-152.14,58.16],[-152.14,58.18],[-152.16,58.18],[-152.18,58.17],[-152.2,58.18],[-152.2,58.19],[-152.22,58.2],[-152.22,58.21],[-152.21,58.21],[-152.22,58.22],[-152.22,58.23],[-152.24,58.24],[-152.26,58.24],[-152.27,58.26],[-152.29,58.25],[-152.32,58.25],[-152.32,58.23],[-152.31,58.22],[-152.32,58.22],[-152.29,58.2],[-152.29,58.18],[-152.32,58.19],[-152.36,58.2],[-152.36,58.19],[-152.32,58.17],[-152.33,58.17],[-152.32,58.16],[-152.33,58.15],[-152.32,58.15],[-152.29,58.15],[-152.27,58.13],[-152.28,58.12],[-152.32,58.13],[-152.33,58.11],[-152.35,58.11],[-152.36,58.13],[-152.38,58.13],[-152.4,58.12],[-152.41,58.13],[-152.43,58.13],[-152.44,58.14],[-152.46,58.13],[-152.48,58.13],[-152.49,58.12],[-152.51,58.11],[-152.52,58.11],[-152.53,58.09],[-152.54,58.08],[-152.56,58.09],[-152.56,58.1],[-152.57,58.11],[-152.57,58.12],[-152.56,58.14],[-152.56,58.16],[-152.56,58.17],[-152.56,58.18],[-152.57,58.19],[-152.59,58.2],[-152.59,58.17],[-152.6,58.16],[-152.61,58.14],[-152.6,58.13],[-152.63,58.09],[-152.63,58.08],[-152.66,58.06],[-152.74,58.05],[-152.76,58.06],[-152.77,58.08],[-152.79,58.07],[-152.75,58.03],[-152.76,58.01],[-152.79,57.99],[-152.82,58],[-152.84,57.99],[-152.87,58],[-152.91,58.01],[-152.96,58.03],[-152.97,58.04],[-153.01,58.04],[-153.03,58.05],[-153.06,58.07],[-153.08,58.1],[-153.05,58.11],[-153.09,58.11],[-153.12,58.11],[-153.15,58.11],[-153.17,58.12],[-153.17,58.13],[-153.2,58.14],[-153.22,58.16],[-153.21,58.18],[-153.22,58.18],[-153.21,58.2],[-153.17,58.22],[-153.14,58.21],[-153.09,58.2],[-153.06,58.19],[-153.03,58.2],[-153.02,58.2],[-153,58.18],[-152.99,58.19],[-152.95,58.18],[-152.92,58.17],[-152.92,58.18],[-152.93,58.19],[-152.96,58.19],[-153.01,58.21],[-153.01,58.22],[-153.04,58.23],[-153.07,58.24],[-153.1,58.26],[-153.09,58.27],[-153.07,58.28],[-153.06,58.29],[-153.04,58.3],[-153,58.3],[-152.98,58.29],[-152.96,58.29],[-152.94,58.28],[-152.92,58.28],[-152.9,58.27],[-152.88,58.28],[-152.88,58.29],[-152.85,58.28],[-152.83,58.29],[-152.83,58.3],[-152.88,58.3],[-152.9,58.31],[-152.92,58.31],[-152.94,58.33],[-152.92,58.34],[-152.89,58.34],[-152.88,58.34],[-152.85,58.34],[-152.83,58.32],[-152.79,58.31],[-152.79,58.28],[-152.77,58.26],[-152.75,58.27],[-152.73,58.26],[-152.77,58.27],[-152.77,58.28],[-152.78,58.3],[-152.77,58.32],[-152.8,58.34],[-152.81,58.35],[-152.78,58.35],[-152.75,58.34],[-152.74,58.34],[-152.78,58.37],[-152.82,58.37],[-152.83,58.38],[-152.87,58.39],[-152.89,58.41],[-152.84,58.4],[-152.81,58.4],[-152.77,58.42],[-152.77,58.43],[-152.75,58.44],[-152.75,58.45],[-152.72,58.45],[-152.7,58.44],[-152.7,58.41],[-152.68,58.42],[-152.67,58.43],[-152.67,58.44],[-152.67,58.46],[-152.67,58.47],[-152.66,58.48],[-152.63,58.47],[-152.61,58.48],[-152.6,58.47],[-152.62,58.45],[-152.6,58.45],[-152.58,58.47],[-152.55,58.46],[-152.51,58.47],[-152.49,58.46],[-152.49,58.45],[-152.53,58.41],[-152.5,58.41],[-152.49,58.4],[-152.47,58.4],[-152.48,58.38],[-152.49,58.37],[-152.49,58.34],[-152.46,58.34],[-152.46,58.35],[-152.44,58.36],[-152.45,58.37],[-152.44,58.37],[-152.42,58.36],[-152.42,58.35],[-152.4,58.34],[-152.41,58.33],[-152.4,58.32],[-152.38,58.32]]],[[[-134.88,58.45],[-134.84,58.42],[-134.81,58.37],[-134.84,58.37],[-134.84,58.38],[-134.89,58.43],[-134.9,58.44],[-134.9,58.45],[-134.91,58.46],[-134.92,58.48],[-134.91,58.49],[-134.9,58.48],[-134.89,58.46],[-134.88,58.45]]],[[[-135.96,58.49],[-135.94,58.47],[-135.96,58.46],[-135.98,58.46],[-136,58.47],[-136,58.48],[-135.99,58.49],[-135.96,58.49]]],[[[-135,58.5],[-134.97,58.5],[-134.97,58.49],[-134.95,58.48],[-134.96,58.47],[-134.99,58.48],[-135.01,58.48],[-135.03,58.51],[-135.02,58.51],[-135,58.5]]],[[[-136,58.51],[-136.03,58.51],[-136.01,58.52],[-135.99,58.52],[-136,58.51]]],[[[-152.65,58.55],[-152.65,58.57],[-152.63,58.58],[-152.62,58.58],[-152.61,58.56],[-152.65,58.55]]],[[[-152.6,58.57],[-152.62,58.58],[-152.63,58.58],[-152.65,58.58],[-152.62,58.59],[-152.6,58.57]]],[[[-153.55,58.6],[-153.58,58.6],[-153.55,58.61],[-153.55,58.6]]],[[[-136.12,58.61],[-136.11,58.6],[-136.09,58.58],[-136.09,58.57],[-136.1,58.56],[-136.15,58.59],[-136.14,58.61],[-136.12,58.61]]],[[[-159.98,58.61],[-159.97,58.61],[-159.96,58.6],[-159.98,58.59],[-160,58.61],[-159.98,58.61]]],[[[-152.34,58.63],[-152.35,58.62],[-152.35,58.61],[-152.35,58.59],[-152.34,58.59],[-152.35,58.58],[-152.37,58.56],[-152.38,58.55],[-152.36,58.54],[-152.39,58.52],[-152.42,58.51],[-152.43,58.51],[-152.41,58.5],[-152.41,58.49],[-152.45,58.48],[-152.48,58.47],[-152.56,58.48],[-152.57,58.49],[-152.62,58.49],[-152.65,58.51],[-152.65,58.52],[-152.63,58.52],[-152.62,58.53],[-152.64,58.53],[-152.67,58.54],[-152.65,58.55],[-152.63,58.55],[-152.61,58.56],[-152.6,58.55],[-152.58,58.55],[-152.6,58.57],[-152.59,58.58],[-152.61,58.59],[-152.61,58.6],[-152.59,58.6],[-152.58,58.61],[-152.56,58.62],[-152.55,58.61],[-152.55,58.6],[-152.53,58.6],[-152.55,58.58],[-152.51,58.59],[-152.49,58.59],[-152.47,58.61],[-152.46,58.63],[-152.42,58.61],[-152.43,58.6],[-152.4,58.63],[-152.36,58.63],[-152.34,58.63]],[[-152.44,58.59],[-152.46,58.56],[-152.45,58.56],[-152.44,58.59]]],[[[-136.21,58.63],[-136.23,58.64],[-136.25,58.66],[-136.23,58.68],[-136.22,58.67],[-136.22,58.66],[-136.21,58.63]]],[[[-160.28,58.67],[-160.26,58.68],[-160.25,58.67],[-160.25,58.65],[-160.27,58.65],[-160.28,58.67],[-160.32,58.68],[-160.31,58.7],[-160.3,58.71],[-160.31,58.71],[-160.3,58.73],[-160.28,58.72],[-160.28,58.69],[-160.28,58.67]]],[[[-160.43,58.68],[-160.44,58.69],[-160.43,58.7],[-160.43,58.72],[-160.41,58.74],[-160.4,58.75],[-160.39,58.73],[-160.38,58.72],[-160.39,58.7],[-160.43,58.68]]],[[[-136.44,58.77],[-136.46,58.76],[-136.48,58.77],[-136.47,58.78],[-136.45,58.78],[-136.44,58.77]]],[[[-160.7,58.8],[-160.74,58.75],[-160.78,58.72],[-160.8,58.68],[-160.85,58.64],[-160.86,58.62],[-160.88,58.58],[-160.92,58.56],[-160.96,58.55],[-160.99,58.56],[-161.05,58.56],[-161.07,58.55],[-161.08,58.55],[-161.07,58.58],[-161.08,58.59],[-161.08,58.6],[-161.07,58.63],[-161.08,58.63],[-161.07,58.65],[-161.07,58.67],[-161.05,58.69],[-161.05,58.7],[-161.01,58.71],[-160.99,58.72],[-160.91,58.75],[-160.87,58.75],[-160.84,58.75],[-160.81,58.77],[-160.79,58.78],[-160.77,58.77],[-160.75,58.79],[-160.74,58.8],[-160.71,58.8],[-160.7,58.82],[-160.68,58.82],[-160.7,58.8]]],[[[-160.21,58.84],[-160.18,58.83],[-160.2,58.83],[-160.21,58.84],[-160.23,58.84],[-160.23,58.85],[-160.21,58.85],[-160.21,58.84]]],[[[-136.55,58.88],[-136.58,58.89],[-136.56,58.89],[-136.55,58.88]]],[[[-135.87,58.9],[-135.86,58.9],[-135.86,58.89],[-135.91,58.88],[-135.93,58.88],[-135.93,58.9],[-135.87,58.9]]],[[[-151.97,58.92],[-151.98,58.91],[-152.02,58.91],[-152,58.92],[-151.97,58.92]]],[[[-136.81,58.93],[-136.79,58.91],[-136.8,58.91],[-136.83,58.91],[-136.86,58.94],[-136.85,58.95],[-136.81,58.94],[-136.81,58.93]]],[[[-152.03,58.95],[-152.03,58.94],[-152.05,58.92],[-152.06,58.91],[-152.08,58.91],[-152.06,58.94],[-152.03,58.95]]],[[[-152.29,58.96],[-152.27,58.95],[-152.26,58.94],[-152.23,58.94],[-152.2,58.94],[-152.18,58.95],[-152.15,58.94],[-152.16,58.93],[-152.19,58.93],[-152.21,58.93],[-152.24,58.91],[-152.3,58.9],[-152.35,58.91],[-152.33,58.92],[-152.31,58.92],[-152.31,58.93],[-152.3,58.94],[-152.29,58.96]]],[[[-135.31,58.92],[-135.32,58.93],[-135.33,58.94],[-135.35,58.97],[-135.35,59],[-135.35,59.02],[-135.33,59.01],[-135.3,58.96],[-135.3,58.94],[-135.31,58.94],[-135.3,58.92],[-135.31,58.92]]],[[[-151.69,59.13],[-151.66,59.12],[-151.64,59.12],[-151.65,59.1],[-151.66,59.1],[-151.68,59.1],[-151.71,59.1],[-151.72,59.12],[-151.71,59.13],[-151.69,59.13]]],[[[-151.52,59.15],[-151.47,59.14],[-151.44,59.13],[-151.43,59.11],[-151.45,59.11],[-151.47,59.11],[-151.49,59.12],[-151.51,59.13],[-151.53,59.13],[-151.52,59.15]]],[[[-151.79,59.17],[-151.8,59.15],[-151.79,59.14],[-151.81,59.13],[-151.84,59.14],[-151.88,59.15],[-151.88,59.16],[-151.85,59.17],[-151.82,59.18],[-151.8,59.18],[-151.79,59.17]]],[[[-139.36,59.39],[-139.38,59.38],[-139.33,59.36],[-139.37,59.36],[-139.46,59.39],[-139.41,59.38],[-139.39,59.39],[-139.36,59.39]]],[[[-153.43,59.41],[-153.4,59.41],[-153.39,59.41],[-153.38,59.39],[-153.35,59.38],[-153.34,59.36],[-153.36,59.34],[-153.42,59.33],[-153.46,59.33],[-153.51,59.32],[-153.55,59.33],[-153.54,59.36],[-153.55,59.37],[-153.58,59.37],[-153.57,59.38],[-153.56,59.39],[-153.53,59.39],[-153.54,59.38],[-153.51,59.38],[-153.52,59.39],[-153.48,59.4],[-153.46,59.41],[-153.43,59.41]]],[[[-150.76,59.34],[-150.73,59.34],[-150.74,59.35],[-150.71,59.36],[-150.72,59.37],[-150.7,59.37],[-150.7,59.38],[-150.7,59.4],[-150.71,59.4],[-150.69,59.42],[-150.68,59.41],[-150.63,59.41],[-150.61,59.39],[-150.62,59.38],[-150.61,59.37],[-150.62,59.35],[-150.64,59.35],[-150.66,59.34],[-150.66,59.32],[-150.68,59.3],[-150.72,59.29],[-150.73,59.31],[-150.75,59.3],[-150.78,59.31],[-150.78,59.32],[-150.75,59.32],[-150.76,59.34]]],[[[-139.59,59.45],[-139.56,59.43],[-139.49,59.41],[-139.5,59.41],[-139.57,59.43],[-139.59,59.44],[-139.59,59.45]]],[[[-150.32,59.46],[-150.31,59.44],[-150.31,59.43],[-150.33,59.44],[-150.34,59.43],[-150.34,59.42],[-150.39,59.43],[-150.38,59.41],[-150.41,59.39],[-150.41,59.4],[-150.43,59.41],[-150.42,59.42],[-150.4,59.42],[-150.4,59.43],[-150.38,59.45],[-150.36,59.45],[-150.35,59.46],[-150.32,59.46]]],[[[-146.29,59.46],[-146.29,59.45],[-146.31,59.44],[-146.33,59.4],[-146.35,59.41],[-146.37,59.4],[-146.38,59.41],[-146.35,59.44],[-146.33,59.44],[-146.33,59.45],[-146.31,59.46],[-146.29,59.46]]],[[[-151.49,59.53],[-151.48,59.51],[-151.51,59.52],[-151.49,59.53]]],[[[-139.77,59.6],[-139.76,59.58],[-139.8,59.57],[-139.8,59.59],[-139.77,59.6]]],[[[-139.75,59.62],[-139.73,59.61],[-139.73,59.6],[-139.71,59.59],[-139.74,59.58],[-139.77,59.6],[-139.76,59.61],[-139.75,59.62]]],[[[-139.73,59.63],[-139.73,59.62],[-139.75,59.62],[-139.73,59.63]]],[[[-149.76,59.61],[-149.77,59.61],[-149.83,59.66],[-149.83,59.67],[-149.8,59.65],[-149.76,59.61]]],[[[-139.5,59.72],[-139.51,59.71],[-139.56,59.7],[-139.59,59.71],[-139.6,59.72],[-139.58,59.73],[-139.55,59.74],[-139.52,59.72],[-139.5,59.72]]],[[[-149.51,59.76],[-149.52,59.76],[-149.53,59.78],[-149.51,59.78],[-149.5,59.78],[-149.51,59.76]]],[[[-140.04,59.81],[-140.02,59.8],[-140.01,59.8],[-139.97,59.8],[-139.98,59.79],[-140.04,59.79],[-140.04,59.81]]],[[[-164.15,59.78],[-164.2,59.8],[-164.19,59.81],[-164.15,59.78]]],[[[-149.41,59.87],[-149.38,59.87],[-149.36,59.86],[-149.37,59.84],[-149.4,59.84],[-149.42,59.85],[-149.42,59.86],[-149.41,59.87]]],[[[-147.39,59.88],[-147.41,59.86],[-147.42,59.88],[-147.39,59.88]]],[[[-166.35,59.83],[-165.83,59.92],[-165.55,59.97],[-165.59,59.95],[-165.59,59.94],[-165.56,59.93],[-165.58,59.91],[-165.61,59.91],[-165.62,59.91],[-165.66,59.9],[-165.72,59.89],[-165.74,59.91],[-165.74,59.92],[-165.76,59.92],[-165.77,59.9],[-165.83,59.89],[-165.87,59.88],[-165.9,59.87],[-165.91,59.88],[-165.96,59.88],[-165.99,59.87],[-166.03,59.87],[-166.03,59.86],[-166.07,59.85],[-166.13,59.82],[-166.11,59.81],[-166.11,59.8],[-166.08,59.78],[-166.09,59.76],[-166.11,59.75],[-166.14,59.76],[-166.15,59.75],[-166.17,59.75],[-166.19,59.75],[-166.2,59.76],[-166.2,59.78],[-166.24,59.8],[-166.27,59.81],[-166.31,59.83],[-166.34,59.83],[-166.35,59.83]]],[[[-144.22,59.99],[-144.25,59.98],[-144.28,59.97],[-144.31,59.96],[-144.33,59.95],[-144.36,59.94],[-144.37,59.92],[-144.43,59.9],[-144.46,59.88],[-144.48,59.87],[-144.53,59.84],[-144.56,59.82],[-144.59,59.81],[-144.6,59.82],[-144.58,59.83],[-144.57,59.85],[-144.55,59.86],[-144.54,59.87],[-144.5,59.89],[-144.45,59.92],[-144.44,59.94],[-144.4,59.94],[-144.37,59.96],[-144.32,59.98],[-144.28,59.99],[-144.26,60],[-144.24,60],[-144.22,60],[-144.22,59.99]]],[[[-148.08,59.97],[-148.1,59.95],[-148.16,59.94],[-148.23,59.93],[-148.18,59.95],[-148.21,59.95],[-148.19,59.97],[-148.23,59.98],[-148.2,59.98],[-148.14,59.98],[-148.13,59.97],[-148.1,59.98],[-148.07,60],[-148.02,60.04],[-148,60.04],[-148,60.02],[-148.01,60.01],[-148.04,60],[-148.04,59.99],[-148.08,59.97]]],[[[-144.37,60],[-144.38,59.99],[-144.4,60],[-144.38,60.03],[-144.37,60]]],[[[-147.85,60.07],[-147.83,60.07],[-147.83,60.05],[-147.85,60.03],[-147.87,60.02],[-147.88,59.99],[-147.92,59.97],[-147.97,59.96],[-147.99,59.95],[-148.02,59.95],[-148.05,59.94],[-148.06,59.95],[-148.04,59.97],[-148.02,59.98],[-148.01,59.99],[-147.99,60],[-147.98,60.01],[-147.93,60.04],[-147.91,60.05],[-147.87,60.07],[-147.85,60.07]]],[[[-144.35,60.09],[-144.37,60.1],[-144.36,60.11],[-144.38,60.14],[-144.4,60.15],[-144.39,60.15],[-144.37,60.15],[-144.34,60.13],[-144.33,60.12],[-144.34,60.11],[-144.35,60.1],[-144.35,60.09]]],[[[-147.97,60.13],[-147.95,60.13],[-147.93,60.12],[-147.91,60.12],[-147.9,60.11],[-147.91,60.09],[-147.93,60.09],[-148,60.06],[-148.04,60.06],[-148.07,60.05],[-148.06,60.04],[-148.07,60.03],[-148.1,60.01],[-148.14,59.99],[-148.16,60],[-148.14,60],[-148.16,60.01],[-148.14,60.03],[-148.13,60.05],[-148.11,60.07],[-148.08,60.07],[-148.08,60.08],[-148.05,60.1],[-148.05,60.11],[-148.01,60.11],[-147.99,60.12],[-148,60.13],[-147.98,60.15],[-147.97,60.14],[-147.97,60.13]]],[[[-152.61,60.18],[-152.58,60.17],[-152.57,60.16],[-152.56,60.14],[-152.57,60.13],[-152.55,60.11],[-152.56,60.09],[-152.57,60.1],[-152.6,60.12],[-152.62,60.15],[-152.63,60.15],[-152.64,60.17],[-152.62,60.18],[-152.61,60.18]]],[[[-148.03,60.18],[-148.01,60.18],[-148,60.17],[-148.03,60.15],[-148.05,60.15],[-148.06,60.16],[-148.03,60.18]]],[[[-148.05,60.2],[-148.05,60.19],[-148.07,60.16],[-148.07,60.15],[-148.09,60.13],[-148.1,60.12],[-148.1,60.1],[-148.12,60.08],[-148.14,60.07],[-148.15,60.05],[-148.17,60.03],[-148.23,60.01],[-148.27,60.02],[-148.3,60.02],[-148.32,60.03],[-148.31,60.03],[-148.28,60.03],[-148.24,60.03],[-148.22,60.04],[-148.23,60.05],[-148.28,60.04],[-148.31,60.05],[-148.26,60.07],[-148.23,60.06],[-148.19,60.07],[-148.21,60.07],[-148.21,60.09],[-148.23,60.08],[-148.25,60.09],[-148.29,60.08],[-148.3,60.09],[-148.3,60.1],[-148.29,60.11],[-148.26,60.11],[-148.25,60.11],[-148.15,60.15],[-148.14,60.16],[-148.12,60.15],[-148.13,60.14],[-148.12,60.13],[-148.1,60.14],[-148.09,60.17],[-148.09,60.19],[-148.05,60.2]]],[[[-144.93,60.23],[-144.93,60.22],[-144.96,60.22],[-144.97,60.23],[-144.93,60.23]]],[[[-147.94,60.27],[-147.93,60.26],[-147.93,60.25],[-147.95,60.25],[-147.94,60.27]]],[[[-147.92,60.28],[-147.93,60.29],[-147.92,60.3],[-147.9,60.29],[-147.92,60.28]]],[[[-147.36,60.3],[-147.36,60.28],[-147.39,60.27],[-147.4,60.26],[-147.43,60.26],[-147.49,60.23],[-147.51,60.24],[-147.5,60.25],[-147.51,60.26],[-147.46,60.27],[-147.41,60.29],[-147.38,60.3],[-147.36,60.3]]],[[[-145.14,60.3],[-145.15,60.3],[-145.14,60.32],[-145.12,60.32],[-145.12,60.31],[-145.14,60.3]]],[[[-145.21,60.32],[-145.2,60.32],[-145.22,60.31],[-145.28,60.32],[-145.3,60.33],[-145.28,60.34],[-145.25,60.35],[-145.22,60.35],[-145.18,60.36],[-145.18,60.35],[-145.18,60.33],[-145.21,60.32]]],[[[-145.08,60.34],[-145.09,60.35],[-145.06,60.37],[-145.05,60.37],[-145.06,60.35],[-145.08,60.34]]],[[[-147.16,60.34],[-147.14,60.34],[-147.11,60.34],[-147.04,60.35],[-147.02,60.35],[-147.02,60.33],[-147.03,60.32],[-147.07,60.31],[-147.1,60.29],[-147.13,60.26],[-147.11,60.26],[-147.07,60.27],[-147.01,60.3],[-146.99,60.29],[-146.97,60.31],[-146.95,60.31],[-146.93,60.31],[-146.92,60.3],[-146.96,60.27],[-146.97,60.25],[-146.99,60.25],[-147.04,60.22],[-147.07,60.22],[-147.1,60.2],[-147.13,60.19],[-147.22,60.15],[-147.29,60.09],[-147.3,60.09],[-147.35,60.06],[-147.38,60.04],[-147.4,60.02],[-147.39,60],[-147.39,59.98],[-147.36,59.96],[-147.38,59.95],[-147.39,59.96],[-147.43,59.97],[-147.45,59.97],[-147.51,59.94],[-147.52,59.92],[-147.51,59.91],[-147.48,59.91],[-147.46,59.9],[-147.47,59.87],[-147.49,59.85],[-147.51,59.85],[-147.53,59.84],[-147.54,59.84],[-147.56,59.85],[-147.6,59.85],[-147.64,59.85],[-147.67,59.83],[-147.67,59.82],[-147.69,59.81],[-147.71,59.81],[-147.77,59.8],[-147.82,59.78],[-147.85,59.77],[-147.88,59.77],[-147.91,59.77],[-147.93,59.78],[-147.9,59.81],[-147.92,59.83],[-147.89,59.86],[-147.86,59.87],[-147.84,59.87],[-147.78,59.87],[-147.75,59.88],[-147.75,59.89],[-147.77,59.89],[-147.8,59.89],[-147.81,59.9],[-147.83,59.9],[-147.81,59.92],[-147.77,59.93],[-147.75,59.95],[-147.74,59.96],[-147.7,59.95],[-147.67,59.96],[-147.67,59.97],[-147.69,59.98],[-147.71,59.99],[-147.68,60],[-147.66,60.01],[-147.62,60.01],[-147.59,60.03],[-147.57,60.05],[-147.54,60.06],[-147.52,60.07],[-147.49,60.07],[-147.49,60.08],[-147.45,60.09],[-147.44,60.1],[-147.42,60.11],[-147.4,60.13],[-147.39,60.15],[-147.39,60.16],[-147.36,60.17],[-147.34,60.19],[-147.33,60.19],[-147.33,60.2],[-147.31,60.21],[-147.34,60.22],[-147.32,60.23],[-147.3,60.22],[-147.26,60.22],[-147.25,60.24],[-147.22,60.24],[-147.2,60.26],[-147.21,60.27],[-147.21,60.28],[-147.25,60.29],[-147.2,60.3],[-147.18,60.31],[-147.18,60.32],[-147.22,60.33],[-147.23,60.34],[-147.22,60.35],[-147.17,60.36],[-147.16,60.37],[-147.13,60.38],[-147.1,60.38],[-147.1,60.37],[-147.16,60.34]]],[[[-148,60.37],[-148,60.35],[-148.02,60.34],[-148.02,60.32],[-148.03,60.32],[-148.02,60.29],[-148.03,60.28],[-148.07,60.28],[-148.09,60.28],[-148.11,60.28],[-148.12,60.29],[-148.16,60.29],[-148.16,60.32],[-148.16,60.33],[-148.13,60.33],[-148.1,60.35],[-148.07,60.37],[-148.03,60.37],[-148.01,60.38],[-148,60.37]]],[[[-145.13,60.33],[-145.15,60.33],[-145.17,60.33],[-145.16,60.34],[-145.14,60.35],[-145.11,60.38],[-145.11,60.39],[-145.09,60.39],[-145.11,60.36],[-145.13,60.35],[-145.12,60.35],[-145.13,60.33]]],[[[-145.1,60.41],[-145.15,60.38],[-145.18,60.37],[-145.17,60.39],[-145.11,60.41],[-145.1,60.41]]],[[[-146.61,60.49],[-146.55,60.48],[-146.55,60.46],[-146.51,60.47],[-146.49,60.46],[-146.48,60.45],[-146.46,60.46],[-146.42,60.47],[-146.41,60.48],[-146.37,60.48],[-146.35,60.47],[-146.37,60.46],[-146.36,60.45],[-146.37,60.43],[-146.36,60.41],[-146.35,60.41],[-146.31,60.42],[-146.27,60.42],[-146.22,60.43],[-146.17,60.43],[-146.16,60.43],[-146.14,60.43],[-146.13,60.41],[-146.15,60.41],[-146.18,60.41],[-146.12,60.4],[-146.1,60.41],[-146.1,60.39],[-146.15,60.39],[-146.19,60.38],[-146.2,60.36],[-146.2,60.35],[-146.23,60.35],[-146.25,60.34],[-146.26,60.35],[-146.3,60.35],[-146.39,60.33],[-146.43,60.32],[-146.44,60.32],[-146.48,60.3],[-146.58,60.25],[-146.61,60.24],[-146.62,60.24],[-146.65,60.24],[-146.67,60.26],[-146.69,60.26],[-146.7,60.26],[-146.71,60.28],[-146.68,60.29],[-146.66,60.3],[-146.65,60.3],[-146.63,60.31],[-146.58,60.32],[-146.57,60.33],[-146.54,60.34],[-146.54,60.35],[-146.51,60.36],[-146.53,60.37],[-146.58,60.35],[-146.6,60.36],[-146.63,60.37],[-146.64,60.36],[-146.69,60.35],[-146.66,60.34],[-146.65,60.35],[-146.62,60.35],[-146.64,60.33],[-146.66,60.33],[-146.69,60.35],[-146.73,60.35],[-146.74,60.36],[-146.73,60.37],[-146.74,60.39],[-146.72,60.39],[-146.71,60.41],[-146.7,60.42],[-146.67,60.44],[-146.66,60.46],[-146.61,60.49]]],[[[-147.64,60.49],[-147.65,60.49],[-147.68,60.49],[-147.67,60.5],[-147.64,60.49]]],[[[-144.95,60.45],[-144.97,60.45],[-145.01,60.45],[-145.05,60.43],[-145.06,60.44],[-145.04,60.45],[-145.01,60.47],[-145,60.47],[-144.98,60.48],[-144.94,60.49],[-144.92,60.51],[-144.91,60.49],[-144.93,60.47],[-144.95,60.45]]],[[[-147.72,60.45],[-147.72,60.47],[-147.74,60.49],[-147.73,60.5],[-147.71,60.5],[-147.68,60.48],[-147.7,60.47],[-147.67,60.47],[-147.67,60.48],[-147.65,60.48],[-147.63,60.46],[-147.66,60.45],[-147.64,60.44],[-147.62,60.43],[-147.64,60.42],[-147.66,60.41],[-147.69,60.41],[-147.71,60.39],[-147.74,60.39],[-147.71,60.37],[-147.7,60.39],[-147.65,60.39],[-147.63,60.38],[-147.63,60.37],[-147.65,60.35],[-147.65,60.34],[-147.7,60.33],[-147.67,60.32],[-147.68,60.3],[-147.7,60.3],[-147.71,60.29],[-147.73,60.28],[-147.72,60.27],[-147.73,60.26],[-147.76,60.26],[-147.74,60.25],[-147.74,60.24],[-147.71,60.24],[-147.72,60.22],[-147.72,60.21],[-147.74,60.19],[-147.77,60.19],[-147.75,60.18],[-147.76,60.17],[-147.77,60.16],[-147.8,60.17],[-147.81,60.18],[-147.83,60.18],[-147.84,60.19],[-147.83,60.21],[-147.8,60.23],[-147.82,60.24],[-147.83,60.23],[-147.87,60.22],[-147.88,60.23],[-147.92,60.22],[-147.93,60.23],[-147.92,60.25],[-147.92,60.26],[-147.9,60.27],[-147.91,60.29],[-147.9,60.29],[-147.84,60.3],[-147.82,60.29],[-147.81,60.31],[-147.79,60.31],[-147.77,60.32],[-147.79,60.33],[-147.81,60.33],[-147.85,60.31],[-147.89,60.32],[-147.88,60.34],[-147.84,60.35],[-147.84,60.36],[-147.87,60.36],[-147.87,60.37],[-147.85,60.38],[-147.83,60.37],[-147.81,60.38],[-147.8,60.39],[-147.82,60.4],[-147.85,60.38],[-147.86,60.39],[-147.85,60.41],[-147.83,60.43],[-147.83,60.44],[-147.81,60.45],[-147.8,60.47],[-147.79,60.48],[-147.78,60.47],[-147.79,60.45],[-147.79,60.43],[-147.77,60.43],[-147.76,60.44],[-147.72,60.43],[-147.72,60.45]]],[[[-151.89,60.44],[-151.93,60.44],[-151.96,60.42],[-151.98,60.4],[-151.97,60.38],[-151.96,60.37],[-151.98,60.36],[-152.02,60.36],[-152.06,60.34],[-152.08,60.34],[-152.07,60.36],[-152.05,60.36],[-152.02,60.37],[-152.01,60.39],[-152.02,60.4],[-151.97,60.42],[-151.98,60.43],[-151.96,60.44],[-151.95,60.47],[-151.97,60.49],[-151.95,60.5],[-151.95,60.51],[-151.93,60.52],[-151.9,60.5],[-151.86,60.5],[-151.83,60.49],[-151.86,60.48],[-151.9,60.46],[-151.89,60.44]]],[[[-147.62,60.48],[-147.67,60.51],[-147.67,60.54],[-147.65,60.54],[-147.63,60.53],[-147.63,60.51],[-147.62,60.51],[-147.62,60.48]]],[[[-147.58,60.58],[-147.56,60.57],[-147.56,60.56],[-147.6,60.54],[-147.61,60.53],[-147.64,60.55],[-147.59,60.56],[-147.6,60.57],[-147.58,60.58]]],[[[-145.8,60.59],[-145.77,60.59],[-145.78,60.58],[-145.81,60.57],[-145.81,60.56],[-145.83,60.55],[-145.88,60.54],[-145.92,60.53],[-145.96,60.52],[-145.98,60.51],[-146.04,60.5],[-146.09,60.48],[-146.24,60.45],[-146.27,60.46],[-146.29,60.45],[-146.32,60.46],[-146.33,60.46],[-146.33,60.47],[-146.31,60.49],[-146.32,60.49],[-146.32,60.5],[-146.29,60.52],[-146.27,60.51],[-146.22,60.52],[-146.21,60.52],[-146.17,60.53],[-146.15,60.52],[-146.13,60.52],[-146.12,60.54],[-146.1,60.54],[-146.06,60.55],[-146.04,60.56],[-146.02,60.56],[-145.98,60.57],[-145.94,60.58],[-145.91,60.59],[-145.83,60.59],[-145.8,60.6],[-145.8,60.59]]],[[[-147.45,60.69],[-147.43,60.69],[-147.4,60.67],[-147.4,60.65],[-147.38,60.66],[-147.33,60.67],[-147.34,60.64],[-147.36,60.63],[-147.38,60.63],[-147.4,60.63],[-147.4,60.65],[-147.43,60.64],[-147.43,60.63],[-147.48,60.62],[-147.49,60.62],[-147.45,60.64],[-147.46,60.65],[-147.51,60.64],[-147.52,60.65],[-147.49,60.66],[-147.48,60.65],[-147.46,60.66],[-147.5,60.68],[-147.48,60.69],[-147.45,60.69]]],[[[-147.38,60.71],[-147.37,60.7],[-147.39,60.68],[-147.42,60.69],[-147.41,60.7],[-147.38,60.71]]],[[[-147.39,60.73],[-147.41,60.72],[-147.44,60.72],[-147.48,60.72],[-147.5,60.73],[-147.45,60.73],[-147.4,60.74],[-147.39,60.73]]],[[[-147.94,60.71],[-147.93,60.71],[-147.94,60.74],[-147.91,60.73],[-147.88,60.71],[-147.87,60.7],[-147.85,60.69],[-147.86,60.68],[-147.89,60.67],[-147.92,60.67],[-147.94,60.65],[-147.98,60.67],[-148,60.7],[-148,60.71],[-148.02,60.72],[-148.01,60.73],[-147.98,60.7],[-147.96,60.7],[-147.97,60.72],[-147.94,60.71]]],[[[-148.2,60.76],[-148.18,60.74],[-148.14,60.75],[-148.12,60.75],[-148.11,60.74],[-148.11,60.72],[-148.13,60.71],[-148.11,60.69],[-148.1,60.68],[-148.1,60.66],[-148.11,60.65],[-148.12,60.64],[-148.18,60.63],[-148.19,60.65],[-148.19,60.67],[-148.21,60.67],[-148.24,60.69],[-148.23,60.71],[-148.25,60.71],[-148.25,60.72],[-148.21,60.74],[-148.23,60.75],[-148.22,60.75],[-148.2,60.76]]],[[[-147.56,60.86],[-147.57,60.86],[-147.59,60.87],[-147.57,60.87],[-147.56,60.86]]],[[[-146.72,60.85],[-146.72,60.83],[-146.72,60.81],[-146.74,60.81],[-146.81,60.8],[-146.82,60.81],[-146.83,60.84],[-146.8,60.85],[-146.8,60.86],[-146.76,60.86],[-146.75,60.87],[-146.72,60.85]]],[[[-147.44,60.86],[-147.46,60.86],[-147.48,60.88],[-147.46,60.88],[-147.44,60.87],[-147.44,60.86]]],[[[-146.78,60.89],[-146.78,60.88],[-146.79,60.88],[-146.81,60.89],[-146.78,60.89]]],[[[-147.15,60.9],[-147.14,60.89],[-147.17,60.87],[-147.14,60.87],[-147.11,60.9],[-147.09,60.89],[-147.09,60.88],[-147.12,60.86],[-147.14,60.86],[-147.15,60.85],[-147.17,60.85],[-147.18,60.86],[-147.2,60.86],[-147.21,60.87],[-147.23,60.88],[-147.24,60.86],[-147.26,60.87],[-147.3,60.87],[-147.34,60.87],[-147.34,60.88],[-147.29,60.89],[-147.24,60.9],[-147.19,60.9],[-147.15,60.9]]],[[[-148.06,60.92],[-148.04,60.92],[-148.01,60.91],[-147.99,60.9],[-147.97,60.89],[-147.94,60.87],[-147.96,60.85],[-147.96,60.84],[-147.94,60.83],[-147.92,60.82],[-147.93,60.81],[-147.94,60.8],[-147.97,60.8],[-147.98,60.82],[-147.99,60.82],[-148,60.79],[-148.02,60.78],[-148.07,60.78],[-148.09,60.79],[-148.12,60.78],[-148.14,60.79],[-148.15,60.8],[-148.15,60.82],[-148.13,60.84],[-148.14,60.85],[-148.13,60.87],[-148.1,60.88],[-148.1,60.89],[-148.12,60.91],[-148.09,60.92],[-148.06,60.92]]],[[[-147.03,60.98],[-147.05,60.97],[-147.05,60.96],[-147.08,60.96],[-147.08,60.97],[-147.03,60.98]]],[[[-150.26,61.12],[-150.28,61.12],[-150.24,61.14],[-150.23,61.17],[-150.18,61.17],[-150.16,61.17],[-150.18,61.15],[-150.21,61.13],[-150.22,61.13],[-150.26,61.12]]],[[[-130.1,55.25],[-130.1,55.23],[-130.1,55.21],[-130.13,55.18],[-130.14,55.16],[-130.16,55.15],[-130.17,55.12],[-130.19,55.1],[-130.2,55.09],[-130.21,55.08],[-130.21,55.07],[-130.23,55.04],[-130.26,55.02],[-130.26,55],[-130.29,54.97],[-130.32,54.95],[-130.34,54.94],[-130.37,54.91],[-130.39,54.9],[-130.41,54.89],[-130.43,54.88],[-130.46,54.85],[-130.48,54.84],[-130.5,54.83],[-130.51,54.85],[-130.52,54.87],[-130.51,54.89],[-130.54,54.87],[-130.56,54.86],[-130.61,54.83],[-130.61,54.82],[-130.63,54.82],[-130.64,54.8],[-130.64,54.79],[-130.66,54.77],[-130.68,54.77],[-130.7,54.76],[-130.72,54.76],[-130.73,54.78],[-130.74,54.8],[-130.72,54.81],[-130.7,54.82],[-130.71,54.84],[-130.73,54.85],[-130.74,54.88],[-130.73,54.9],[-130.74,54.92],[-130.74,54.95],[-130.75,54.95],[-130.76,54.94],[-130.76,54.91],[-130.75,54.89],[-130.74,54.85],[-130.74,54.84],[-130.74,54.82],[-130.77,54.81],[-130.77,54.82],[-130.79,54.82],[-130.79,54.79],[-130.81,54.77],[-130.84,54.77],[-130.86,54.77],[-130.88,54.78],[-130.92,54.8],[-130.93,54.8],[-130.94,54.82],[-130.95,54.83],[-130.93,54.85],[-130.95,54.86],[-130.95,54.9],[-130.98,54.92],[-130.97,54.93],[-130.95,54.94],[-130.94,54.95],[-130.95,54.97],[-130.97,54.97],[-130.97,54.98],[-131,55],[-131.01,55],[-131.01,55.03],[-130.98,55.04],[-130.99,55.05],[-130.97,55.06],[-130.99,55.07],[-130.96,55.08],[-130.93,55.08],[-130.87,55.1],[-130.85,55.12],[-130.83,55.12],[-130.82,55.1],[-130.81,55.08],[-130.79,55.07],[-130.77,55.08],[-130.76,55.08],[-130.73,55.09],[-130.72,55.08],[-130.7,55.03],[-130.69,55.04],[-130.71,55.08],[-130.72,55.1],[-130.71,55.11],[-130.65,55.11],[-130.63,55.12],[-130.59,55.13],[-130.55,55.14],[-130.56,55.14],[-130.59,55.14],[-130.6,55.13],[-130.62,55.14],[-130.65,55.13],[-130.66,55.12],[-130.69,55.12],[-130.71,55.12],[-130.69,55.14],[-130.69,55.15],[-130.67,55.16],[-130.61,55.19],[-130.58,55.21],[-130.56,55.23],[-130.55,55.25],[-130.54,55.27],[-130.52,55.29],[-130.48,55.32],[-130.51,55.31],[-130.53,55.3],[-130.54,55.28],[-130.56,55.27],[-130.58,55.24],[-130.61,55.21],[-130.64,55.2],[-130.64,55.19],[-130.71,55.15],[-130.72,55.13],[-130.73,55.13],[-130.74,55.11],[-130.74,55.1],[-130.77,55.09],[-130.79,55.1],[-130.8,55.12],[-130.82,55.14],[-130.87,55.13],[-130.88,55.12],[-130.9,55.1],[-130.94,55.09],[-130.99,55.09],[-131.02,55.09],[-131.05,55.12],[-131.07,55.12],[-131.07,55.14],[-131.09,55.16],[-131.08,55.17],[-131.09,55.18],[-131.08,55.19],[-131.04,55.22],[-131.03,55.22],[-131.01,55.24],[-130.99,55.25],[-130.95,55.28],[-130.95,55.29],[-130.92,55.3],[-130.91,55.3],[-130.88,55.29],[-130.86,55.3],[-130.83,55.29],[-130.8,55.3],[-130.76,55.3],[-130.72,55.3],[-130.69,55.31],[-130.66,55.3],[-130.64,55.3],[-130.63,55.3],[-130.66,55.31],[-130.68,55.32],[-130.68,55.33],[-130.65,55.35],[-130.68,55.35],[-130.7,55.34],[-130.71,55.31],[-130.72,55.31],[-130.75,55.31],[-130.77,55.31],[-130.79,55.31],[-130.85,55.3],[-130.87,55.31],[-130.88,55.33],[-130.88,55.38],[-130.88,55.4],[-130.91,55.41],[-130.92,55.44],[-130.89,55.45],[-130.9,55.47],[-130.87,55.5],[-130.88,55.53],[-130.86,55.54],[-130.83,55.54],[-130.81,55.55],[-130.8,55.54],[-130.78,55.53],[-130.79,55.55],[-130.8,55.56],[-130.79,55.57],[-130.75,55.57],[-130.75,55.58],[-130.74,55.59],[-130.71,55.6],[-130.68,55.57],[-130.69,55.59],[-130.69,55.61],[-130.7,55.63],[-130.69,55.64],[-130.71,55.63],[-130.71,55.6],[-130.74,55.6],[-130.76,55.59],[-130.76,55.58],[-130.78,55.57],[-130.8,55.58],[-130.82,55.57],[-130.82,55.55],[-130.83,55.55],[-130.86,55.55],[-130.88,55.56],[-130.89,55.62],[-130.9,55.65],[-130.9,55.66],[-130.9,55.69],[-130.9,55.7],[-130.86,55.72],[-130.81,55.72],[-130.79,55.72],[-130.78,55.73],[-130.76,55.73],[-130.74,55.75],[-130.75,55.75],[-130.78,55.74],[-130.8,55.73],[-130.83,55.73],[-130.84,55.72],[-130.86,55.73],[-130.88,55.72],[-130.9,55.71],[-130.92,55.74],[-130.96,55.77],[-130.97,55.79],[-130.94,55.8],[-130.93,55.81],[-130.94,55.81],[-130.99,55.8],[-131,55.81],[-131.06,55.86],[-131.09,55.89],[-131.11,55.9],[-131.14,55.93],[-131.13,55.94],[-131.14,55.94],[-131.15,55.93],[-131.19,55.95],[-131.18,55.97],[-131.2,55.97],[-131.22,55.98],[-131.21,55.99],[-131.18,56],[-131.17,56.01],[-131.11,56.03],[-131.1,56.04],[-131.1,56.05],[-131.09,56.07],[-131.09,56.08],[-131.12,56.07],[-131.14,56.05],[-131.16,56.03],[-131.17,56.03],[-131.23,56.01],[-131.28,56],[-131.31,55.99],[-131.34,55.97],[-131.37,55.97],[-131.39,55.96],[-131.41,55.98],[-131.43,56],[-131.41,55.98],[-131.41,55.96],[-131.44,55.95],[-131.45,55.95],[-131.52,55.92],[-131.55,55.91],[-131.57,55.92],[-131.59,55.93],[-131.6,55.93],[-131.56,55.95],[-131.53,55.96],[-131.47,55.99],[-131.48,55.99],[-131.53,55.97],[-131.55,55.97],[-131.6,55.94],[-131.63,55.93],[-131.68,55.92],[-131.71,55.9],[-131.74,55.89],[-131.79,55.91],[-131.8,55.92],[-131.79,55.91],[-131.76,55.9],[-131.75,55.88],[-131.76,55.88],[-131.78,55.88],[-131.83,55.88],[-131.84,55.87],[-131.91,55.87],[-131.92,55.86],[-131.89,55.84],[-131.84,55.84],[-131.82,55.84],[-131.8,55.84],[-131.78,55.82],[-131.77,55.82],[-131.77,55.79],[-131.78,55.77],[-131.8,55.77],[-131.82,55.72],[-131.83,55.72],[-131.85,55.72],[-131.85,55.73],[-131.87,55.73],[-131.86,55.71],[-131.84,55.69],[-131.82,55.67],[-131.84,55.67],[-131.84,55.66],[-131.85,55.65],[-131.86,55.63],[-131.88,55.63],[-131.9,55.63],[-131.89,55.6],[-131.9,55.6],[-131.92,55.61],[-131.94,55.62],[-131.96,55.63],[-131.98,55.65],[-132,55.65],[-131.96,55.61],[-131.94,55.59],[-131.95,55.58],[-131.94,55.57],[-131.94,55.56],[-131.94,55.53],[-131.96,55.53],[-131.96,55.51],[-131.98,55.5],[-132,55.51],[-132.02,55.51],[-132.05,55.53],[-132.07,55.54],[-132.12,55.55],[-132.15,55.56],[-132.16,55.58],[-132.18,55.59],[-132.2,55.61],[-132.2,55.65],[-132.21,55.66],[-132.23,55.7],[-132.26,55.73],[-132.26,55.74],[-132.29,55.76],[-132.28,55.77],[-132.26,55.76],[-132.23,55.74],[-132.2,55.73],[-132.18,55.76],[-132.19,55.79],[-132.18,55.8],[-132.16,55.8],[-132.13,55.81],[-132.07,55.81],[-132.06,55.81],[-132.06,55.82],[-132.09,55.83],[-132.1,55.85],[-132.07,55.87],[-132.05,55.89],[-132.05,55.91],[-132.07,55.93],[-132.07,55.94],[-132.05,55.95],[-132.03,55.96],[-132.01,55.96],[-131.96,55.97],[-131.97,55.98],[-131.97,56],[-131.96,56],[-131.96,56.01],[-131.98,56.04],[-131.98,56.06],[-131.97,56.06],[-131.98,56.08],[-131.97,56.12],[-131.97,56.17],[-131.92,56.18],[-131.89,56.18],[-131.89,56.2],[-131.87,56.2],[-131.84,56.2],[-131.8,56.2],[-131.78,56.2],[-131.76,56.2],[-131.71,56.19],[-131.68,56.19],[-131.65,56.18],[-131.64,56.19],[-131.61,56.18],[-131.6,56.18],[-131.56,56.19],[-131.54,56.2],[-131.54,56.22],[-131.52,56.22],[-131.54,56.23],[-131.56,56.23],[-131.57,56.2],[-131.59,56.2],[-131.61,56.2],[-131.65,56.2],[-131.69,56.21],[-131.73,56.21],[-131.76,56.22],[-131.77,56.22],[-131.79,56.22],[-131.83,56.22],[-131.87,56.23],[-131.89,56.23],[-131.92,56.23],[-131.94,56.24],[-131.95,56.26],[-131.98,56.3],[-131.99,56.34],[-131.98,56.36],[-131.99,56.36],[-132.01,56.36],[-132.06,56.38],[-132.09,56.38],[-132.11,56.37],[-132.15,56.39],[-132.17,56.39],[-132.16,56.38],[-132.18,56.38],[-132.18,56.4],[-132.2,56.42],[-132.21,56.46],[-132.23,56.46],[-132.26,56.48],[-132.29,56.48],[-132.3,56.49],[-132.32,56.51],[-132.35,56.52],[-132.36,56.53],[-132.36,56.55],[-132.37,56.57],[-132.36,56.59],[-132.34,56.6],[-132.34,56.61],[-132.33,56.63],[-132.35,56.64],[-132.39,56.63],[-132.42,56.61],[-132.47,56.6],[-132.5,56.6],[-132.5,56.61],[-132.54,56.62],[-132.57,56.63],[-132.57,56.64],[-132.53,56.67],[-132.53,56.69],[-132.51,56.68],[-132.47,56.67],[-132.48,56.68],[-132.49,56.69],[-132.54,56.7],[-132.54,56.72],[-132.49,56.75],[-132.49,56.77],[-132.47,56.77],[-132.43,56.78],[-132.43,56.79],[-132.44,56.8],[-132.42,56.81],[-132.39,56.82],[-132.37,56.81],[-132.37,56.83],[-132.38,56.83],[-132.44,56.82],[-132.44,56.81],[-132.46,56.8],[-132.45,56.79],[-132.49,56.79],[-132.52,56.78],[-132.52,56.75],[-132.54,56.76],[-132.57,56.76],[-132.61,56.77],[-132.62,56.78],[-132.64,56.78],[-132.71,56.81],[-132.79,56.84],[-132.8,56.86],[-132.8,56.88],[-132.81,56.89],[-132.83,56.89],[-132.87,56.91],[-132.89,56.92],[-132.9,56.95],[-132.93,56.97],[-132.95,56.98],[-132.95,56.99],[-132.89,56.99],[-132.88,57],[-132.85,56.99],[-132.84,56.98],[-132.81,56.97],[-132.79,56.97],[-132.79,56.99],[-132.78,57],[-132.81,57.02],[-132.84,57.06],[-132.81,57.08],[-132.81,57.1],[-132.84,57.1],[-132.85,57.08],[-132.87,57.07],[-132.87,57.06],[-132.87,57.05],[-132.87,57.03],[-132.9,57.03],[-132.93,57.04],[-132.98,57.05],[-133,57.02],[-133.01,57.05],[-133.05,57.07],[-133.08,57.08],[-133.1,57.08],[-133.12,57.09],[-133.16,57.09],[-133.19,57.09],[-133.16,57.11],[-133.16,57.13],[-133.17,57.14],[-133.16,57.15],[-133.13,57.14],[-133.14,57.16],[-133.16,57.16],[-133.17,57.18],[-133.2,57.17],[-133.2,57.15],[-133.21,57.14],[-133.24,57.14],[-133.25,57.14],[-133.24,57.17],[-133.26,57.17],[-133.25,57.16],[-133.26,57.15],[-133.26,57.14],[-133.27,57.12],[-133.31,57.11],[-133.36,57.12],[-133.37,57.13],[-133.42,57.14],[-133.44,57.15],[-133.47,57.15],[-133.47,57.16],[-133.5,57.17],[-133.51,57.17],[-133.53,57.18],[-133.55,57.18],[-133.57,57.19],[-133.53,57.2],[-133.51,57.2],[-133.5,57.23],[-133.51,57.24],[-133.53,57.26],[-133.51,57.26],[-133.53,57.28],[-133.49,57.28],[-133.47,57.3],[-133.43,57.29],[-133.38,57.29],[-133.37,57.29],[-133.35,57.3],[-133.33,57.3],[-133.31,57.29],[-133.27,57.29],[-133.26,57.29],[-133.23,57.31],[-133.19,57.31],[-133.18,57.33],[-133.16,57.31],[-133.14,57.31],[-133.14,57.33],[-133.18,57.34],[-133.21,57.32],[-133.23,57.32],[-133.3,57.34],[-133.33,57.33],[-133.36,57.33],[-133.42,57.34],[-133.46,57.36],[-133.47,57.37],[-133.47,57.39],[-133.46,57.4],[-133.42,57.4],[-133.39,57.41],[-133.37,57.41],[-133.35,57.43],[-133.37,57.44],[-133.39,57.42],[-133.44,57.43],[-133.46,57.42],[-133.48,57.44],[-133.51,57.45],[-133.52,57.48],[-133.53,57.49],[-133.52,57.51],[-133.52,57.52],[-133.52,57.54],[-133.5,57.54],[-133.49,57.56],[-133.48,57.57],[-133.46,57.58],[-133.45,57.59],[-133.42,57.58],[-133.39,57.59],[-133.36,57.59],[-133.35,57.6],[-133.38,57.6],[-133.41,57.59],[-133.45,57.59],[-133.47,57.58],[-133.48,57.58],[-133.5,57.58],[-133.53,57.57],[-133.56,57.56],[-133.59,57.57],[-133.62,57.58],[-133.64,57.6],[-133.66,57.61],[-133.67,57.63],[-133.67,57.66],[-133.65,57.67],[-133.66,57.68],[-133.65,57.69],[-133.65,57.71],[-133.63,57.71],[-133.62,57.72],[-133.59,57.71],[-133.58,57.72],[-133.57,57.72],[-133.53,57.69],[-133.48,57.67],[-133.47,57.68],[-133.45,57.67],[-133.39,57.66],[-133.33,57.64],[-133.31,57.63],[-133.3,57.62],[-133.28,57.62],[-133.22,57.6],[-133.18,57.58],[-133.13,57.54],[-133.07,57.51],[-133.02,57.51],[-133,57.51],[-132.96,57.5],[-132.93,57.5],[-132.89,57.49],[-132.86,57.5],[-132.84,57.51],[-132.87,57.51],[-132.89,57.5],[-132.93,57.51],[-132.96,57.51],[-132.99,57.52],[-133.01,57.52],[-133.01,57.53],[-133.06,57.52],[-133.11,57.55],[-133.15,57.59],[-133.19,57.61],[-133.23,57.63],[-133.26,57.65],[-133.28,57.66],[-133.33,57.66],[-133.36,57.68],[-133.38,57.69],[-133.41,57.72],[-133.45,57.73],[-133.47,57.73],[-133.5,57.75],[-133.53,57.76],[-133.56,57.78],[-133.56,57.8],[-133.58,57.83],[-133.57,57.86],[-133.57,57.88],[-133.58,57.91],[-133.57,57.92],[-133.55,57.91],[-133.51,57.91],[-133.49,57.9],[-133.48,57.91],[-133.43,57.91],[-133.41,57.9],[-133.4,57.91],[-133.38,57.89],[-133.32,57.88],[-133.3,57.88],[-133.3,57.89],[-133.29,57.89],[-133.25,57.88],[-133.23,57.87],[-133.21,57.88],[-133.13,57.85],[-133.11,57.85],[-133.13,57.87],[-133.16,57.87],[-133.18,57.89],[-133.21,57.89],[-133.23,57.88],[-133.27,57.9],[-133.29,57.91],[-133.33,57.89],[-133.38,57.92],[-133.4,57.91],[-133.42,57.92],[-133.44,57.92],[-133.49,57.92],[-133.51,57.93],[-133.54,57.92],[-133.57,57.93],[-133.59,57.93],[-133.6,57.91],[-133.6,57.9],[-133.61,57.88],[-133.6,57.86],[-133.61,57.86],[-133.63,57.87],[-133.65,57.87],[-133.65,57.86],[-133.63,57.85],[-133.63,57.84],[-133.63,57.82],[-133.63,57.81],[-133.63,57.79],[-133.65,57.79],[-133.67,57.79],[-133.69,57.8],[-133.71,57.79],[-133.72,57.8],[-133.74,57.83],[-133.75,57.84],[-133.77,57.86],[-133.78,57.88],[-133.79,57.88],[-133.81,57.9],[-133.83,57.91],[-133.83,57.92],[-133.85,57.93],[-133.85,57.95],[-133.83,57.96],[-133.83,57.97],[-133.76,57.99],[-133.75,57.98],[-133.75,57.97],[-133.73,57.95],[-133.69,57.94],[-133.69,57.96],[-133.71,57.98],[-133.7,57.98],[-133.64,58.02],[-133.65,58.03],[-133.71,58],[-133.72,58],[-133.74,58.02],[-133.76,58.03],[-133.76,58.05],[-133.78,58.06],[-133.76,58.07],[-133.74,58.08],[-133.74,58.1],[-133.72,58.1],[-133.69,58.12],[-133.7,58.12],[-133.74,58.13],[-133.73,58.11],[-133.76,58.1],[-133.76,58.08],[-133.78,58.07],[-133.8,58.06],[-133.81,58.03],[-133.79,58.01],[-133.8,58],[-133.85,57.99],[-133.88,57.98],[-133.9,57.97],[-133.93,57.98],[-133.97,58.02],[-134.01,58.04],[-134.03,58.05],[-134.05,58.06],[-134.06,58.08],[-134.07,58.1],[-134.07,58.11],[-134.08,58.12],[-134.07,58.14],[-134.08,58.15],[-134.08,58.17],[-134.09,58.19],[-134.08,58.19],[-134.08,58.21],[-134.06,58.22],[-134.05,58.23],[-134.06,58.26],[-134.08,58.28],[-134.02,58.29],[-134.01,58.29],[-133.99,58.3],[-133.98,58.32],[-133.98,58.33],[-134,58.34],[-133.99,58.35],[-134.01,58.38],[-134.02,58.4],[-134,58.41],[-133.95,58.42],[-133.93,58.44],[-133.93,58.45],[-133.95,58.47],[-133.95,58.48],[-133.93,58.5],[-133.97,58.5],[-133.98,58.47],[-133.97,58.47],[-133.97,58.45],[-133.99,58.43],[-134.01,58.42],[-134.04,58.4],[-134.05,58.38],[-134.06,58.33],[-134.1,58.32],[-134.11,58.31],[-134.14,58.3],[-134.15,58.28],[-134.14,58.27],[-134.12,58.26],[-134.1,58.25],[-134.1,58.24],[-134.13,58.23],[-134.14,58.21],[-134.16,58.2],[-134.19,58.21],[-134.22,58.21],[-134.26,58.23],[-134.28,58.24],[-134.33,58.26],[-134.37,58.28],[-134.4,58.29],[-134.4,58.3],[-134.43,58.3],[-134.46,58.32],[-134.5,58.34],[-134.5,58.33],[-134.45,58.3],[-134.43,58.3],[-134.31,58.23],[-134.27,58.21],[-134.26,58.2],[-134.28,58.19],[-134.34,58.2],[-134.4,58.22],[-134.42,58.22],[-134.46,58.23],[-134.49,58.23],[-134.51,58.22],[-134.59,58.23],[-134.63,58.25],[-134.65,58.27],[-134.67,58.28],[-134.68,58.3],[-134.65,58.32],[-134.61,58.32],[-134.61,58.33],[-134.58,58.34],[-134.61,58.34],[-134.61,58.35],[-134.64,58.34],[-134.64,58.35],[-134.64,58.38],[-134.65,58.39],[-134.69,58.38],[-134.72,58.38],[-134.76,58.39],[-134.78,58.39],[-134.75,58.4],[-134.77,58.41],[-134.76,58.42],[-134.77,58.43],[-134.79,58.48],[-134.79,58.49],[-134.82,58.51],[-134.84,58.51],[-134.83,58.53],[-134.86,58.54],[-134.86,58.55],[-134.9,58.59],[-134.93,58.61],[-134.94,58.61],[-134.94,58.63],[-134.95,58.64],[-134.97,58.65],[-134.99,58.67],[-134.96,58.68],[-134.92,58.68],[-134.95,58.7],[-134.94,58.73],[-134.93,58.73],[-134.94,58.74],[-134.93,58.75],[-134.93,58.77],[-134.95,58.79],[-134.99,58.79],[-135.01,58.79],[-135.03,58.79],[-135.02,58.75],[-135.03,58.75],[-135.05,58.75],[-135.07,58.76],[-135.08,58.79],[-135.09,58.79],[-135.11,58.81],[-135.14,58.83],[-135.15,58.86],[-135.14,58.87],[-135.15,58.9],[-135.17,58.93],[-135.18,59],[-135.2,59.02],[-135.2,59.03],[-135.2,59.05],[-135.21,59.08],[-135.22,59.09],[-135.23,59.12],[-135.25,59.15],[-135.27,59.16],[-135.28,59.2],[-135.31,59.2],[-135.32,59.21],[-135.33,59.23],[-135.34,59.23],[-135.36,59.26],[-135.37,59.26],[-135.37,59.29],[-135.37,59.32],[-135.36,59.34],[-135.36,59.35],[-135.36,59.37],[-135.35,59.39],[-135.34,59.42],[-135.32,59.45],[-135.34,59.45],[-135.34,59.47],[-135.35,59.47],[-135.35,59.49],[-135.36,59.49],[-135.37,59.46],[-135.36,59.45],[-135.38,59.41],[-135.37,59.4],[-135.39,59.36],[-135.4,59.34],[-135.39,59.33],[-135.4,59.31],[-135.39,59.3],[-135.4,59.29],[-135.42,59.3],[-135.43,59.33],[-135.44,59.32],[-135.43,59.3],[-135.44,59.29],[-135.49,59.3],[-135.53,59.33],[-135.55,59.32],[-135.54,59.31],[-135.51,59.29],[-135.44,59.28],[-135.44,59.26],[-135.43,59.25],[-135.44,59.24],[-135.43,59.23],[-135.41,59.22],[-135.37,59.21],[-135.36,59.2],[-135.35,59.17],[-135.33,59.15],[-135.34,59.14],[-135.33,59.13],[-135.33,59.12],[-135.3,59.09],[-135.31,59.09],[-135.33,59.1],[-135.37,59.11],[-135.38,59.13],[-135.37,59.14],[-135.38,59.15],[-135.4,59.17],[-135.39,59.17],[-135.45,59.21],[-135.45,59.22],[-135.48,59.23],[-135.5,59.22],[-135.52,59.21],[-135.51,59.2],[-135.48,59.19],[-135.49,59.18],[-135.47,59.17],[-135.47,59.16],[-135.47,59.14],[-135.45,59.13],[-135.44,59.11],[-135.41,59.11],[-135.38,59.1],[-135.38,59.09],[-135.39,59.07],[-135.4,59.03],[-135.39,59.03],[-135.38,59.02],[-135.4,59.01],[-135.4,59],[-135.39,58.99],[-135.4,58.97],[-135.38,58.96],[-135.37,58.93],[-135.38,58.92],[-135.33,58.92],[-135.32,58.9],[-135.34,58.89],[-135.32,58.86],[-135.32,58.85],[-135.3,58.85],[-135.28,58.82],[-135.25,58.79],[-135.26,58.78],[-135.24,58.76],[-135.23,58.73],[-135.23,58.72],[-135.2,58.7],[-135.18,58.67],[-135.17,58.66],[-135.16,58.64],[-135.14,58.62],[-135.15,58.61],[-135.14,58.59],[-135.15,58.58],[-135.16,58.61],[-135.17,58.62],[-135.24,58.62],[-135.22,58.59],[-135.2,58.58],[-135.17,58.56],[-135.16,58.55],[-135.13,58.51],[-135.12,58.5],[-135.14,58.49],[-135.12,58.46],[-135.1,58.45],[-135.09,58.42],[-135.08,58.4],[-135.08,58.38],[-135.05,58.35],[-135.05,58.31],[-135.1,58.3],[-135.09,58.28],[-135.11,58.26],[-135.09,58.24],[-135.15,58.21],[-135.16,58.21],[-135.19,58.22],[-135.2,58.22],[-135.23,58.24],[-135.27,58.23],[-135.31,58.24],[-135.34,58.27],[-135.37,58.31],[-135.4,58.32],[-135.41,58.34],[-135.43,58.41],[-135.45,58.42],[-135.46,58.45],[-135.45,58.46],[-135.47,58.48],[-135.49,58.45],[-135.51,58.48],[-135.49,58.44],[-135.46,58.41],[-135.47,58.38],[-135.5,58.38],[-135.53,58.39],[-135.56,58.41],[-135.58,58.41],[-135.62,58.43],[-135.64,58.42],[-135.66,58.41],[-135.69,58.4],[-135.73,58.39],[-135.74,58.41],[-135.74,58.4],[-135.78,58.4],[-135.83,58.39],[-135.86,58.39],[-135.91,58.38],[-135.92,58.39],[-135.91,58.4],[-135.9,58.42],[-135.9,58.45],[-135.87,58.46],[-135.9,58.47],[-135.92,58.46],[-135.94,58.45],[-135.96,58.46],[-135.94,58.47],[-135.91,58.48],[-135.93,58.49],[-135.91,58.49],[-135.9,58.49],[-135.88,58.49],[-135.88,58.51],[-135.87,58.52],[-135.85,58.53],[-135.86,58.55],[-135.88,58.56],[-135.9,58.57],[-135.91,58.55],[-135.94,58.57],[-135.93,58.59],[-135.91,58.57],[-135.89,58.58],[-135.87,58.59],[-135.84,58.6],[-135.89,58.6],[-135.91,58.62],[-135.92,58.63],[-135.92,58.64],[-135.93,58.65],[-135.95,58.66],[-135.96,58.69],[-135.97,58.7],[-135.98,58.71],[-136.01,58.71],[-136.01,58.72],[-135.98,58.72],[-136,58.74],[-136.02,58.74],[-136.04,58.76],[-136.04,58.77],[-136.07,58.8],[-136.08,58.81],[-136.09,58.82],[-136.08,58.83],[-136.05,58.84],[-136.02,58.84],[-135.95,58.87],[-135.94,58.86],[-135.91,58.86],[-135.89,58.88],[-135.86,58.88],[-135.79,58.89],[-135.8,58.9],[-135.84,58.91],[-135.87,58.91],[-135.89,58.9],[-135.92,58.9],[-135.94,58.89],[-135.94,58.88],[-135.97,58.88],[-135.99,58.86],[-136.01,58.86],[-136.05,58.85],[-136.07,58.89],[-136.06,58.89],[-136.05,58.91],[-136.06,58.93],[-136.07,58.93],[-136.1,58.95],[-136.12,58.97],[-136.11,58.97],[-136.11,59.01],[-136.13,59.02],[-136.14,59.02],[-136.15,59.04],[-136.17,59.04],[-136.17,59.05],[-136.18,59.07],[-136.24,59.07],[-136.3,59.07],[-136.31,59.08],[-136.37,59.09],[-136.37,59.07],[-136.33,59.07],[-136.29,59.05],[-136.25,59.05],[-136.21,59.06],[-136.2,59.05],[-136.15,59],[-136.16,59],[-136.14,58.98],[-136.16,58.97],[-136.16,58.96],[-136.15,58.95],[-136.15,58.94],[-136.22,58.93],[-136.24,58.94],[-136.3,58.95],[-136.34,58.95],[-136.34,58.94],[-136.31,58.93],[-136.28,58.92],[-136.25,58.92],[-136.22,58.92],[-136.2,58.93],[-136.17,58.93],[-136.12,58.93],[-136.12,58.92],[-136.14,58.9],[-136.12,58.89],[-136.12,58.88],[-136.11,58.86],[-136.13,58.81],[-136.15,58.8],[-136.15,58.78],[-136.18,58.77],[-136.17,58.76],[-136.21,58.75],[-136.25,58.75],[-136.28,58.77],[-136.32,58.78],[-136.4,58.82],[-136.38,58.82],[-136.32,58.82],[-136.31,58.83],[-136.36,58.83],[-136.4,58.83],[-136.43,58.82],[-136.44,58.83],[-136.46,58.83],[-136.49,58.84],[-136.5,58.85],[-136.51,58.86],[-136.51,58.88],[-136.53,58.92],[-136.53,58.93],[-136.53,58.95],[-136.55,58.97],[-136.57,58.95],[-136.57,58.93],[-136.58,58.92],[-136.6,58.92],[-136.61,58.93],[-136.64,58.95],[-136.65,58.97],[-136.69,59],[-136.71,59],[-136.7,58.98],[-136.69,58.98],[-136.66,58.94],[-136.63,58.92],[-136.62,58.9],[-136.63,58.89],[-136.66,58.9],[-136.68,58.9],[-136.69,58.91],[-136.75,58.93],[-136.8,58.94],[-136.82,58.95],[-136.85,58.96],[-136.88,58.96],[-136.9,58.99],[-136.95,59],[-136.98,59.03],[-137.01,59.04],[-137.03,59.06],[-137.06,59.06],[-137.07,59.05],[-137.06,59.04],[-137.04,59.02],[-137.02,59.01],[-137,59.02],[-137,59],[-136.97,58.97],[-136.95,58.97],[-136.92,58.95],[-136.92,58.93],[-136.94,58.92],[-136.96,58.92],[-136.98,58.93],[-137,58.92],[-137.02,58.92],[-137.05,58.91],[-137.08,58.87],[-137.12,58.85],[-137.13,58.84],[-137.1,58.84],[-137.05,58.87],[-137.03,58.88],[-137.01,58.9],[-136.97,58.9],[-136.95,58.89],[-136.92,58.9],[-136.89,58.89],[-136.88,58.89],[-136.84,58.88],[-136.82,58.87],[-136.82,58.86],[-136.82,58.84],[-136.8,58.85],[-136.8,58.88],[-136.78,58.87],[-136.74,58.88],[-136.71,58.87],[-136.7,58.86],[-136.67,58.85],[-136.67,58.84],[-136.65,58.84],[-136.62,58.85],[-136.56,58.83],[-136.55,58.82],[-136.51,58.8],[-136.49,58.8],[-136.52,58.78],[-136.55,58.79],[-136.56,58.77],[-136.58,58.78],[-136.61,58.82],[-136.62,58.82],[-136.64,58.83],[-136.65,58.83],[-136.65,58.82],[-136.64,58.79],[-136.61,58.79],[-136.58,58.77],[-136.59,58.76],[-136.58,58.76],[-136.56,58.76],[-136.53,58.74],[-136.54,58.71],[-136.51,58.71],[-136.51,58.74],[-136.52,58.74],[-136.51,58.76],[-136.49,58.75],[-136.48,58.74],[-136.45,58.74],[-136.39,58.72],[-136.35,58.69],[-136.39,58.66],[-136.43,58.64],[-136.44,58.64],[-136.48,58.62],[-136.5,58.6],[-136.52,58.61],[-136.52,58.59],[-136.48,58.59],[-136.47,58.59],[-136.47,58.61],[-136.45,58.62],[-136.42,58.62],[-136.38,58.62],[-136.39,58.63],[-136.36,58.64],[-136.35,58.65],[-136.33,58.64],[-136.33,58.67],[-136.32,58.67],[-136.28,58.66],[-136.26,58.64],[-136.21,58.61],[-136.2,58.6],[-136.23,58.6],[-136.21,58.59],[-136.22,58.58],[-136.21,58.57],[-136.16,58.56],[-136.15,58.54],[-136.17,58.55],[-136.18,58.54],[-136.17,58.53],[-136.21,58.52],[-136.19,58.51],[-136.15,58.51],[-136.14,58.52],[-136.12,58.52],[-136.1,58.51],[-136.1,58.5],[-136.1,58.47],[-136.08,58.47],[-136.07,58.46],[-136.09,58.45],[-136.07,58.44],[-136.05,58.41],[-136.06,58.39],[-136.04,58.38],[-136.07,58.37],[-136.1,58.35],[-136.12,58.34],[-136.16,58.35],[-136.18,58.34],[-136.2,58.34],[-136.22,58.33],[-136.28,58.32],[-136.31,58.32],[-136.3,58.34],[-136.28,58.36],[-136.31,58.38],[-136.38,58.37],[-136.4,58.39],[-136.44,58.4],[-136.47,58.4],[-136.49,58.41],[-136.51,58.44],[-136.52,58.44],[-136.5,58.42],[-136.49,58.41],[-136.5,58.39],[-136.51,58.38],[-136.52,58.37],[-136.55,58.39],[-136.54,58.36],[-136.52,58.35],[-136.5,58.34],[-136.5,58.33],[-136.48,58.34],[-136.49,58.35],[-136.5,58.37],[-136.48,58.4],[-136.43,58.38],[-136.41,58.38],[-136.41,58.37],[-136.39,58.37],[-136.36,58.35],[-136.36,58.33],[-136.37,58.3],[-136.39,58.3],[-136.41,58.31],[-136.44,58.31],[-136.46,58.3],[-136.48,58.31],[-136.5,58.31],[-136.53,58.33],[-136.56,58.32],[-136.57,58.33],[-136.59,58.33],[-136.61,58.32],[-136.61,58.3],[-136.58,58.28],[-136.57,58.25],[-136.58,58.24],[-136.59,58.22],[-136.62,58.21],[-136.65,58.21],[-136.64,58.22],[-136.63,58.23],[-136.64,58.22],[-136.66,58.21],[-136.68,58.22],[-136.7,58.22],[-136.71,58.24],[-136.72,58.25],[-136.73,58.27],[-136.72,58.28],[-136.69,58.28],[-136.68,58.3],[-136.73,58.29],[-136.75,58.3],[-136.77,58.29],[-136.79,58.29],[-136.79,58.31],[-136.77,58.33],[-136.8,58.33],[-136.83,58.31],[-136.86,58.32],[-136.85,58.33],[-136.85,58.35],[-136.84,58.37],[-136.86,58.37],[-136.87,58.36],[-136.87,58.35],[-136.9,58.34],[-136.91,58.35],[-136.9,58.36],[-136.9,58.37],[-136.89,58.38],[-136.92,58.4],[-136.95,58.39],[-136.96,58.4],[-137.01,58.41],[-137.07,58.4],[-137.07,58.39],[-137.1,58.38],[-137.11,58.4],[-137.16,58.42],[-137.24,58.45],[-137.27,58.46],[-137.29,58.47],[-137.31,58.48],[-137.34,58.49],[-137.4,58.51],[-137.41,58.52],[-137.46,58.54],[-137.54,58.57],[-137.58,58.59],[-137.61,58.6],[-137.64,58.6],[-137.66,58.61],[-137.64,58.62],[-137.6,58.62],[-137.55,58.63],[-137.53,58.64],[-137.51,58.64],[-137.49,58.66],[-137.47,58.66],[-137.49,58.67],[-137.52,58.66],[-137.55,58.66],[-137.57,58.65],[-137.61,58.65],[-137.65,58.63],[-137.66,58.63],[-137.68,58.63],[-137.67,58.65],[-137.68,58.66],[-137.76,58.7],[-137.78,58.72],[-137.84,58.74],[-137.87,58.76],[-137.88,58.77],[-137.92,58.78],[-137.94,58.79],[-137.95,58.81],[-137.93,58.82],[-137.93,58.84],[-137.94,58.86],[-137.93,58.87],[-137.95,58.88],[-138.02,58.93],[-138.08,58.96],[-138.17,59],[-138.19,59.02],[-138.26,59.04],[-138.3,59.06],[-138.41,59.08],[-138.36,59.08],[-138.36,59.09],[-138.41,59.1],[-138.43,59.1],[-138.47,59.11],[-138.51,59.1],[-138.6,59.12],[-138.57,59.14],[-138.62,59.15],[-138.64,59.13],[-138.67,59.14],[-138.75,59.18],[-138.8,59.2],[-138.89,59.24],[-138.99,59.27],[-139.07,59.29],[-139.09,59.29],[-139.13,59.3],[-139.13,59.31],[-139.19,59.32],[-139.18,59.33],[-139.22,59.34],[-139.26,59.36],[-139.26,59.37],[-139.28,59.37],[-139.29,59.39],[-139.36,59.39],[-139.4,59.4],[-139.41,59.41],[-139.45,59.4],[-139.48,59.41],[-139.53,59.43],[-139.59,59.45],[-139.6,59.45],[-139.64,59.46],[-139.65,59.47],[-139.8,59.52],[-139.85,59.53],[-139.86,59.54],[-139.85,59.55],[-139.84,59.56],[-139.81,59.55],[-139.8,59.54],[-139.75,59.54],[-139.75,59.56],[-139.75,59.57],[-139.71,59.57],[-139.7,59.58],[-139.71,59.59],[-139.72,59.6],[-139.71,59.61],[-139.7,59.62],[-139.67,59.61],[-139.67,59.59],[-139.69,59.59],[-139.69,59.6],[-139.7,59.61],[-139.7,59.59],[-139.68,59.58],[-139.68,59.57],[-139.65,59.57],[-139.63,59.58],[-139.62,59.6],[-139.59,59.61],[-139.61,59.61],[-139.58,59.64],[-139.56,59.65],[-139.56,59.66],[-139.53,59.68],[-139.51,59.69],[-139.48,59.7],[-139.5,59.72],[-139.54,59.74],[-139.57,59.77],[-139.58,59.77],[-139.6,59.81],[-139.59,59.82],[-139.62,59.85],[-139.64,59.87],[-139.63,59.9],[-139.6,59.91],[-139.55,59.93],[-139.54,59.94],[-139.52,59.96],[-139.51,59.97],[-139.51,59.99],[-139.47,60],[-139.44,59.98],[-139.41,59.94],[-139.39,59.94],[-139.37,59.92],[-139.37,59.91],[-139.34,59.88],[-139.31,59.86],[-139.3,59.85],[-139.33,59.82],[-139.35,59.79],[-139.35,59.76],[-139.35,59.75],[-139.34,59.73],[-139.34,59.7],[-139.32,59.69],[-139.32,59.67],[-139.3,59.65],[-139.29,59.64],[-139.29,59.61],[-139.32,59.61],[-139.36,59.59],[-139.34,59.58],[-139.32,59.57],[-139.3,59.56],[-139.29,59.57],[-139.26,59.57],[-139.25,59.6],[-139.23,59.61],[-139.26,59.64],[-139.27,59.65],[-139.27,59.68],[-139.27,59.69],[-139.31,59.72],[-139.32,59.74],[-139.32,59.75],[-139.31,59.77],[-139.27,59.78],[-139.29,59.79],[-139.3,59.82],[-139.28,59.83],[-139.23,59.83],[-139.2,59.84],[-139.16,59.84],[-139.12,59.84],[-139.1,59.84],[-139.05,59.84],[-139.02,59.84],[-138.99,59.82],[-138.97,59.8],[-138.92,59.8],[-138.91,59.81],[-138.94,59.81],[-138.97,59.82],[-139.03,59.85],[-139.07,59.85],[-139.1,59.85],[-139.13,59.85],[-139.14,59.86],[-139.21,59.86],[-139.25,59.86],[-139.28,59.87],[-139.3,59.89],[-139.34,59.92],[-139.38,59.97],[-139.4,59.97],[-139.42,59.98],[-139.42,60],[-139.45,60.01],[-139.48,60.01],[-139.5,60.03],[-139.51,60.06],[-139.52,60.05],[-139.56,60.04],[-139.55,60.03],[-139.57,60.01],[-139.59,60],[-139.6,59.99],[-139.6,59.95],[-139.62,59.94],[-139.63,59.94],[-139.66,59.93],[-139.71,59.92],[-139.75,59.88],[-139.77,59.87],[-139.78,59.85],[-139.79,59.84],[-139.78,59.83],[-139.8,59.82],[-139.91,59.79],[-139.93,59.79],[-139.94,59.8],[-139.96,59.79],[-139.97,59.81],[-140.01,59.83],[-140.03,59.83],[-140.04,59.84],[-140.06,59.84],[-140.08,59.82],[-140.13,59.82],[-140.14,59.81],[-140.17,59.8],[-140.2,59.81],[-140.24,59.8],[-140.25,59.79],[-140.23,59.77],[-140.17,59.77],[-140.13,59.78],[-140.15,59.79],[-140.15,59.8],[-140.13,59.81],[-140.1,59.81],[-140.11,59.8],[-140.12,59.8],[-140.12,59.78],[-140.09,59.78],[-140.05,59.79],[-140.04,59.79],[-140,59.79],[-139.98,59.78],[-140.07,59.75],[-140.1,59.75],[-140.15,59.74],[-140.19,59.72],[-140.23,59.7],[-140.28,59.69],[-140.34,59.69],[-140.39,59.7],[-140.49,59.71],[-140.53,59.7],[-140.59,59.71],[-140.67,59.71],[-140.73,59.72],[-140.79,59.73],[-140.82,59.73],[-140.87,59.73],[-140.91,59.74],[-140.92,59.75],[-140.98,59.77],[-141.02,59.78],[-141.12,59.8],[-141.14,59.81],[-141.25,59.83],[-141.27,59.84],[-141.29,59.84],[-141.31,59.85],[-141.38,59.86],[-141.4,59.86],[-141.43,59.87],[-141.46,59.88],[-141.46,59.89],[-141.42,59.91],[-141.37,59.93],[-141.34,59.93],[-141.3,59.94],[-141.3,59.95],[-141.28,59.96],[-141.25,59.97],[-141.27,59.98],[-141.27,59.99],[-141.27,60.01],[-141.29,60.02],[-141.3,60.03],[-141.33,60.06],[-141.29,60.06],[-141.28,60.08],[-141.3,60.09],[-141.34,60.09],[-141.36,60.09],[-141.37,60.1],[-141.39,60.12],[-141.39,60.14],[-141.42,60.15],[-141.44,60.13],[-141.49,60.14],[-141.51,60.15],[-141.53,60.15],[-141.54,60.14],[-141.52,60.12],[-141.49,60.12],[-141.48,60.09],[-141.54,60.1],[-141.54,60.09],[-141.53,60.08],[-141.5,60.08],[-141.49,60.07],[-141.47,60.08],[-141.46,60.07],[-141.43,60.07],[-141.39,60.05],[-141.37,60.03],[-141.4,60.02],[-141.43,60],[-141.47,60],[-141.49,60],[-141.53,59.99],[-141.55,59.98],[-141.6,59.96],[-141.64,59.96],[-141.68,59.95],[-141.71,59.95],[-141.75,59.95],[-141.78,59.96],[-141.84,59.99],[-141.9,60.01],[-142.02,60.02],[-142.03,60.03],[-142.07,60.03],[-142.11,60.03],[-142.16,60.04],[-142.26,60.06],[-142.29,60.06],[-142.33,60.06],[-142.34,60.06],[-142.42,60.07],[-142.44,60.07],[-142.45,60.07],[-142.48,60.08],[-142.53,60.08],[-142.54,60.09],[-142.6,60.09],[-142.63,60.09],[-142.75,60.1],[-142.79,60.1],[-142.82,60.1],[-142.85,60.1],[-142.88,60.1],[-142.95,60.09],[-143.04,60.07],[-143.11,60.06],[-143.15,60.07],[-143.21,60.06],[-143.28,60.06],[-143.34,60.06],[-143.37,60.06],[-143.45,60.05],[-143.46,60.05],[-143.54,60.04],[-143.58,60.04],[-143.6,60.04],[-143.7,60.03],[-143.73,60.02],[-143.8,60.01],[-143.84,60],[-143.89,59.99],[-143.98,60.01],[-143.99,60.02],[-144.03,60.03],[-144.11,60.03],[-144.16,60.02],[-144.25,60.03],[-144.22,60.04],[-144.17,60.03],[-144.15,60.04],[-144.12,60.03],[-144.1,60.04],[-144.03,60.03],[-144.02,60.05],[-144.03,60.06],[-144.06,60.07],[-144.09,60.08],[-144.11,60.1],[-144.15,60.12],[-144.2,60.14],[-144.2,60.15],[-144.14,60.15],[-144.11,60.16],[-144.07,60.17],[-144.09,60.17],[-144.11,60.17],[-144.13,60.16],[-144.15,60.15],[-144.2,60.15],[-144.25,60.15],[-144.27,60.15],[-144.25,60.16],[-144.23,60.17],[-144.21,60.18],[-144.22,60.19],[-144.24,60.18],[-144.34,60.19],[-144.36,60.19],[-144.38,60.19],[-144.4,60.17],[-144.45,60.17],[-144.47,60.18],[-144.5,60.19],[-144.46,60.19],[-144.52,60.21],[-144.52,60.2],[-144.56,60.18],[-144.6,60.18],[-144.62,60.2],[-144.65,60.2],[-144.69,60.21],[-144.71,60.22],[-144.71,60.23],[-144.65,60.21],[-144.67,60.24],[-144.7,60.25],[-144.7,60.27],[-144.67,60.28],[-144.68,60.29],[-144.72,60.27],[-144.74,60.28],[-144.76,60.27],[-144.77,60.29],[-144.78,60.3],[-144.8,60.29],[-144.82,60.28],[-144.85,60.29],[-144.9,60.3],[-144.9,60.29],[-144.91,60.28],[-144.94,60.29],[-144.94,60.31],[-144.93,60.33],[-144.89,60.35],[-144.92,60.37],[-144.93,60.38],[-144.93,60.39],[-144.89,60.4],[-144.86,60.4],[-144.85,60.4],[-144.87,60.41],[-144.86,60.43],[-144.84,60.45],[-144.82,60.45],[-144.79,60.46],[-144.82,60.47],[-144.84,60.47],[-144.85,60.46],[-144.87,60.46],[-144.88,60.48],[-144.87,60.51],[-144.83,60.52],[-144.83,60.54],[-144.81,60.54],[-144.81,60.59],[-144.8,60.61],[-144.82,60.62],[-144.86,60.62],[-144.87,60.57],[-144.88,60.57],[-144.88,60.56],[-144.9,60.54],[-144.92,60.55],[-144.95,60.54],[-144.96,60.53],[-145,60.53],[-145.03,60.5],[-145.04,60.48],[-145.06,60.47],[-145.07,60.47],[-145.1,60.45],[-145.12,60.43],[-145.15,60.42],[-145.17,60.41],[-145.21,60.4],[-145.2,60.4],[-145.17,60.4],[-145.19,60.38],[-145.22,60.37],[-145.25,60.35],[-145.27,60.35],[-145.29,60.34],[-145.33,60.34],[-145.33,60.36],[-145.35,60.35],[-145.39,60.35],[-145.41,60.37],[-145.44,60.38],[-145.45,60.38],[-145.47,60.39],[-145.5,60.39],[-145.51,60.4],[-145.5,60.41],[-145.44,60.41],[-145.42,60.41],[-145.41,60.42],[-145.45,60.42],[-145.48,60.42],[-145.54,60.43],[-145.57,60.45],[-145.6,60.45],[-145.64,60.46],[-145.69,60.47],[-145.75,60.48],[-145.81,60.46],[-145.84,60.45],[-145.87,60.45],[-145.9,60.45],[-145.91,60.46],[-145.94,60.46],[-145.96,60.47],[-145.93,60.48],[-145.92,60.49],[-145.9,60.48],[-145.85,60.51],[-145.81,60.52],[-145.77,60.55],[-145.76,60.55],[-145.75,60.56],[-145.74,60.57],[-145.7,60.59],[-145.7,60.6],[-145.67,60.63],[-145.64,60.64],[-145.63,60.65],[-145.62,60.66],[-145.64,60.67],[-145.66,60.66],[-145.69,60.65],[-145.73,60.64],[-145.76,60.63],[-145.83,60.62],[-145.84,60.61],[-145.9,60.61],[-145.9,60.62],[-145.85,60.62],[-145.82,60.64],[-145.85,60.65],[-145.89,60.64],[-145.88,60.65],[-145.9,60.65],[-145.87,60.66],[-145.87,60.67],[-145.84,60.69],[-145.86,60.69],[-145.88,60.68],[-145.9,60.67],[-145.9,60.66],[-145.92,60.66],[-145.94,60.64],[-145.94,60.63],[-145.96,60.62],[-145.99,60.62],[-146,60.64],[-145.98,60.66],[-145.97,60.66],[-145.98,60.67],[-145.94,60.68],[-145.92,60.7],[-145.98,60.69],[-146.03,60.67],[-146.09,60.65],[-146.1,60.65],[-146.15,60.63],[-146.18,60.63],[-146.19,60.63],[-146.21,60.63],[-146.27,60.63],[-146.27,60.65],[-146.22,60.66],[-146.22,60.67],[-146.18,60.69],[-146.13,60.71],[-146.1,60.71],[-146.09,60.73],[-146.06,60.74],[-146.06,60.75],[-146.01,60.74],[-146.05,60.76],[-146.04,60.78],[-146.04,60.79],[-146.06,60.79],[-146.09,60.76],[-146.12,60.74],[-146.13,60.73],[-146.15,60.74],[-146.17,60.72],[-146.2,60.73],[-146.21,60.75],[-146.23,60.74],[-146.23,60.73],[-146.25,60.71],[-146.3,60.71],[-146.32,60.72],[-146.32,60.75],[-146.29,60.76],[-146.32,60.76],[-146.34,60.74],[-146.36,60.72],[-146.4,60.71],[-146.42,60.7],[-146.44,60.7],[-146.5,60.67],[-146.51,60.68],[-146.53,60.69],[-146.58,60.69],[-146.61,60.69],[-146.63,60.68],[-146.66,60.68],[-146.67,60.7],[-146.66,60.71],[-146.68,60.72],[-146.7,60.72],[-146.71,60.74],[-146.68,60.74],[-146.64,60.72],[-146.63,60.75],[-146.61,60.75],[-146.6,60.75],[-146.59,60.74],[-146.58,60.74],[-146.56,60.74],[-146.54,60.75],[-146.52,60.73],[-146.51,60.74],[-146.52,60.75],[-146.56,60.77],[-146.54,60.77],[-146.5,60.77],[-146.44,60.77],[-146.44,60.78],[-146.42,60.78],[-146.37,60.79],[-146.36,60.78],[-146.31,60.79],[-146.28,60.81],[-146.26,60.81],[-146.25,60.84],[-146.21,60.84],[-146.18,60.85],[-146.12,60.83],[-146.12,60.84],[-146.14,60.85],[-146.17,60.86],[-146.18,60.87],[-146.24,60.89],[-146.25,60.87],[-146.27,60.86],[-146.27,60.85],[-146.29,60.84],[-146.32,60.83],[-146.34,60.82],[-146.41,60.81],[-146.43,60.82],[-146.39,60.83],[-146.42,60.83],[-146.46,60.81],[-146.48,60.81],[-146.51,60.81],[-146.55,60.81],[-146.58,60.82],[-146.56,60.83],[-146.58,60.84],[-146.54,60.84],[-146.56,60.85],[-146.59,60.85],[-146.61,60.84],[-146.63,60.82],[-146.65,60.82],[-146.62,60.86],[-146.64,60.87],[-146.69,60.86],[-146.71,60.87],[-146.71,60.89],[-146.74,60.91],[-146.75,60.92],[-146.75,60.93],[-146.77,60.94],[-146.74,60.95],[-146.72,60.93],[-146.66,60.93],[-146.64,60.92],[-146.61,60.92],[-146.6,60.93],[-146.62,60.95],[-146.65,60.95],[-146.68,60.95],[-146.7,60.95],[-146.71,60.96],[-146.73,60.97],[-146.7,60.98],[-146.7,61],[-146.68,61.03],[-146.66,61.02],[-146.65,61.03],[-146.62,61.02],[-146.59,61.02],[-146.52,61],[-146.5,61],[-146.56,61.02],[-146.59,61.03],[-146.6,61.04],[-146.63,61.04],[-146.66,61.05],[-146.67,61.06],[-146.62,61.08],[-146.59,61.08],[-146.58,61.07],[-146.55,61.07],[-146.54,61.08],[-146.5,61.07],[-146.49,61.08],[-146.44,61.08],[-146.42,61.08],[-146.37,61.08],[-146.34,61.08],[-146.29,61.08],[-146.25,61.1],[-146.32,61.13],[-146.35,61.12],[-146.4,61.12],[-146.41,61.13],[-146.45,61.13],[-146.49,61.13],[-146.51,61.12],[-146.56,61.12],[-146.59,61.12],[-146.6,61.13],[-146.64,61.12],[-146.67,61.1],[-146.68,61.09],[-146.68,61.08],[-146.7,61.06],[-146.77,61.04],[-146.78,61.05],[-146.8,61.03],[-146.82,61.02],[-146.85,61],[-146.87,60.97],[-146.88,60.96],[-146.93,60.94],[-146.99,60.93],[-147,60.93],[-147.06,60.94],[-147,60.97],[-146.98,60.97],[-146.99,60.98],[-146.98,60.99],[-147,61],[-147.04,61],[-147.05,60.98],[-147.08,61],[-147.09,61],[-147.11,61.01],[-147.15,60.98],[-147.18,60.97],[-147.16,60.97],[-147.15,60.95],[-147.15,60.94],[-147.2,60.93],[-147.2,60.95],[-147.22,60.94],[-147.23,60.95],[-147.24,60.96],[-147.22,60.99],[-147.24,60.99],[-147.27,60.97],[-147.28,60.97],[-147.28,60.95],[-147.26,60.94],[-147.27,60.93],[-147.28,60.93],[-147.29,60.91],[-147.31,60.92],[-147.32,60.9],[-147.38,60.88],[-147.4,60.89],[-147.39,60.9],[-147.41,60.91],[-147.42,60.89],[-147.44,60.89],[-147.47,60.9],[-147.45,60.91],[-147.47,60.92],[-147.46,60.93],[-147.4,60.95],[-147.4,60.96],[-147.41,60.97],[-147.43,60.96],[-147.44,60.95],[-147.46,60.94],[-147.48,60.95],[-147.47,60.98],[-147.47,60.99],[-147.44,61],[-147.45,61.01],[-147.48,60.99],[-147.5,60.97],[-147.5,60.96],[-147.51,60.95],[-147.51,60.93],[-147.52,60.92],[-147.51,60.91],[-147.53,60.89],[-147.56,60.9],[-147.54,60.93],[-147.56,60.96],[-147.53,61.01],[-147.54,61.02],[-147.54,61.03],[-147.52,61.04],[-147.54,61.05],[-147.52,61.06],[-147.52,61.09],[-147.53,61.1],[-147.53,61.11],[-147.55,61.12],[-147.55,61.14],[-147.52,61.14],[-147.53,61.15],[-147.56,61.15],[-147.58,61.13],[-147.57,61.11],[-147.56,61.08],[-147.58,61.07],[-147.58,61.06],[-147.58,61.05],[-147.6,61.02],[-147.59,61.01],[-147.61,61.01],[-147.6,61],[-147.63,60.97],[-147.63,60.95],[-147.61,60.94],[-147.63,60.92],[-147.61,60.91],[-147.61,60.89],[-147.63,60.89],[-147.6,60.87],[-147.62,60.87],[-147.61,60.86],[-147.61,60.85],[-147.67,60.84],[-147.68,60.84],[-147.68,60.85],[-147.69,60.87],[-147.67,60.87],[-147.68,60.89],[-147.71,60.89],[-147.73,60.88],[-147.74,60.88],[-147.73,60.9],[-147.74,60.9],[-147.73,60.93],[-147.75,60.94],[-147.77,60.93],[-147.77,60.91],[-147.81,60.91],[-147.78,60.9],[-147.79,60.88],[-147.81,60.87],[-147.81,60.85],[-147.79,60.86],[-147.75,60.83],[-147.77,60.82],[-147.79,60.81],[-147.81,60.82],[-147.84,60.81],[-147.85,60.83],[-147.87,60.82],[-147.89,60.83],[-147.92,60.85],[-147.92,60.86],[-147.93,60.88],[-147.95,60.89],[-147.95,60.9],[-147.97,60.9],[-147.98,60.91],[-148.01,60.91],[-148.04,60.92],[-148.05,60.93],[-148.07,60.93],[-148.07,60.94],[-148,60.97],[-148.01,60.98],[-147.99,60.99],[-147.97,61],[-147.97,61.02],[-147.96,61.04],[-147.95,61.05],[-147.95,61.07],[-147.94,61.08],[-147.91,61.09],[-147.89,61.11],[-147.87,61.11],[-147.84,61.14],[-147.81,61.16],[-147.77,61.18],[-147.71,61.2],[-147.69,61.22],[-147.7,61.22],[-147.73,61.22],[-147.73,61.21],[-147.76,61.21],[-147.75,61.23],[-147.73,61.24],[-147.72,61.25],[-147.7,61.27],[-147.71,61.27],[-147.74,61.27],[-147.79,61.24],[-147.84,61.19],[-147.88,61.16],[-147.92,61.14],[-147.93,61.14],[-147.95,61.13],[-147.97,61.12],[-147.99,61.11],[-148,61.09],[-148.01,61.08],[-148.01,61.06],[-148.01,61.05],[-148.06,61.02],[-148.07,61.01],[-148.1,61.01],[-148.11,61.03],[-148.14,61.04],[-148.13,61.07],[-148.15,61.09],[-148.17,61.07],[-148.17,61.05],[-148.17,61.04],[-148.18,61.01],[-148.18,61],[-148.21,60.98],[-148.2,60.97],[-148.22,60.95],[-148.25,60.95],[-148.25,60.93],[-148.28,60.93],[-148.28,60.94],[-148.31,60.95],[-148.33,60.96],[-148.34,60.95],[-148.31,60.94],[-148.3,60.92],[-148.28,60.91],[-148.29,60.89],[-148.33,60.9],[-148.32,60.89],[-148.3,60.88],[-148.31,60.87],[-148.31,60.86],[-148.32,60.83],[-148.34,60.83],[-148.34,60.84],[-148.39,60.86],[-148.41,60.85],[-148.4,60.84],[-148.38,60.83],[-148.35,60.82],[-148.36,60.8],[-148.4,60.8],[-148.44,60.83],[-148.48,60.83],[-148.5,60.83],[-148.53,60.83],[-148.53,60.82],[-148.55,60.82],[-148.57,60.82],[-148.6,60.82],[-148.62,60.82],[-148.69,60.79],[-148.73,60.79],[-148.73,60.78],[-148.67,60.78],[-148.63,60.79],[-148.59,60.8],[-148.57,60.8],[-148.57,60.79],[-148.55,60.8],[-148.48,60.81],[-148.47,60.8],[-148.46,60.79],[-148.48,60.78],[-148.51,60.78],[-148.55,60.78],[-148.6,60.76],[-148.64,60.75],[-148.65,60.73],[-148.69,60.71],[-148.69,60.69],[-148.67,60.69],[-148.67,60.71],[-148.64,60.72],[-148.63,60.71],[-148.66,60.69],[-148.72,60.67],[-148.68,60.66],[-148.64,60.68],[-148.63,60.69],[-148.6,60.7],[-148.6,60.71],[-148.58,60.74],[-148.54,60.75],[-148.54,60.76],[-148.52,60.77],[-148.49,60.76],[-148.48,60.76],[-148.46,60.75],[-148.46,60.76],[-148.44,60.77],[-148.41,60.78],[-148.39,60.77],[-148.38,60.76],[-148.4,60.76],[-148.39,60.75],[-148.38,60.74],[-148.39,60.73],[-148.43,60.71],[-148.41,60.7],[-148.41,60.69],[-148.4,60.69],[-148.41,60.67],[-148.46,60.65],[-148.44,60.64],[-148.45,60.63],[-148.44,60.62],[-148.41,60.64],[-148.4,60.65],[-148.35,60.65],[-148.36,60.66],[-148.38,60.67],[-148.35,60.69],[-148.35,60.7],[-148.31,60.72],[-148.3,60.75],[-148.28,60.76],[-148.24,60.76],[-148.27,60.74],[-148.26,60.73],[-148.27,60.72],[-148.27,60.69],[-148.25,60.69],[-148.24,60.66],[-148.21,60.66],[-148.21,60.64],[-148.22,60.63],[-148.2,60.62],[-148.21,60.6],[-148.25,60.59],[-148.26,60.58],[-148.28,60.59],[-148.29,60.57],[-148.32,60.55],[-148.33,60.53],[-148.34,60.53],[-148.36,60.53],[-148.38,60.54],[-148.39,60.54],[-148.43,60.55],[-148.44,60.56],[-148.46,60.55],[-148.44,60.53],[-148.44,60.52],[-148.42,60.52],[-148.39,60.52],[-148.38,60.51],[-148.38,60.5],[-148.41,60.49],[-148.39,60.49],[-148.35,60.5],[-148.35,60.49],[-148.37,60.49],[-148.37,60.47],[-148.34,60.48],[-148.33,60.48],[-148.3,60.48],[-148.28,60.49],[-148.28,60.47],[-148.27,60.46],[-148.29,60.44],[-148.27,60.44],[-148.25,60.45],[-148.24,60.46],[-148.25,60.49],[-148.26,60.5],[-148.24,60.53],[-148.18,60.56],[-148.16,60.58],[-148.13,60.58],[-148.12,60.6],[-148.09,60.59],[-148.08,60.56],[-148.06,60.57],[-148.05,60.56],[-148.07,60.55],[-148.08,60.53],[-148.07,60.53],[-148.05,60.55],[-148.01,60.54],[-148.02,60.52],[-147.99,60.52],[-147.97,60.51],[-147.97,60.5],[-147.98,60.49],[-148,60.47],[-148.03,60.47],[-148.07,60.46],[-148.06,60.45],[-148.02,60.46],[-147.99,60.45],[-147.97,60.46],[-147.96,60.46],[-147.94,60.44],[-147.98,60.42],[-148.01,60.42],[-148,60.41],[-148.04,60.4],[-148.07,60.39],[-148.11,60.41],[-148.1,60.39],[-148.09,60.38],[-148.1,60.37],[-148.13,60.38],[-148.16,60.4],[-148.16,60.38],[-148.14,60.38],[-148.13,60.36],[-148.14,60.35],[-148.17,60.33],[-148.22,60.35],[-148.24,60.36],[-148.27,60.36],[-148.26,60.35],[-148.24,60.35],[-148.22,60.34],[-148.22,60.32],[-148.22,60.31],[-148.25,60.28],[-148.27,60.28],[-148.3,60.26],[-148.33,60.26],[-148.32,60.25],[-148.35,60.25],[-148.35,60.26],[-148.34,60.28],[-148.35,60.29],[-148.38,60.29],[-148.4,60.28],[-148.4,60.26],[-148.37,60.26],[-148.36,60.24],[-148.35,60.23],[-148.4,60.2],[-148.45,60.18],[-148.43,60.18],[-148.41,60.19],[-148.38,60.2],[-148.36,60.2],[-148.34,60.22],[-148.33,60.22],[-148.3,60.23],[-148.28,60.25],[-148.25,60.25],[-148.24,60.26],[-148.21,60.26],[-148.19,60.25],[-148.21,60.24],[-148.26,60.24],[-148.26,60.23],[-148.23,60.22],[-148.2,60.21],[-148.21,60.19],[-148.21,60.17],[-148.23,60.16],[-148.21,60.15],[-148.2,60.16],[-148.18,60.17],[-148.19,60.19],[-148.16,60.2],[-148.16,60.22],[-148.16,60.23],[-148.14,60.24],[-148.11,60.22],[-148.1,60.22],[-148.12,60.2],[-148.13,60.17],[-148.16,60.15],[-148.21,60.14],[-148.24,60.12],[-148.26,60.12],[-148.29,60.11],[-148.3,60.11],[-148.31,60.12],[-148.29,60.15],[-148.31,60.16],[-148.35,60.17],[-148.37,60.15],[-148.35,60.14],[-148.38,60.13],[-148.37,60.12],[-148.4,60.11],[-148.39,60.09],[-148.37,60.09],[-148.38,60.06],[-148.4,60.05],[-148.41,60.03],[-148.44,60.03],[-148.41,60.01],[-148.42,59.99],[-148.41,59.98],[-148.42,59.97],[-148.43,59.96],[-148.44,59.95],[-148.46,59.94],[-148.47,59.95],[-148.49,59.96],[-148.48,59.96],[-148.5,59.98],[-148.5,59.99],[-148.5,60],[-148.52,60],[-148.53,60.01],[-148.55,60.01],[-148.55,60],[-148.55,59.97],[-148.57,59.97],[-148.59,59.97],[-148.57,59.96],[-148.61,59.93],[-148.64,59.92],[-148.68,59.92],[-148.68,59.94],[-148.7,59.94],[-148.73,59.94],[-148.75,59.96],[-148.77,59.96],[-148.8,59.95],[-148.82,59.94],[-148.85,59.92],[-148.88,59.93],[-148.89,59.94],[-148.91,59.94],[-148.93,59.96],[-148.92,59.97],[-148.96,59.97],[-148.98,59.97],[-149.01,59.95],[-149.04,59.95],[-149.05,59.97],[-149.08,59.95],[-149.11,59.96],[-149.13,59.96],[-149.13,59.98],[-149.09,60.01],[-149.08,60.01],[-149.07,60.02],[-149.04,60.04],[-149.07,60.05],[-149.05,60.07],[-149.01,60.08],[-149.03,60.09],[-149.06,60.07],[-149.07,60.06],[-149.11,60.04],[-149.13,60.05],[-149.15,60.03],[-149.18,60.03],[-149.18,60.01],[-149.2,60],[-149.22,60],[-149.22,59.97],[-149.24,59.96],[-149.24,59.95],[-149.24,59.94],[-149.26,59.92],[-149.29,59.91],[-149.27,59.91],[-149.26,59.9],[-149.3,59.88],[-149.31,59.89],[-149.3,59.91],[-149.32,59.92],[-149.34,59.9],[-149.38,59.9],[-149.35,59.92],[-149.37,59.92],[-149.35,59.95],[-149.32,59.95],[-149.31,59.98],[-149.33,59.97],[-149.34,59.99],[-149.31,60.01],[-149.33,60.01],[-149.34,60.01],[-149.35,60.04],[-149.36,60.05],[-149.35,60.07],[-149.36,60.08],[-149.38,60.09],[-149.38,60.11],[-149.38,60.12],[-149.39,60.12],[-149.44,60.12],[-149.46,60.1],[-149.44,60.07],[-149.45,60.07],[-149.45,60.03],[-149.43,60.02],[-149.4,59.99],[-149.44,59.98],[-149.47,59.92],[-149.49,59.93],[-149.52,59.93],[-149.57,59.9],[-149.56,59.89],[-149.56,59.88],[-149.59,59.87],[-149.58,59.85],[-149.62,59.84],[-149.63,59.82],[-149.61,59.8],[-149.59,59.78],[-149.59,59.77],[-149.57,59.78],[-149.54,59.78],[-149.56,59.75],[-149.54,59.73],[-149.53,59.72],[-149.53,59.7],[-149.55,59.71],[-149.55,59.72],[-149.58,59.73],[-149.59,59.74],[-149.6,59.75],[-149.61,59.73],[-149.64,59.73],[-149.64,59.74],[-149.62,59.74],[-149.62,59.75],[-149.59,59.75],[-149.59,59.76],[-149.62,59.76],[-149.61,59.77],[-149.63,59.78],[-149.64,59.76],[-149.66,59.77],[-149.63,59.79],[-149.62,59.8],[-149.67,59.81],[-149.67,59.85],[-149.65,59.86],[-149.63,59.87],[-149.67,59.88],[-149.66,59.89],[-149.66,59.91],[-149.67,59.92],[-149.68,59.93],[-149.69,59.95],[-149.73,59.95],[-149.75,59.94],[-149.74,59.92],[-149.73,59.9],[-149.73,59.89],[-149.75,59.89],[-149.75,59.88],[-149.76,59.86],[-149.76,59.84],[-149.75,59.83],[-149.76,59.82],[-149.8,59.85],[-149.84,59.85],[-149.86,59.84],[-149.82,59.83],[-149.81,59.81],[-149.77,59.79],[-149.79,59.79],[-149.78,59.77],[-149.79,59.77],[-149.78,59.76],[-149.76,59.75],[-149.78,59.74],[-149.76,59.74],[-149.75,59.72],[-149.74,59.71],[-149.75,59.71],[-149.74,59.69],[-149.77,59.69],[-149.75,59.66],[-149.76,59.65],[-149.79,59.67],[-149.83,59.68],[-149.82,59.69],[-149.8,59.7],[-149.82,59.71],[-149.82,59.72],[-149.86,59.72],[-149.85,59.73],[-149.86,59.74],[-149.89,59.74],[-149.9,59.75],[-149.9,59.76],[-149.92,59.77],[-149.98,59.77],[-150,59.78],[-150,59.79],[-150.03,59.8],[-150.03,59.79],[-150.06,59.79],[-150.06,59.78],[-150,59.75],[-149.97,59.75],[-149.96,59.74],[-149.98,59.72],[-149.96,59.72],[-149.94,59.73],[-149.93,59.71],[-149.93,59.7],[-149.92,59.69],[-149.94,59.66],[-149.99,59.65],[-150.01,59.66],[-150.02,59.66],[-150,59.64],[-150.02,59.63],[-150.05,59.62],[-150.05,59.64],[-150.06,59.66],[-150.09,59.66],[-150.11,59.68],[-150.12,59.67],[-150.11,59.66],[-150.09,59.65],[-150.11,59.63],[-150.1,59.62],[-150.11,59.61],[-150.14,59.61],[-150.15,59.63],[-150.16,59.62],[-150.16,59.61],[-150.13,59.59],[-150.09,59.58],[-150.11,59.58],[-150.12,59.57],[-150.17,59.56],[-150.2,59.57],[-150.19,59.58],[-150.21,59.58],[-150.21,59.56],[-150.19,59.55],[-150.18,59.54],[-150.2,59.53],[-150.23,59.53],[-150.24,59.53],[-150.27,59.53],[-150.27,59.52],[-150.25,59.52],[-150.24,59.5],[-150.27,59.49],[-150.29,59.5],[-150.3,59.49],[-150.29,59.49],[-150.3,59.48],[-150.32,59.49],[-150.32,59.47],[-150.38,59.46],[-150.4,59.47],[-150.39,59.48],[-150.36,59.48],[-150.35,59.49],[-150.38,59.49],[-150.37,59.51],[-150.35,59.5],[-150.35,59.51],[-150.37,59.52],[-150.36,59.53],[-150.31,59.53],[-150.35,59.54],[-150.33,59.56],[-150.3,59.58],[-150.31,59.6],[-150.27,59.63],[-150.29,59.64],[-150.26,59.66],[-150.25,59.7],[-150.23,59.7],[-150.22,59.73],[-150.23,59.73],[-150.25,59.73],[-150.27,59.71],[-150.29,59.69],[-150.29,59.67],[-150.31,59.66],[-150.33,59.63],[-150.36,59.61],[-150.39,59.57],[-150.42,59.59],[-150.44,59.58],[-150.42,59.56],[-150.44,59.51],[-150.45,59.51],[-150.45,59.5],[-150.47,59.48],[-150.48,59.46],[-150.51,59.46],[-150.52,59.47],[-150.52,59.48],[-150.49,59.49],[-150.48,59.51],[-150.52,59.5],[-150.55,59.5],[-150.56,59.51],[-150.53,59.52],[-150.54,59.52],[-150.56,59.52],[-150.58,59.53],[-150.57,59.54],[-150.52,59.57],[-150.51,59.6],[-150.53,59.6],[-150.57,59.6],[-150.57,59.58],[-150.6,59.57],[-150.6,59.55],[-150.61,59.54],[-150.63,59.54],[-150.65,59.55],[-150.67,59.54],[-150.65,59.53],[-150.62,59.52],[-150.62,59.51],[-150.58,59.5],[-150.58,59.47],[-150.63,59.47],[-150.66,59.47],[-150.59,59.45],[-150.61,59.43],[-150.66,59.43],[-150.71,59.44],[-150.75,59.42],[-150.75,59.41],[-150.76,59.39],[-150.77,59.39],[-150.78,59.37],[-150.8,59.37],[-150.81,59.36],[-150.84,59.36],[-150.85,59.35],[-150.87,59.33],[-150.89,59.32],[-150.91,59.32],[-150.93,59.31],[-150.95,59.3],[-150.93,59.3],[-150.9,59.28],[-150.89,59.27],[-150.91,59.25],[-150.94,59.24],[-150.96,59.23],[-150.99,59.24],[-151,59.23],[-151.01,59.22],[-151.03,59.22],[-151.02,59.23],[-151.03,59.25],[-150.99,59.26],[-151.03,59.27],[-151.04,59.28],[-151.05,59.29],[-151.05,59.3],[-151.03,59.32],[-151.05,59.33],[-151.05,59.31],[-151.08,59.29],[-151.1,59.27],[-151.13,59.28],[-151.14,59.3],[-151.16,59.29],[-151.19,59.29],[-151.22,59.31],[-151.24,59.3],[-151.28,59.31],[-151.32,59.31],[-151.26,59.29],[-151.25,59.29],[-151.22,59.29],[-151.19,59.28],[-151.11,59.25],[-151.12,59.22],[-151.16,59.2],[-151.23,59.22],[-151.24,59.21],[-151.26,59.21],[-151.26,59.22],[-151.31,59.25],[-151.3,59.23],[-151.29,59.22],[-151.31,59.21],[-151.33,59.22],[-151.35,59.22],[-151.4,59.25],[-151.4,59.27],[-151.43,59.25],[-151.45,59.26],[-151.46,59.24],[-151.48,59.25],[-151.53,59.23],[-151.52,59.22],[-151.48,59.22],[-151.47,59.21],[-151.51,59.21],[-151.5,59.2],[-151.53,59.2],[-151.58,59.21],[-151.6,59.19],[-151.62,59.18],[-151.58,59.18],[-151.59,59.16],[-151.63,59.17],[-151.7,59.16],[-151.74,59.16],[-151.76,59.17],[-151.77,59.18],[-151.76,59.22],[-151.73,59.21],[-151.73,59.22],[-151.77,59.22],[-151.81,59.21],[-151.86,59.21],[-151.88,59.21],[-151.92,59.23],[-151.91,59.24],[-151.82,59.24],[-151.85,59.25],[-151.87,59.25],[-151.92,59.25],[-151.94,59.26],[-151.96,59.25],[-151.98,59.26],[-151.99,59.28],[-151.98,59.28],[-151.99,59.31],[-151.98,59.32],[-151.97,59.33],[-151.97,59.35],[-151.93,59.35],[-151.92,59.36],[-151.88,59.36],[-151.86,59.36],[-151.85,59.37],[-151.88,59.39],[-151.9,59.39],[-151.89,59.43],[-151.86,59.43],[-151.85,59.44],[-151.81,59.44],[-151.78,59.45],[-151.75,59.45],[-151.75,59.43],[-151.73,59.42],[-151.71,59.4],[-151.69,59.4],[-151.7,59.42],[-151.72,59.42],[-151.72,59.46],[-151.71,59.47],[-151.69,59.47],[-151.67,59.48],[-151.66,59.49],[-151.64,59.49],[-151.59,59.48],[-151.56,59.47],[-151.55,59.47],[-151.54,59.46],[-151.49,59.48],[-151.46,59.47],[-151.45,59.48],[-151.47,59.49],[-151.48,59.51],[-151.41,59.51],[-151.41,59.52],[-151.46,59.51],[-151.45,59.53],[-151.45,59.54],[-151.44,59.55],[-151.42,59.55],[-151.39,59.54],[-151.38,59.54],[-151.38,59.55],[-151.37,59.56],[-151.32,59.55],[-151.3,59.56],[-151.27,59.56],[-151.25,59.55],[-151.25,59.57],[-151.3,59.57],[-151.32,59.58],[-151.31,59.58],[-151.28,59.57],[-151.28,59.6],[-151.26,59.6],[-151.22,59.6],[-151.22,59.59],[-151.2,59.59],[-151.19,59.61],[-151.22,59.63],[-151.18,59.65],[-151.16,59.66],[-151.13,59.67],[-151.12,59.68],[-151.13,59.69],[-151.12,59.7],[-151.08,59.72],[-151.05,59.72],[-151.06,59.74],[-151.03,59.75],[-151.03,59.76],[-151.01,59.76],[-150.99,59.76],[-150.98,59.78],[-150.96,59.79],[-151.01,59.79],[-150.99,59.8],[-151.06,59.8],[-151.09,59.79],[-151.12,59.78],[-151.14,59.77],[-151.16,59.76],[-151.17,59.75],[-151.23,59.73],[-151.25,59.72],[-151.3,59.7],[-151.34,59.69],[-151.38,59.68],[-151.44,59.67],[-151.45,59.65],[-151.48,59.64],[-151.46,59.62],[-151.43,59.61],[-151.43,59.6],[-151.49,59.63],[-151.53,59.64],[-151.54,59.64],[-151.6,59.64],[-151.65,59.65],[-151.71,59.67],[-151.73,59.68],[-151.76,59.69],[-151.79,59.7],[-151.84,59.72],[-151.86,59.74],[-151.87,59.78],[-151.86,59.78],[-151.86,59.8],[-151.84,59.81],[-151.82,59.84],[-151.81,59.87],[-151.81,59.88],[-151.79,59.89],[-151.76,59.92],[-151.75,59.94],[-151.74,59.96],[-151.73,59.99],[-151.73,60.01],[-151.71,60.03],[-151.68,60.05],[-151.65,60.07],[-151.64,60.09],[-151.6,60.11],[-151.53,60.14],[-151.51,60.16],[-151.46,60.19],[-151.42,60.23],[-151.4,60.27],[-151.4,60.28],[-151.39,60.31],[-151.4,60.32],[-151.39,60.37],[-151.36,60.38],[-151.35,60.38],[-151.32,60.39],[-151.31,60.39],[-151.31,60.4],[-151.3,60.43],[-151.3,60.44],[-151.29,60.49],[-151.29,60.51],[-151.28,60.54],[-151.26,60.53],[-151.23,60.54],[-151.24,60.55],[-151.28,60.55],[-151.32,60.56],[-151.34,60.58],[-151.35,60.59],[-151.36,60.64],[-151.38,60.66],[-151.4,60.68],[-151.42,60.71],[-151.42,60.72],[-151.37,60.74],[-151.35,60.74],[-151.3,60.74],[-151.27,60.75],[-151.27,60.77],[-151.25,60.77],[-151.17,60.78],[-151.09,60.78],[-151.04,60.79],[-151.04,60.8],[-150.97,60.83],[-150.9,60.85],[-150.89,60.86],[-150.86,60.87],[-150.83,60.88],[-150.79,60.91],[-150.76,60.92],[-150.71,60.94],[-150.69,60.95],[-150.66,60.96],[-150.6,60.97],[-150.58,60.98],[-150.54,60.99],[-150.5,61.01],[-150.46,61.01],[-150.4,61.03],[-150.38,61.04],[-150.36,61.03],[-150.35,61.02],[-150.33,61],[-150.32,60.98],[-150.28,60.95],[-150.24,60.93],[-150.16,60.91],[-150.07,60.91],[-150.05,60.92],[-150,60.92],[-149.99,60.93],[-149.92,60.93],[-149.91,60.94],[-149.86,60.96],[-149.82,60.97],[-149.77,60.96],[-149.74,60.96],[-149.71,60.95],[-149.7,60.95],[-149.67,60.94],[-149.65,60.92],[-149.63,60.92],[-149.58,60.93],[-149.54,60.93],[-149.53,60.92],[-149.48,60.91],[-149.44,60.9],[-149.41,60.9],[-149.4,60.9],[-149.36,60.89],[-149.3,60.89],[-149.26,60.89],[-149.25,60.89],[-149.19,60.89],[-149.15,60.87],[-149.12,60.87],[-149.11,60.86],[-149.08,60.86],[-149.06,60.85],[-149.06,60.83],[-149.04,60.83],[-149.02,60.82],[-149,60.82],[-149.01,60.83],[-149,60.84],[-149.05,60.86],[-149.06,60.88],[-149.12,60.91],[-149.14,60.91],[-149.18,60.93],[-149.21,60.94],[-149.25,60.93],[-149.32,60.93],[-149.35,60.92],[-149.37,60.92],[-149.39,60.94],[-149.44,60.95],[-149.47,60.97],[-149.52,60.98],[-149.56,60.98],[-149.62,60.98],[-149.64,60.99],[-149.69,61],[-149.74,61.01],[-149.76,61.02],[-149.77,61.03],[-149.79,61.04],[-149.81,61.06],[-149.83,61.07],[-149.91,61.1],[-149.95,61.11],[-150.03,61.14],[-150.07,61.15],[-150.07,61.16],[-150.03,61.18],[-150.02,61.2],[-150,61.2],[-149.97,61.2],[-149.93,61.21],[-149.9,61.22],[-149.89,61.24],[-149.88,61.26],[-149.85,61.28],[-149.84,61.3],[-149.82,61.31],[-149.78,61.32],[-149.73,61.33],[-149.72,61.35],[-149.72,61.37],[-149.71,61.38],[-149.67,61.39],[-149.64,61.39],[-149.59,61.41],[-149.55,61.41],[-149.52,61.43],[-149.5,61.43],[-149.47,61.44],[-149.39,61.47],[-149.37,61.47],[-149.32,61.48],[-149.32,61.49],[-149.38,61.49],[-149.38,61.48],[-149.41,61.48],[-149.42,61.48],[-149.44,61.48],[-149.46,61.49],[-149.45,61.5],[-149.46,61.51],[-149.48,61.5],[-149.53,61.5],[-149.59,61.49],[-149.61,61.5],[-149.63,61.49],[-149.71,61.46],[-149.74,61.45],[-149.77,61.44],[-149.78,61.42],[-149.8,61.41],[-149.81,61.4],[-149.88,61.38],[-149.89,61.36],[-149.92,61.33],[-149.91,61.31],[-149.93,61.26],[-149.94,61.25],[-149.97,61.25],[-149.99,61.24],[-150.06,61.25],[-150.12,61.26],[-150.14,61.25],[-150.2,61.26],[-150.26,61.25],[-150.28,61.25],[-150.31,61.26],[-150.32,61.25],[-150.34,61.25],[-150.42,61.25],[-150.48,61.24],[-150.52,61.26],[-150.54,61.28],[-150.56,61.3],[-150.59,61.3],[-150.59,61.28],[-150.61,61.28],[-150.63,61.29],[-150.65,61.3],[-150.67,61.3],[-150.67,61.28],[-150.68,61.26],[-150.71,61.25],[-150.74,61.25],[-150.77,61.24],[-150.84,61.23],[-150.89,61.21],[-150.96,61.21],[-150.97,61.19],[-151,61.18],[-151.04,61.17],[-151.09,61.12],[-151.12,61.09],[-151.13,61.08],[-151.14,61.06],[-151.17,61.04],[-151.21,61.04],[-151.27,61.04],[-151.31,61.03],[-151.33,61.02],[-151.36,61.01],[-151.42,61.01],[-151.43,61.01],[-151.49,61.01],[-151.51,61],[-151.53,61],[-151.63,60.96],[-151.66,60.93],[-151.69,60.92],[-151.73,60.92],[-151.73,60.9],[-151.8,60.86],[-151.8,60.84],[-151.79,60.81],[-151.74,60.77],[-151.73,60.75],[-151.72,60.74],[-151.71,60.72],[-151.72,60.71],[-151.75,60.71],[-151.78,60.72],[-151.82,60.73],[-151.85,60.75],[-151.88,60.75],[-151.86,60.74],[-151.88,60.73],[-151.92,60.72],[-151.99,60.69],[-152,60.68],[-152.05,60.66],[-152.05,60.65],[-152.07,60.64],[-152.1,60.6],[-152.14,60.59],[-152.2,60.57],[-152.26,60.54],[-152.31,60.51],[-152.32,60.49],[-152.34,60.47],[-152.34,60.45],[-152.32,60.43],[-152.31,60.42],[-152.27,60.41],[-152.25,60.39],[-152.3,60.37],[-152.32,60.36],[-152.36,60.36],[-152.38,60.35],[-152.39,60.33],[-152.39,60.32],[-152.4,60.3],[-152.42,60.29],[-152.45,60.29],[-152.5,60.27],[-152.53,60.26],[-152.55,60.24],[-152.55,60.23],[-152.57,60.23],[-152.61,60.22],[-152.64,60.23],[-152.65,60.24],[-152.67,60.24],[-152.7,60.24],[-152.72,60.24],[-152.76,60.24],[-152.76,60.23],[-152.8,60.23],[-152.83,60.24],[-152.85,60.24],[-152.85,60.25],[-152.82,60.25],[-152.83,60.26],[-152.86,60.26],[-152.89,60.25],[-152.9,60.25],[-152.9,60.27],[-152.89,60.28],[-152.9,60.29],[-152.93,60.3],[-152.97,60.31],[-153.01,60.3],[-152.94,60.29],[-152.94,60.26],[-152.94,60.24],[-152.92,60.24],[-152.91,60.23],[-152.87,60.22],[-152.84,60.2],[-152.77,60.2],[-152.76,60.19],[-152.75,60.18],[-152.71,60.17],[-152.68,60.17],[-152.68,60.15],[-152.69,60.14],[-152.67,60.13],[-152.66,60.12],[-152.65,60.12],[-152.63,60.11],[-152.61,60.11],[-152.59,60.09],[-152.57,60.08],[-152.58,60.06],[-152.58,60.04],[-152.61,60.02],[-152.6,60.02],[-152.62,60.01],[-152.67,59.98],[-152.68,59.97],[-152.7,59.94],[-152.71,59.92],[-152.73,59.91],[-152.81,59.89],[-152.81,59.88],[-152.85,59.88],[-152.87,59.88],[-152.89,59.88],[-152.95,59.88],[-152.96,59.88],[-153.01,59.89],[-153.05,59.88],[-153.07,59.87],[-153.12,59.87],[-153.21,59.86],[-153.22,59.87],[-153.25,59.84],[-153.28,59.83],[-153.29,59.82],[-153.29,59.81],[-153.26,59.82],[-153.24,59.83],[-153.21,59.83],[-153.19,59.82],[-153.15,59.81],[-153.12,59.81],[-153.09,59.83],[-153.07,59.83],[-153.03,59.83],[-153,59.83],[-153,59.82],[-152.99,59.81],[-153,59.79],[-153.02,59.76],[-153.03,59.74],[-153.04,59.73],[-153.04,59.72],[-153.06,59.69],[-153.13,59.68],[-153.14,59.68],[-153.15,59.67],[-153.16,59.66],[-153.19,59.65],[-153.22,59.64],[-153.25,59.63],[-153.27,59.65],[-153.29,59.67],[-153.32,59.67],[-153.3,59.63],[-153.31,59.63],[-153.35,59.62],[-153.39,59.64],[-153.42,59.64],[-153.42,59.65],[-153.39,59.67],[-153.39,59.68],[-153.38,59.7],[-153.38,59.71],[-153.35,59.72],[-153.36,59.74],[-153.38,59.73],[-153.4,59.74],[-153.42,59.75],[-153.43,59.77],[-153.46,59.77],[-153.47,59.76],[-153.46,59.75],[-153.46,59.74],[-153.45,59.72],[-153.45,59.7],[-153.46,59.68],[-153.48,59.64],[-153.51,59.64],[-153.52,59.64],[-153.54,59.63],[-153.57,59.62],[-153.58,59.64],[-153.6,59.65],[-153.61,59.68],[-153.63,59.68],[-153.63,59.64],[-153.7,59.64],[-153.7,59.63],[-153.68,59.62],[-153.65,59.63],[-153.62,59.63],[-153.61,59.62],[-153.59,59.61],[-153.56,59.61],[-153.55,59.6],[-153.57,59.57],[-153.59,59.55],[-153.64,59.56],[-153.69,59.55],[-153.72,59.55],[-153.74,59.55],[-153.76,59.55],[-153.78,59.53],[-153.8,59.55],[-153.82,59.55],[-153.83,59.54],[-153.81,59.54],[-153.79,59.53],[-153.78,59.53],[-153.73,59.5],[-153.71,59.49],[-153.71,59.47],[-153.74,59.45],[-153.74,59.44],[-153.76,59.43],[-153.81,59.42],[-153.83,59.42],[-153.88,59.43],[-153.91,59.42],[-153.93,59.4],[-153.96,59.38],[-153.97,59.37],[-153.97,59.36],[-154.01,59.34],[-154.03,59.33],[-154.07,59.32],[-154.12,59.3],[-154.14,59.27],[-154.15,59.25],[-154.14,59.24],[-154.14,59.22],[-154.13,59.21],[-154.13,59.2],[-154.16,59.2],[-154.19,59.19],[-154.17,59.18],[-154.19,59.17],[-154.22,59.17],[-154.24,59.17],[-154.24,59.15],[-154.27,59.14],[-154.27,59.13],[-154.25,59.12],[-154.21,59.13],[-154.18,59.12],[-154.17,59.1],[-154.2,59.09],[-154.19,59.08],[-154.2,59.07],[-154.2,59.06],[-154.19,59.04],[-154.18,59.02],[-154.17,59.02],[-154.14,59.02],[-154.14,59.03],[-154.11,59.04],[-154.09,59.06],[-154.07,59.07],[-154.02,59.07],[-153.97,59.07],[-153.92,59.06],[-153.89,59.06],[-153.86,59.06],[-153.83,59.06],[-153.81,59.07],[-153.77,59.07],[-153.75,59.07],[-153.72,59.08],[-153.71,59.08],[-153.68,59.06],[-153.63,59.01],[-153.62,59.01],[-153.59,58.99],[-153.55,58.98],[-153.52,58.98],[-153.51,58.99],[-153.48,59],[-153.47,58.98],[-153.45,58.97],[-153.41,58.97],[-153.4,58.95],[-153.37,58.92],[-153.33,58.92],[-153.34,58.9],[-153.32,58.88],[-153.34,58.87],[-153.34,58.86],[-153.31,58.85],[-153.28,58.86],[-153.26,58.86],[-153.25,58.85],[-153.28,58.84],[-153.31,58.84],[-153.33,58.85],[-153.36,58.84],[-153.38,58.81],[-153.38,58.79],[-153.39,58.75],[-153.42,58.73],[-153.44,58.71],[-153.46,58.71],[-153.49,58.71],[-153.52,58.69],[-153.54,58.69],[-153.56,58.68],[-153.58,58.66],[-153.59,58.63],[-153.63,58.63],[-153.66,58.61],[-153.76,58.6],[-153.8,58.6],[-153.84,58.61],[-153.89,58.61],[-153.9,58.61],[-153.91,58.59],[-153.9,58.57],[-153.92,58.54],[-153.93,58.52],[-153.94,58.53],[-153.96,58.52],[-153.95,58.51],[-153.91,58.51],[-153.94,58.49],[-153.96,58.49],[-154,58.49],[-154.05,58.49],[-154.07,58.49],[-154.09,58.47],[-154.08,58.46],[-154.07,58.43],[-154.05,58.41],[-154.01,58.4],[-153.99,58.39],[-154,58.39],[-154.01,58.38],[-154.05,58.37],[-154.05,58.36],[-154.07,58.35],[-154.1,58.36],[-154.11,58.35],[-154.13,58.35],[-154.16,58.36],[-154.18,58.36],[-154.2,58.35],[-154.18,58.34],[-154.2,58.33],[-154.22,58.34],[-154.29,58.31],[-154.3,58.31],[-154.33,58.3],[-154.32,58.3],[-154.36,58.28],[-154.34,58.26],[-154.31,58.27],[-154.29,58.26],[-154.26,58.27],[-154.27,58.29],[-154.26,58.3],[-154.22,58.3],[-154.22,58.29],[-154.21,58.29],[-154.19,58.31],[-154.21,58.31],[-154.2,58.32],[-154.19,58.32],[-154.16,58.32],[-154.14,58.29],[-154.11,58.28],[-154.13,58.27],[-154.16,58.27],[-154.2,58.26],[-154.21,58.25],[-154.15,58.23],[-154.15,58.21],[-154.18,58.21],[-154.17,58.2],[-154.18,58.19],[-154.22,58.18],[-154.28,58.19],[-154.3,58.19],[-154.29,58.18],[-154.26,58.16],[-154.24,58.16],[-154.22,58.14],[-154.23,58.13],[-154.27,58.13],[-154.3,58.14],[-154.3,58.15],[-154.34,58.16],[-154.34,58.15],[-154.34,58.13],[-154.32,58.11],[-154.32,58.09],[-154.33,58.08],[-154.34,58.08],[-154.34,58.09],[-154.37,58.1],[-154.38,58.12],[-154.42,58.14],[-154.44,58.16],[-154.44,58.17],[-154.45,58.18],[-154.49,58.19],[-154.47,58.18],[-154.46,58.16],[-154.47,58.15],[-154.46,58.13],[-154.46,58.11],[-154.45,58.09],[-154.47,58.08],[-154.48,58.08],[-154.49,58.09],[-154.53,58.1],[-154.55,58.1],[-154.56,58.11],[-154.6,58.12],[-154.6,58.1],[-154.58,58.1],[-154.56,58.09],[-154.56,58.08],[-154.55,58.07],[-154.54,58.06],[-154.56,58.05],[-154.57,58.03],[-154.61,58.03],[-154.65,58.03],[-154.65,58.06],[-154.68,58.07],[-154.72,58.06],[-154.74,58.03],[-154.73,58.02],[-154.74,58.01],[-154.76,58.01],[-154.78,58],[-154.81,58],[-154.83,58.01],[-154.83,58.02],[-154.87,58.02],[-154.87,58.03],[-154.9,58.03],[-154.93,58.03],[-154.97,58.03],[-154.97,58.01],[-154.99,58.01],[-155.02,58.02],[-155.04,58.02],[-155.05,58.01],[-155.03,58],[-155.04,57.98],[-155.03,57.97],[-155.06,57.95],[-155.09,57.95],[-155.12,57.94],[-155.1,57.92],[-155.07,57.9],[-155.08,57.89],[-155.09,57.87],[-155.16,57.86],[-155.19,57.86],[-155.21,57.87],[-155.24,57.85],[-155.22,57.85],[-155.22,57.84],[-155.24,57.83],[-155.28,57.82],[-155.33,57.83],[-155.34,57.82],[-155.33,57.81],[-155.34,57.81],[-155.32,57.79],[-155.33,57.79],[-155.35,57.8],[-155.37,57.79],[-155.33,57.78],[-155.32,57.77],[-155.29,57.76],[-155.3,57.72],[-155.34,57.72],[-155.36,57.71],[-155.39,57.71],[-155.4,57.73],[-155.42,57.74],[-155.47,57.74],[-155.48,57.75],[-155.51,57.76],[-155.53,57.77],[-155.54,57.78],[-155.57,57.79],[-155.59,57.79],[-155.62,57.77],[-155.62,57.76],[-155.61,57.75],[-155.63,57.73],[-155.64,57.7],[-155.61,57.68],[-155.58,57.69],[-155.58,57.68],[-155.6,57.66],[-155.64,57.65],[-155.66,57.65],[-155.68,57.65],[-155.71,57.63],[-155.74,57.63],[-155.76,57.64],[-155.78,57.64],[-155.77,57.63],[-155.75,57.62],[-155.73,57.61],[-155.74,57.6],[-155.73,57.58],[-155.74,57.56],[-155.73,57.55],[-155.74,57.54],[-155.79,57.54],[-155.83,57.55],[-155.82,57.56],[-155.82,57.57],[-155.84,57.57],[-155.86,57.56],[-155.86,57.55],[-155.89,57.54],[-155.91,57.55],[-155.91,57.53],[-155.93,57.53],[-155.97,57.54],[-155.99,57.55],[-156.03,57.57],[-156.05,57.56],[-156.03,57.52],[-156.06,57.52],[-156.04,57.5],[-156.05,57.49],[-156.04,57.48],[-156.04,57.46],[-156.02,57.45],[-156.03,57.43],[-156.07,57.43],[-156.11,57.44],[-156.11,57.45],[-156.13,57.46],[-156.12,57.47],[-156.1,57.48],[-156.14,57.47],[-156.16,57.47],[-156.18,57.48],[-156.2,57.48],[-156.21,57.47],[-156.22,57.44],[-156.33,57.42],[-156.36,57.4],[-156.39,57.38],[-156.41,57.37],[-156.44,57.36],[-156.45,57.35],[-156.49,57.33],[-156.53,57.33],[-156.55,57.32],[-156.56,57.29],[-156.54,57.28],[-156.53,57.29],[-156.5,57.29],[-156.47,57.3],[-156.44,57.3],[-156.39,57.32],[-156.37,57.32],[-156.33,57.3],[-156.32,57.29],[-156.33,57.27],[-156.34,57.25],[-156.38,57.25],[-156.4,57.24],[-156.4,57.23],[-156.39,57.2],[-156.34,57.19],[-156.34,57.18],[-156.37,57.14],[-156.4,57.14],[-156.41,57.13],[-156.47,57.12],[-156.48,57.11],[-156.45,57.09],[-156.47,57.08],[-156.5,57.07],[-156.5,57.06],[-156.52,57.05],[-156.53,57.05],[-156.56,57.05],[-156.6,57.07],[-156.6,57.06],[-156.58,57.05],[-156.61,57.04],[-156.59,57.04],[-156.57,57.02],[-156.56,57.01],[-156.55,56.98],[-156.56,56.98],[-156.58,56.99],[-156.6,56.99],[-156.64,56.99],[-156.66,57],[-156.68,56.99],[-156.69,57.02],[-156.72,57.04],[-156.77,57.04],[-156.79,57.03],[-156.78,57.02],[-156.77,57],[-156.76,57],[-156.79,56.97],[-156.8,56.95],[-156.79,56.94],[-156.8,56.93],[-156.81,56.9],[-156.83,56.9],[-156.85,56.9],[-156.85,56.92],[-156.89,56.95],[-156.89,56.96],[-156.9,56.97],[-156.93,56.96],[-156.94,56.95],[-156.94,56.94],[-156.94,56.93],[-156.94,56.92],[-156.99,56.91],[-157.04,56.89],[-157.08,56.84],[-157.08,56.82],[-157.12,56.84],[-157.13,56.84],[-157.15,56.84],[-157.18,56.86],[-157.19,56.85],[-157.19,56.83],[-157.16,56.83],[-157.16,56.82],[-157.14,56.8],[-157.15,56.8],[-157.15,56.78],[-157.19,56.77],[-157.21,56.77],[-157.23,56.77],[-157.25,56.79],[-157.27,56.79],[-157.29,56.8],[-157.3,56.82],[-157.35,56.84],[-157.36,56.85],[-157.39,56.86],[-157.44,56.86],[-157.46,56.85],[-157.48,56.83],[-157.47,56.81],[-157.42,56.8],[-157.42,56.79],[-157.41,56.77],[-157.43,56.77],[-157.47,56.75],[-157.48,56.76],[-157.51,56.76],[-157.52,56.76],[-157.54,56.74],[-157.55,56.73],[-157.57,56.7],[-157.56,56.68],[-157.53,56.68],[-157.51,56.67],[-157.48,56.66],[-157.45,56.64],[-157.46,56.62],[-157.49,56.62],[-157.53,56.61],[-157.58,56.62],[-157.62,56.62],[-157.63,56.61],[-157.68,56.61],[-157.68,56.62],[-157.7,56.62],[-157.72,56.63],[-157.72,56.65],[-157.74,56.66],[-157.74,56.67],[-157.77,56.68],[-157.8,56.67],[-157.84,56.66],[-157.84,56.65],[-157.87,56.64],[-157.89,56.65],[-157.9,56.64],[-157.93,56.64],[-157.94,56.63],[-157.98,56.6],[-157.99,56.59],[-158.02,56.6],[-158.05,56.59],[-158.08,56.57],[-158.1,56.57],[-158.13,56.55],[-158.14,56.53],[-158.13,56.53],[-158.09,56.53],[-158.08,56.54],[-158.06,56.54],[-158.05,56.54],[-157.98,56.55],[-157.96,56.56],[-157.91,56.57],[-157.88,56.56],[-157.85,56.56],[-157.84,56.56],[-157.82,56.56],[-157.83,56.54],[-157.83,56.51],[-157.82,56.5],[-157.86,56.49],[-157.87,56.47],[-157.89,56.47],[-157.92,56.48],[-157.94,56.48],[-157.97,56.49],[-157.98,56.5],[-158.01,56.5],[-158.03,56.51],[-158.09,56.51],[-158.12,56.52],[-158.14,56.52],[-158.16,56.5],[-158.14,56.49],[-158.12,56.49],[-158.12,56.48],[-158.12,56.47],[-158.13,56.46],[-158.16,56.46],[-158.18,56.45],[-158.2,56.46],[-158.25,56.47],[-158.29,56.48],[-158.33,56.48],[-158.34,56.48],[-158.37,56.46],[-158.41,56.45],[-158.43,56.43],[-158.45,56.41],[-158.51,56.37],[-158.5,56.35],[-158.53,56.34],[-158.55,56.33],[-158.59,56.32],[-158.6,56.31],[-158.63,56.29],[-158.64,56.28],[-158.64,56.26],[-158.62,56.26],[-158.6,56.26],[-158.57,56.25],[-158.53,56.25],[-158.54,56.26],[-158.56,56.26],[-158.57,56.28],[-158.56,56.29],[-158.55,56.3],[-158.54,56.31],[-158.52,56.31],[-158.51,56.33],[-158.48,56.33],[-158.47,56.34],[-158.44,56.34],[-158.43,56.32],[-158.45,56.29],[-158.44,56.29],[-158.42,56.32],[-158.41,56.3],[-158.39,56.29],[-158.38,56.3],[-158.38,56.31],[-158.35,56.32],[-158.32,56.32],[-158.32,56.31],[-158.3,56.31],[-158.35,56.27],[-158.33,56.28],[-158.31,56.29],[-158.29,56.31],[-158.28,56.3],[-158.26,56.3],[-158.24,56.29],[-158.23,56.29],[-158.21,56.29],[-158.21,56.27],[-158.26,56.25],[-158.29,56.24],[-158.31,56.23],[-158.36,56.23],[-158.37,56.23],[-158.4,56.24],[-158.37,56.22],[-158.34,56.22],[-158.33,56.21],[-158.3,56.21],[-158.31,56.19],[-158.34,56.18],[-158.33,56.17],[-158.3,56.18],[-158.28,56.19],[-158.24,56.2],[-158.18,56.23],[-158.14,56.24],[-158.16,56.22],[-158.17,56.21],[-158.19,56.2],[-158.19,56.19],[-158.23,56.18],[-158.25,56.18],[-158.26,56.17],[-158.28,56.17],[-158.34,56.15],[-158.33,56.14],[-158.35,56.12],[-158.38,56.13],[-158.38,56.15],[-158.38,56.16],[-158.38,56.18],[-158.4,56.16],[-158.4,56.13],[-158.44,56.14],[-158.41,56.11],[-158.39,56.09],[-158.4,56.06],[-158.42,56.07],[-158.42,56.08],[-158.43,56.08],[-158.44,56.1],[-158.46,56.1],[-158.49,56.11],[-158.5,56.1],[-158.48,56.09],[-158.47,56.08],[-158.46,56.07],[-158.49,56.05],[-158.47,56.03],[-158.45,56.03],[-158.44,56.03],[-158.46,56.04],[-158.45,56.05],[-158.42,56.04],[-158.42,56.02],[-158.41,56.01],[-158.42,55.99],[-158.45,56.01],[-158.47,56.02],[-158.49,56.04],[-158.5,56.03],[-158.51,56.02],[-158.49,56],[-158.49,55.98],[-158.5,55.98],[-158.52,56],[-158.55,56.01],[-158.56,56.03],[-158.54,56.04],[-158.5,56.06],[-158.51,56.06],[-158.53,56.05],[-158.58,56.04],[-158.6,56.05],[-158.58,56.07],[-158.6,56.08],[-158.59,56.1],[-158.59,56.11],[-158.57,56.12],[-158.55,56.12],[-158.55,56.15],[-158.53,56.16],[-158.49,56.16],[-158.5,56.17],[-158.51,56.18],[-158.48,56.18],[-158.46,56.18],[-158.46,56.19],[-158.5,56.19],[-158.54,56.19],[-158.57,56.19],[-158.59,56.18],[-158.56,56.17],[-158.55,56.17],[-158.58,56.15],[-158.58,56.14],[-158.6,56.13],[-158.63,56.11],[-158.66,56.11],[-158.64,56.14],[-158.65,56.14],[-158.68,56.15],[-158.71,56.15],[-158.67,56.14],[-158.67,56.13],[-158.69,56.11],[-158.68,56.1],[-158.65,56.09],[-158.66,56.08],[-158.66,56.07],[-158.67,56.05],[-158.69,56.05],[-158.72,56.05],[-158.72,56.03],[-158.65,56.03],[-158.68,56.01],[-158.65,56],[-158.63,56],[-158.63,55.98],[-158.65,55.98],[-158.67,55.97],[-158.65,55.96],[-158.66,55.95],[-158.68,55.95],[-158.69,55.96],[-158.7,55.96],[-158.72,55.95],[-158.74,55.96],[-158.74,55.97],[-158.72,55.98],[-158.73,56.01],[-158.75,56.01],[-158.77,56.02],[-158.77,55.99],[-158.8,55.99],[-158.83,56.02],[-158.85,56.01],[-158.85,55.99],[-158.88,55.97],[-158.9,55.93],[-158.93,55.93],[-158.94,55.93],[-158.99,55.93],[-159,55.92],[-159,55.9],[-159,55.89],[-159.03,55.89],[-159.07,55.92],[-159.08,55.92],[-159.12,55.91],[-159.15,55.9],[-159.16,55.89],[-159.21,55.9],[-159.26,55.89],[-159.28,55.88],[-159.28,55.87],[-159.3,55.86],[-159.33,55.88],[-159.37,55.87],[-159.39,55.85],[-159.4,55.83],[-159.41,55.82],[-159.4,55.81],[-159.4,55.79],[-159.42,55.78],[-159.44,55.8],[-159.45,55.81],[-159.47,55.84],[-159.46,55.86],[-159.47,55.87],[-159.45,55.89],[-159.46,55.9],[-159.47,55.9],[-159.52,55.88],[-159.54,55.86],[-159.54,55.85],[-159.51,55.84],[-159.5,55.85],[-159.5,55.83],[-159.49,55.8],[-159.5,55.8],[-159.49,55.78],[-159.49,55.76],[-159.5,55.74],[-159.52,55.73],[-159.54,55.72],[-159.55,55.71],[-159.53,55.69],[-159.53,55.67],[-159.53,55.66],[-159.53,55.65],[-159.55,55.63],[-159.56,55.64],[-159.59,55.63],[-159.59,55.62],[-159.61,55.59],[-159.61,55.58],[-159.59,55.57],[-159.6,55.56],[-159.63,55.58],[-159.64,55.58],[-159.66,55.58],[-159.68,55.57],[-159.71,55.57],[-159.71,55.59],[-159.69,55.6],[-159.7,55.61],[-159.72,55.6],[-159.73,55.6],[-159.72,55.61],[-159.7,55.61],[-159.67,55.62],[-159.65,55.61],[-159.63,55.62],[-159.61,55.63],[-159.61,55.64],[-159.63,55.64],[-159.64,55.65],[-159.66,55.65],[-159.69,55.65],[-159.7,55.66],[-159.68,55.67],[-159.67,55.68],[-159.61,55.7],[-159.66,55.71],[-159.65,55.73],[-159.66,55.74],[-159.66,55.75],[-159.64,55.77],[-159.62,55.79],[-159.6,55.8],[-159.62,55.82],[-159.66,55.83],[-159.71,55.84],[-159.8,55.85],[-159.81,55.85],[-159.83,55.85],[-159.85,55.84],[-159.84,55.83],[-159.85,55.82],[-159.84,55.8],[-159.86,55.78],[-159.87,55.78],[-159.89,55.78],[-159.92,55.8],[-159.95,55.82],[-159.97,55.81],[-159.96,55.79],[-159.96,55.77],[-159.99,55.78],[-159.99,55.79],[-160.02,55.79],[-160.03,55.77],[-160.05,55.76],[-160.02,55.75],[-160.01,55.73],[-160.02,55.72],[-160.03,55.71],[-160.08,55.72],[-160.09,55.72],[-160.05,55.69],[-160.1,55.7],[-160.11,55.72],[-160.13,55.72],[-160.14,55.71],[-160.12,55.66],[-160.14,55.66],[-160.17,55.66],[-160.18,55.66],[-160.21,55.65],[-160.25,55.66],[-160.25,55.65],[-160.26,55.64],[-160.27,55.63],[-160.29,55.64],[-160.33,55.64],[-160.36,55.65],[-160.41,55.66],[-160.42,55.64],[-160.42,55.63],[-160.39,55.63],[-160.36,55.61],[-160.35,55.6],[-160.38,55.6],[-160.4,55.58],[-160.42,55.57],[-160.44,55.58],[-160.45,55.56],[-160.44,55.55],[-160.46,55.53],[-160.45,55.51],[-160.47,55.49],[-160.5,55.48],[-160.53,55.47],[-160.53,55.48],[-160.55,55.51],[-160.56,55.52],[-160.57,55.54],[-160.58,55.56],[-160.59,55.57],[-160.59,55.61],[-160.6,55.6],[-160.6,55.59],[-160.62,55.58],[-160.61,55.58],[-160.63,55.56],[-160.66,55.54],[-160.69,55.55],[-160.72,55.56],[-160.77,55.55],[-160.77,55.53],[-160.75,55.52],[-160.71,55.53],[-160.69,55.52],[-160.66,55.52],[-160.65,55.51],[-160.64,55.48],[-160.66,55.46],[-160.69,55.46],[-160.71,55.46],[-160.75,55.46],[-160.79,55.45],[-160.83,55.47],[-160.84,55.49],[-160.82,55.51],[-160.84,55.52],[-160.88,55.53],[-160.91,55.52],[-160.94,55.51],[-160.96,55.48],[-160.97,55.48],[-160.99,55.44],[-161.02,55.43],[-161.04,55.43],[-161.06,55.42],[-161.14,55.39],[-161.17,55.38],[-161.24,55.35],[-161.28,55.35],[-161.32,55.36],[-161.31,55.37],[-161.32,55.38],[-161.35,55.38],[-161.41,55.38],[-161.41,55.37],[-161.44,55.36],[-161.45,55.36],[-161.48,55.36],[-161.5,55.36],[-161.51,55.38],[-161.5,55.39],[-161.49,55.4],[-161.48,55.42],[-161.48,55.45],[-161.47,55.46],[-161.47,55.48],[-161.48,55.49],[-161.46,55.5],[-161.42,55.53],[-161.39,55.56],[-161.37,55.57],[-161.35,55.59],[-161.36,55.61],[-161.39,55.63],[-161.46,55.63],[-161.5,55.63],[-161.57,55.62],[-161.6,55.61],[-161.6,55.59],[-161.62,55.59],[-161.62,55.58],[-161.65,55.57],[-161.65,55.55],[-161.67,55.54],[-161.68,55.53],[-161.7,55.51],[-161.69,55.5],[-161.68,55.48],[-161.69,55.46],[-161.69,55.43],[-161.68,55.41],[-161.71,55.38],[-161.74,55.36],[-161.78,55.34],[-161.82,55.3],[-161.86,55.27],[-161.87,55.25],[-161.88,55.25],[-161.9,55.24],[-161.89,55.24],[-161.88,55.22],[-161.9,55.21],[-161.9,55.2],[-161.92,55.21],[-161.93,55.22],[-161.9,55.22],[-161.89,55.23],[-161.92,55.23],[-161.95,55.24],[-161.96,55.23],[-161.98,55.23],[-162.01,55.24],[-162.03,55.23],[-162.04,55.22],[-162.02,55.22],[-162.01,55.19],[-161.99,55.18],[-162.01,55.18],[-162.03,55.18],[-162.03,55.17],[-161.98,55.16],[-161.96,55.16],[-161.96,55.13],[-161.94,55.12],[-161.96,55.1],[-161.99,55.09],[-162.01,55.09],[-162.05,55.07],[-162.09,55.09],[-162.12,55.1],[-162.13,55.12],[-162.11,55.12],[-162.11,55.14],[-162.07,55.16],[-162.1,55.17],[-162.1,55.16],[-162.13,55.15],[-162.15,55.15],[-162.17,55.15],[-162.18,55.14],[-162.21,55.12],[-162.23,55.1],[-162.21,55.09],[-162.21,55.08],[-162.19,55.06],[-162.22,55.03],[-162.25,55.02],[-162.27,55.02],[-162.29,55.03],[-162.31,55.06],[-162.29,55.08],[-162.32,55.07],[-162.33,55.04],[-162.34,55.04],[-162.37,55.04],[-162.41,55.03],[-162.46,55.05],[-162.5,55.07],[-162.51,55.1],[-162.53,55.1],[-162.52,55.11],[-162.5,55.12],[-162.46,55.12],[-162.44,55.12],[-162.42,55.1],[-162.39,55.1],[-162.35,55.1],[-162.37,55.11],[-162.4,55.11],[-162.42,55.12],[-162.43,55.14],[-162.45,55.15],[-162.48,55.16],[-162.49,55.17],[-162.5,55.19],[-162.5,55.2],[-162.51,55.24],[-162.52,55.25],[-162.59,55.27],[-162.57,55.28],[-162.59,55.29],[-162.61,55.3],[-162.62,55.3],[-162.63,55.3],[-162.67,55.29],[-162.72,55.24],[-162.72,55.21],[-162.7,55.21],[-162.69,55.19],[-162.66,55.19],[-162.62,55.18],[-162.61,55.16],[-162.59,55.13],[-162.6,55.13],[-162.61,55.14],[-162.63,55.14],[-162.62,55.09],[-162.63,55.08],[-162.64,55.07],[-162.64,55.06],[-162.62,55.06],[-162.61,55.08],[-162.6,55.06],[-162.6,55.05],[-162.58,55.03],[-162.57,55],[-162.57,54.97],[-162.55,54.96],[-162.56,54.95],[-162.58,54.96],[-162.59,54.97],[-162.62,54.99],[-162.64,54.99],[-162.64,55],[-162.66,55.01],[-162.65,55.02],[-162.64,55.01],[-162.61,55.01],[-162.6,55.02],[-162.63,55.05],[-162.65,55.05],[-162.68,55.03],[-162.68,55.02],[-162.67,55],[-162.7,54.99],[-162.71,54.98],[-162.7,54.97],[-162.71,54.96],[-162.72,54.95],[-162.73,54.95],[-162.75,54.93],[-162.78,54.93],[-162.8,54.94],[-162.82,54.93],[-162.83,54.92],[-162.88,54.93],[-162.9,54.95],[-162.92,54.95],[-162.92,54.97],[-162.95,54.98],[-162.96,54.99],[-162.96,55.01],[-162.95,55.01],[-162.91,55.01],[-162.91,55.02],[-162.93,55.03],[-162.95,55.02],[-162.96,55.04],[-162.98,55.05],[-163,55.07],[-163.02,55.08],[-163.03,55.09],[-163.08,55.11],[-163.11,55.1],[-163.14,55.09],[-163.15,55.09],[-163.1,55.12],[-163.14,55.12],[-163.15,55.12],[-163.16,55.12],[-163.17,55.13],[-163.19,55.13],[-163.19,55.11],[-163.2,55.1],[-163.19,55.08],[-163.22,55.08],[-163.23,55.07],[-163.21,55.06],[-163.21,55.03],[-163.21,55.02],[-163.17,55.01],[-163.15,55.01],[-163.12,54.99],[-163.08,54.98],[-163.05,54.97],[-163.03,54.94],[-163.05,54.94],[-163.06,54.92],[-163.13,54.9],[-163.15,54.88],[-163.18,54.87],[-163.2,54.86],[-163.22,54.85],[-163.22,54.84],[-163.24,54.83],[-163.29,54.82],[-163.3,54.81],[-163.31,54.8],[-163.35,54.8],[-163.36,54.81],[-163.36,54.82],[-163.39,54.85],[-163.37,54.85],[-163.35,54.86],[-163.34,54.86],[-163.32,54.88],[-163.32,54.89],[-163.32,54.9],[-163.26,54.91],[-163.27,54.92],[-163.29,54.91],[-163.33,54.91],[-163.34,54.92],[-163.34,54.94],[-163.33,54.95],[-163.31,54.95],[-163.3,54.94],[-163.27,54.94],[-163.25,54.93],[-163.22,54.92],[-163.22,54.94],[-163.28,54.96],[-163.29,54.97],[-163.28,55],[-163.28,55.04],[-163.31,55.08],[-163.3,55.1],[-163.31,55.11],[-163.27,55.12],[-163.26,55.13],[-163.23,55.14],[-163.2,55.16],[-163.17,55.17],[-163.1,55.18],[-163.02,55.23],[-163.02,55.22],[-163.04,55.21],[-163.05,55.2],[-163.09,55.18],[-163.08,55.17],[-163.04,55.17],[-163.01,55.17],[-162.99,55.18],[-162.93,55.16],[-162.92,55.18],[-162.88,55.18],[-162.87,55.18],[-162.86,55.2],[-162.84,55.22],[-162.84,55.24],[-162.86,55.24],[-162.89,55.24],[-162.9,55.25],[-162.89,55.25],[-162.89,55.27],[-162.87,55.27],[-162.87,55.28],[-162.84,55.27],[-162.81,55.29],[-162.81,55.3],[-162.79,55.31],[-162.77,55.31],[-162.75,55.31],[-162.73,55.31],[-162.69,55.33],[-162.68,55.35],[-162.66,55.36],[-162.64,55.39],[-162.64,55.38],[-162.64,55.37],[-162.63,55.36],[-162.61,55.36],[-162.58,55.35],[-162.56,55.35],[-162.54,55.35],[-162.51,55.37],[-162.51,55.39],[-162.49,55.39],[-162.5,55.4],[-162.52,55.42],[-162.5,55.44],[-162.5,55.46],[-162.53,55.46],[-162.55,55.45],[-162.58,55.44],[-162.6,55.45],[-162.55,55.47],[-162.51,55.49],[-162.48,55.52],[-162.43,55.56],[-162.37,55.59],[-162.34,55.62],[-162.28,55.67],[-162.26,55.69],[-162.16,55.72],[-162.12,55.74],[-162.09,55.76],[-162.07,55.78],[-162.04,55.79],[-162,55.79],[-161.97,55.8],[-161.87,55.85],[-161.8,55.89],[-161.79,55.89],[-161.7,55.91],[-161.64,55.92],[-161.59,55.93],[-161.55,55.94],[-161.5,55.94],[-161.48,55.95],[-161.42,55.96],[-161.35,55.97],[-161.27,55.99],[-161.19,56.01],[-161.19,56],[-161.26,55.98],[-161.28,55.97],[-161.32,55.97],[-161.34,55.96],[-161.36,55.95],[-161.32,55.96],[-161.3,55.96],[-161.23,55.95],[-161.22,55.95],[-161.19,55.96],[-161.16,55.95],[-161.13,55.95],[-161.13,55.96],[-161.1,55.96],[-161.09,55.95],[-161.07,55.94],[-161.04,55.94],[-161.02,55.95],[-161.02,55.96],[-160.96,55.97],[-160.94,55.98],[-160.93,55.98],[-160.87,56],[-160.86,55.99],[-160.86,55.98],[-160.86,55.96],[-160.85,55.94],[-160.86,55.93],[-160.89,55.95],[-160.92,55.95],[-160.93,55.94],[-160.96,55.94],[-161.01,55.92],[-161.02,55.9],[-161.01,55.88],[-160.99,55.87],[-160.96,55.87],[-160.93,55.87],[-160.95,55.85],[-160.95,55.83],[-160.94,55.81],[-160.92,55.8],[-160.89,55.8],[-160.88,55.79],[-160.87,55.78],[-160.86,55.77],[-160.85,55.76],[-160.83,55.76],[-160.82,55.74],[-160.8,55.73],[-160.8,55.71],[-160.79,55.71],[-160.78,55.72],[-160.78,55.74],[-160.77,55.75],[-160.75,55.75],[-160.71,55.74],[-160.69,55.7],[-160.67,55.69],[-160.66,55.7],[-160.68,55.73],[-160.66,55.72],[-160.65,55.73],[-160.67,55.75],[-160.69,55.75],[-160.68,55.76],[-160.72,55.77],[-160.75,55.78],[-160.76,55.79],[-160.75,55.8],[-160.75,55.82],[-160.75,55.84],[-160.77,55.86],[-160.79,55.87],[-160.78,55.88],[-160.76,55.88],[-160.72,55.87],[-160.67,55.86],[-160.63,55.86],[-160.53,55.86],[-160.49,55.86],[-160.47,55.84],[-160.46,55.84],[-160.47,55.81],[-160.46,55.79],[-160.46,55.78],[-160.44,55.78],[-160.41,55.8],[-160.39,55.8],[-160.38,55.79],[-160.37,55.78],[-160.36,55.77],[-160.32,55.78],[-160.27,55.76],[-160.27,55.79],[-160.29,55.79],[-160.29,55.8],[-160.31,55.81],[-160.3,55.82],[-160.28,55.82],[-160.27,55.83],[-160.22,55.83],[-160.22,55.84],[-160.24,55.85],[-160.25,55.85],[-160.29,55.85],[-160.32,55.86],[-160.36,55.88],[-160.39,55.89],[-160.4,55.9],[-160.42,55.91],[-160.47,55.92],[-160.5,55.93],[-160.51,55.94],[-160.52,55.94],[-160.56,55.93],[-160.53,55.95],[-160.52,55.97],[-160.54,55.98],[-160.56,55.99],[-160.57,55.98],[-160.58,55.98],[-160.58,55.99],[-160.54,56.03],[-160.52,56.04],[-160.5,56.04],[-160.5,56.06],[-160.45,56.12],[-160.45,56.13],[-160.46,56.14],[-160.41,56.21],[-160.38,56.25],[-160.37,56.25],[-160.37,56.27],[-160.35,56.28],[-160.31,56.3],[-160.28,56.31],[-160.26,56.32],[-160.15,56.4],[-160.13,56.4],[-160.12,56.41],[-160.09,56.4],[-160.04,56.42],[-160.01,56.44],[-159.99,56.45],[-159.97,56.46],[-159.88,56.51],[-159.85,56.54],[-159.83,56.54],[-159.82,56.54],[-159.77,56.56],[-159.75,56.57],[-159.71,56.57],[-159.65,56.59],[-159.55,56.62],[-159.4,56.69],[-159.38,56.68],[-159.36,56.7],[-159.32,56.71],[-159.29,56.71],[-159.27,56.72],[-159.24,56.73],[-159.21,56.74],[-159.18,56.76],[-159.1,56.78],[-159.05,56.8],[-158.95,56.86],[-158.89,56.88],[-158.88,56.88],[-158.91,56.87],[-158.92,56.87],[-158.94,56.86],[-158.99,56.83],[-158.97,56.83],[-158.95,56.84],[-158.93,56.82],[-158.87,56.79],[-158.8,56.78],[-158.71,56.79],[-158.69,56.78],[-158.66,56.8],[-158.65,56.82],[-158.66,56.82],[-158.65,56.83],[-158.66,56.85],[-158.67,56.86],[-158.68,56.88],[-158.68,56.89],[-158.69,56.9],[-158.7,56.9],[-158.68,56.93],[-158.69,56.95],[-158.7,56.97],[-158.68,57.01],[-158.65,57.03],[-158.63,57.05],[-158.58,57.09],[-158.57,57.1],[-158.54,57.13],[-158.51,57.15],[-158.45,57.2],[-158.44,57.2],[-158.42,57.22],[-158.36,57.26],[-158.33,57.28],[-158.32,57.28],[-158.3,57.29],[-158.29,57.29],[-158.26,57.31],[-158.22,57.32],[-158.2,57.32],[-158.18,57.34],[-158.16,57.34],[-158.12,57.35],[-158.09,57.36],[-158.09,57.38],[-158.07,57.39],[-158.02,57.4],[-158,57.41],[-157.97,57.43],[-157.94,57.46],[-157.93,57.47],[-157.88,57.49],[-157.82,57.53],[-157.81,57.53],[-157.79,57.54],[-157.77,57.54],[-157.75,57.53],[-157.74,57.55],[-157.71,57.56],[-157.7,57.55],[-157.69,57.53],[-157.65,57.51],[-157.65,57.5],[-157.62,57.5],[-157.62,57.49],[-157.59,57.5],[-157.58,57.51],[-157.58,57.53],[-157.58,57.54],[-157.59,57.58],[-157.6,57.61],[-157.63,57.61],[-157.64,57.61],[-157.7,57.61],[-157.71,57.64],[-157.71,57.67],[-157.71,57.7],[-157.7,57.73],[-157.68,57.77],[-157.67,57.79],[-157.65,57.85],[-157.65,57.86],[-157.63,57.97],[-157.62,58],[-157.61,58.04],[-157.6,58.06],[-157.6,58.07],[-157.59,58.11],[-157.59,58.13],[-157.58,58.13],[-157.56,58.15],[-157.54,58.16],[-157.5,58.16],[-157.44,58.17],[-157.4,58.18],[-157.38,58.22],[-157.37,58.22],[-157.37,58.23],[-157.41,58.23],[-157.43,58.21],[-157.45,58.21],[-157.51,58.25],[-157.54,58.28],[-157.55,58.31],[-157.55,58.34],[-157.54,58.37],[-157.54,58.38],[-157.52,58.42],[-157.5,58.44],[-157.49,58.47],[-157.47,58.49],[-157.44,58.5],[-157.42,58.52],[-157.38,58.52],[-157.36,58.53],[-157.32,58.56],[-157.28,58.6],[-157.23,58.63],[-157.21,58.64],[-157.18,58.66],[-157.09,58.7],[-157.06,58.71],[-157.04,58.71],[-156.99,58.72],[-156.99,58.73],[-157.01,58.72],[-157.04,58.72],[-157.06,58.72],[-157.07,58.74],[-157.06,58.75],[-157.07,58.77],[-157.05,58.78],[-157.04,58.78],[-157,58.82],[-157,58.84],[-157.01,58.85],[-157.02,58.87],[-156.99,58.89],[-156.99,58.9],[-156.97,58.91],[-156.99,58.92],[-156.97,58.95],[-156.96,58.96],[-156.9,58.97],[-156.89,58.98],[-156.92,58.99],[-156.96,58.99],[-157,58.98],[-157.02,58.97],[-157.04,58.95],[-157.04,58.92],[-157.06,58.9],[-157.07,58.89],[-157.1,58.88],[-157.14,58.86],[-157.17,58.86],[-157.18,58.85],[-157.21,58.84],[-157.29,58.83],[-157.32,58.84],[-157.36,58.82],[-157.41,58.81],[-157.42,58.79],[-157.5,58.78],[-157.54,58.77],[-157.54,58.76],[-157.62,58.74],[-157.67,58.74],[-157.71,58.73],[-157.74,58.72],[-157.76,58.71],[-157.79,58.7],[-157.81,58.69],[-157.86,58.68],[-157.92,58.67],[-158,58.64],[-158.03,58.64],[-158.09,58.62],[-158.15,58.61],[-158.19,58.61],[-158.22,58.61],[-158.28,58.64],[-158.3,58.64],[-158.31,58.65],[-158.33,58.66],[-158.34,58.71],[-158.35,58.73],[-158.37,58.75],[-158.4,58.76],[-158.44,58.78],[-158.53,58.79],[-158.55,58.79],[-158.57,58.81],[-158.56,58.82],[-158.57,58.84],[-158.55,58.85],[-158.53,58.85],[-158.51,58.86],[-158.52,58.86],[-158.5,58.9],[-158.49,58.92],[-158.5,58.93],[-158.49,58.95],[-158.48,58.96],[-158.44,58.97],[-158.44,58.99],[-158.43,59.02],[-158.42,59.02],[-158.37,59.04],[-158.31,59.03],[-158.32,59.05],[-158.36,59.06],[-158.41,59.06],[-158.43,59.08],[-158.44,59.08],[-158.43,59.05],[-158.46,59.04],[-158.52,59.03],[-158.54,59.02],[-158.54,59],[-158.59,58.96],[-158.61,58.94],[-158.61,58.93],[-158.63,58.91],[-158.65,58.91],[-158.7,58.88],[-158.72,58.87],[-158.74,58.87],[-158.78,58.88],[-158.78,58.85],[-158.8,58.81],[-158.79,58.79],[-158.77,58.78],[-158.79,58.75],[-158.8,58.74],[-158.83,58.72],[-158.86,58.72],[-158.88,58.73],[-158.89,58.74],[-158.9,58.74],[-158.9,58.73],[-158.9,58.71],[-158.88,58.71],[-158.86,58.69],[-158.85,58.66],[-158.84,58.65],[-158.84,58.63],[-158.82,58.61],[-158.81,58.58],[-158.78,58.56],[-158.77,58.53],[-158.76,58.51],[-158.76,58.5],[-158.74,58.49],[-158.7,58.49],[-158.72,58.48],[-158.75,58.44],[-158.81,58.4],[-158.84,58.4],[-158.9,58.39],[-158.98,58.4],[-159.01,58.41],[-159.04,58.42],[-159.06,58.42],[-159.08,58.44],[-159.07,58.45],[-159.12,58.49],[-159.14,58.51],[-159.18,58.54],[-159.19,58.56],[-159.21,58.57],[-159.23,58.61],[-159.25,58.62],[-159.26,58.63],[-159.32,58.7],[-159.36,58.73],[-159.39,58.76],[-159.42,58.78],[-159.45,58.8],[-159.45,58.81],[-159.49,58.82],[-159.52,58.83],[-159.54,58.83],[-159.58,58.84],[-159.6,58.83],[-159.62,58.84],[-159.65,58.84],[-159.6,58.89],[-159.59,58.89],[-159.59,58.9],[-159.61,58.92],[-159.62,58.94],[-159.7,58.93],[-159.75,58.93],[-159.73,58.91],[-159.74,58.91],[-159.75,58.88],[-159.77,58.88],[-159.77,58.87],[-159.75,58.86],[-159.76,58.84],[-159.8,58.85],[-159.82,58.84],[-159.79,58.82],[-159.8,58.8],[-159.83,58.79],[-159.86,58.79],[-159.86,58.78],[-159.91,58.78],[-159.93,58.79],[-159.95,58.8],[-159.95,58.81],[-159.97,58.82],[-159.98,58.83],[-159.99,58.84],[-159.98,58.85],[-159.99,58.86],[-160.01,58.88],[-160.02,58.89],[-160.08,58.88],[-160.09,58.88],[-160.1,58.86],[-160.12,58.87],[-160.16,58.86],[-160.17,58.87],[-160.16,58.88],[-160.16,58.9],[-160.16,58.91],[-160.18,58.91],[-160.19,58.91],[-160.22,58.91],[-160.23,58.89],[-160.25,58.9],[-160.26,58.92],[-160.25,58.93],[-160.26,58.94],[-160.3,58.95],[-160.33,58.94],[-160.33,58.95],[-160.29,58.98],[-160.26,58.98],[-160.26,58.99],[-160.27,59.01],[-160.29,59.03],[-160.31,59.04],[-160.32,59.04],[-160.34,59.05],[-160.31,59.06],[-160.32,59.07],[-160.36,59.07],[-160.37,59.07],[-160.41,59.05],[-160.48,59.03],[-160.53,59.01],[-160.54,58.99],[-160.57,58.99],[-160.6,58.97],[-160.64,58.96],[-160.7,58.93],[-160.78,58.89],[-160.8,58.87],[-160.82,58.82],[-160.83,58.84],[-160.86,58.88],[-160.9,58.89],[-160.91,58.88],[-160.94,58.87],[-160.96,58.88],[-161,58.85],[-161.06,58.83],[-161.08,58.82],[-161.14,58.81],[-161.18,58.79],[-161.18,58.78],[-161.24,58.78],[-161.29,58.77],[-161.31,58.75],[-161.33,58.74],[-161.37,58.72],[-161.38,58.71],[-161.38,58.67],[-161.31,58.68],[-161.36,58.66],[-161.43,58.65],[-161.45,58.64],[-161.52,58.63],[-161.55,58.62],[-161.55,58.61],[-161.6,58.61],[-161.63,58.6],[-161.65,58.59],[-161.66,58.59],[-161.69,58.57],[-161.69,58.56],[-161.71,58.55],[-161.74,58.56],[-161.76,58.55],[-161.77,58.56],[-161.76,58.58],[-161.77,58.6],[-161.8,58.62],[-161.82,58.63],[-161.88,58.63],[-161.91,58.63],[-161.94,58.63],[-161.96,58.62],[-161.97,58.63],[-162.01,58.62],[-162.02,58.63],[-162.08,58.63],[-162.1,58.63],[-162.14,58.64],[-162.17,58.65],[-162.13,58.66],[-162.12,58.67],[-162.07,58.66],[-162.05,58.68],[-162.02,58.67],[-162,58.68],[-161.97,58.68],[-161.97,58.67],[-161.95,58.67],[-161.95,58.65],[-161.92,58.65],[-161.87,58.66],[-161.84,58.68],[-161.85,58.7],[-161.87,58.7],[-161.87,58.71],[-161.85,58.72],[-161.84,58.73],[-161.82,58.73],[-161.8,58.74],[-161.79,58.76],[-161.78,58.76],[-161.76,58.8],[-161.76,58.83],[-161.77,58.86],[-161.79,58.89],[-161.79,58.93],[-161.79,58.94],[-161.79,58.97],[-161.81,58.99],[-161.85,59.03],[-161.83,59.05],[-161.84,59.06],[-161.86,59.06],[-161.89,59.07],[-161.9,59.09],[-161.94,59.11],[-161.97,59.14],[-162,59.16],[-162,59.18],[-162.02,59.2],[-162.04,59.23],[-162.05,59.25],[-162.06,59.27],[-162.03,59.3],[-162.01,59.32],[-162,59.32],[-162.02,59.3],[-162.04,59.28],[-162.05,59.26],[-162.04,59.24],[-162.02,59.23],[-161.96,59.24],[-161.95,59.27],[-161.96,59.29],[-161.96,59.31],[-161.95,59.34],[-161.96,59.36],[-161.96,59.37],[-161.91,59.39],[-161.89,59.39],[-161.87,59.42],[-161.85,59.42],[-161.84,59.42],[-161.82,59.43],[-161.8,59.47],[-161.79,59.47],[-161.74,59.47],[-161.72,59.48],[-161.71,59.5],[-161.75,59.53],[-161.76,59.55],[-161.8,59.58],[-161.87,59.64],[-161.88,59.66],[-161.88,59.68],[-161.89,59.69],[-161.88,59.69],[-161.93,59.74],[-161.94,59.76],[-161.95,59.78],[-161.97,59.79],[-161.97,59.8],[-161.98,59.81],[-162.02,59.83],[-162.09,59.89],[-162.1,59.91],[-162.09,59.93],[-162.1,59.95],[-162.13,59.97],[-162.14,59.97],[-162.19,60],[-162.21,60.02],[-162.21,60.04],[-162.47,60.05],[-162.5,60],[-162.53,59.98],[-162.57,59.98],[-162.58,59.98],[-162.63,59.97],[-162.64,59.97],[-162.69,59.99],[-162.71,59.99],[-162.74,60],[-162.75,59.99],[-162.73,59.98],[-162.73,59.97],[-162.75,59.95],[-162.78,59.94],[-162.87,59.93],[-162.91,59.92],[-162.95,59.91],[-162.97,59.9],[-163,59.89],[-163.05,59.87],[-163.07,59.87],[-163.11,59.86],[-163.13,59.86],[-163.15,59.85],[-163.19,59.84],[-163.23,59.84],[-163.28,59.83],[-163.31,59.82],[-163.43,59.81],[-163.68,59.8],[-163.8,59.8],[-163.84,59.8],[-163.87,59.8],[-163.97,59.81],[-163.98,59.82],[-164,59.81],[-164.02,59.82],[-164.09,59.83],[-164.14,59.85],[-164.16,59.87],[-164.2,59.92],[-164.21,59.94],[-164.2,59.96],[-164.17,59.97],[-164.15,59.97],[-164.13,59.97],[-164.13,59.99],[-164.15,60],[-164.2,60.03],[-164.24,60.04],[-164.25,60.04],[-164.3,60.05],[-164.34,60.06],[-164.37,60.08],[-164.39,60.08],[-164.4,60.09],[-164.42,60.11],[-164.45,60.13],[-164.49,60.17],[-164.1,60.24],[-162.95,60.47],[-161.81,60.74],[-161.24,60.89],[-160.68,61.06],[-160.12,61.24],[-159.57,61.43],[-158.47,61.83],[-151.88,64.34],[-149.13,65.37],[-146.93,66.14],[-142.48,67.66],[-141.38,68.05],[-141.01,68.19],[-141.01,68],[-141,67.16],[-141,67.01],[-141,66.96],[-141,66.79],[-141,66.61],[-141,66.49],[-141,66.26],[-141,66.21],[-141,65.99],[-141,65.92],[-141,65.77],[-141,65.71],[-141,65.54],[-141,65.3],[-141,65],[-141,64.83],[-141,64.71],[-141,64.54],[-141,64.33],[-141,64.13],[-141,64.01],[-141,63.88],[-141,63.72],[-141,63.58],[-141,63.51],[-141,63.36],[-141,63.16],[-141,63.03],[-141,62.76],[-141,62.61],[-141,62.49],[-141,62.32],[-141,62.2],[-141,62.05],[-141,61.9],[-141,61.87],[-141,61.74],[-141,61.5],[-141,61.35],[-141,61.19],[-141,61.12],[-141,60.92],[-141,60.78],[-141,60.6],[-141,60.4],[-141,60.31],[-140.92,60.29],[-140.77,60.26],[-140.52,60.22],[-140.46,60.3],[-140.45,60.31],[-139.97,60.18],[-139.69,60.33],[-139.68,60.34],[-139.05,60.35],[-139.05,60.33],[-139.18,60.08],[-139.06,60],[-139.04,59.99],[-138.79,59.92],[-138.71,59.91],[-138.66,59.8],[-138.63,59.77],[-138.61,59.76],[-138.37,59.64],[-138.17,59.54],[-137.99,59.44],[-137.87,59.38],[-137.66,59.27],[-137.61,59.24],[-137.54,59.11],[-137.5,58.99],[-137.53,58.91],[-137.45,58.91],[-137.28,59],[-137.23,59.01],[-137.1,59.06],[-137,59.09],[-136.82,59.16],[-136.58,59.17],[-136.49,59.25],[-136.48,59.28],[-136.46,59.28],[-136.46,59.38],[-136.46,59.46],[-136.4,59.45],[-136.36,59.45],[-136.3,59.47],[-136.24,59.53],[-136.24,59.56],[-136.35,59.6],[-136.2,59.64],[-135.95,59.66],[-135.76,59.72],[-135.48,59.8],[-135.46,59.79],[-135.36,59.74],[-135.23,59.7],[-135.22,59.66],[-135.16,59.63],[-135.12,59.62],[-135.03,59.56],[-135.03,59.48],[-135.08,59.45],[-135.1,59.43],[-134.99,59.39],[-135.03,59.35],[-134.96,59.28],[-134.7,59.25],[-134.68,59.19],[-134.57,59.13],[-134.48,59.13],[-134.45,59.09],[-134.38,59.04],[-134.41,58.98],[-134.31,58.96],[-134.34,58.92],[-134.26,58.86],[-134,58.78],[-133.94,58.76],[-133.84,58.73],[-133.7,58.61],[-133.5,58.5],[-133.38,58.43],[-133.46,58.39],[-133.35,58.28],[-133.27,58.23],[-133.17,58.15],[-133.1,58.05],[-133.07,58],[-133.02,57.96],[-132.87,57.84],[-132.75,57.7],[-132.66,57.62],[-132.55,57.5],[-132.37,57.35],[-132.25,57.21],[-132.37,57.09],[-132.3,57.08],[-132.04,57.05],[-132.07,57],[-132.12,56.87],[-132,56.84],[-131.87,56.81],[-131.9,56.75],[-131.86,56.7],[-131.84,56.6],[-131.58,56.61],[-131.47,56.55],[-131.17,56.45],[-131.09,56.41],[-130.82,56.37],[-130.78,56.37],[-130.62,56.27],[-130.54,56.25],[-130.47,56.24],[-130.43,56.14],[-130.35,56.13],[-130.24,56.1],[-130.11,56.12],[-130.08,56.09],[-130,56.01],[-130.02,55.92],[-130.03,55.9],[-130.08,55.84],[-130.09,55.83],[-130.13,55.82],[-130.17,55.78],[-130.17,55.75],[-130.16,55.72],[-130.17,55.72],[-130.16,55.71],[-130.12,55.68],[-130.13,55.64],[-130.14,55.63],[-130.14,55.61],[-130.15,55.6],[-130.14,55.58],[-130.14,55.57],[-130.14,55.55],[-130.11,55.52],[-130.11,55.5],[-130.1,55.48],[-130.08,55.47],[-130.05,55.44],[-130.05,55.4],[-130.04,55.36],[-130.04,55.35],[-130.03,55.32],[-129.99,55.29],[-130,55.28],[-130.03,55.26],[-130.04,55.25],[-130.08,55.22],[-130.09,55.22],[-130.1,55.25]],[[-130.67,55.64],[-130.65,55.64],[-130.66,55.66],[-130.67,55.64]],[[-130.69,54.86],[-130.66,54.89],[-130.65,54.9],[-130.66,54.94],[-130.68,54.94],[-130.67,54.91],[-130.67,54.89],[-130.69,54.87],[-130.69,54.86]],[[-130.47,54.91],[-130.48,54.89],[-130.47,54.89],[-130.46,54.9],[-130.47,54.91]]]]},"properties":{"Cat":"EC","Prob":33}},{"type":"Feature","geometry":{"type":"MultiPolygon","coordinates":[[[[-165.55,59.97],[-165.83,59.92],[-166.35,59.83],[-166.36,59.84],[-166.42,59.86],[-166.44,59.86],[-166.46,59.85],[-166.5,59.85],[-166.5,59.86],[-166.56,59.85],[-166.61,59.85],[-166.64,59.86],[-166.65,59.87],[-166.68,59.88],[-166.73,59.89],[-166.75,59.89],[-166.78,59.91],[-166.81,59.92],[-166.9,59.96],[-166.94,59.97],[-166.96,59.98],[-167,59.98],[-167.04,59.99],[-167.09,59.99],[-167.14,60],[-167.22,60.04],[-167.25,60.06],[-167.27,60.07],[-167.28,60.06],[-167.32,60.06],[-167.33,60.07],[-167.33,60.09],[-167.34,60.12],[-167.36,60.14],[-167.37,60.15],[-167.4,60.18],[-167.43,60.19],[-167.46,60.2],[-167.44,60.21],[-167.43,60.2],[-167.41,60.2],[-167.39,60.21],[-167.38,60.21],[-167.32,60.23],[-167.28,60.23],[-167.27,60.22],[-167.25,60.22],[-167.24,60.23],[-167.23,60.23],[-167.18,60.23],[-167.15,60.22],[-167.11,60.23],[-167.1,60.23],[-167.04,60.21],[-166.95,60.22],[-166.94,60.21],[-166.94,60.2],[-166.91,60.2],[-166.89,60.21],[-166.86,60.2],[-166.81,60.22],[-166.8,60.23],[-166.81,60.26],[-166.84,60.27],[-166.82,60.27],[-166.81,60.28],[-166.79,60.28],[-166.77,60.3],[-166.76,60.31],[-166.72,60.31],[-166.7,60.32],[-166.68,60.31],[-166.66,60.32],[-166.66,60.33],[-166.61,60.32],[-166.59,60.3],[-166.57,60.32],[-166.58,60.34],[-166.56,60.36],[-166.54,60.36],[-166.52,60.37],[-166.47,60.38],[-166.42,60.37],[-166.39,60.35],[-166.41,60.35],[-166.42,60.33],[-166.38,60.34],[-166.37,60.35],[-166.35,60.36],[-166.33,60.37],[-166.29,60.38],[-166.25,60.38],[-166.23,60.37],[-166.21,60.39],[-166.19,60.39],[-166.18,60.38],[-166.14,60.37],[-166.14,60.39],[-166.15,60.4],[-166.16,60.4],[-166.17,60.42],[-166.14,60.42],[-166.12,60.4],[-166.13,60.4],[-166.12,60.38],[-166.11,60.37],[-166.09,60.34],[-166.07,60.34],[-166.09,60.33],[-166.09,60.32],[-166.06,60.32],[-166.04,60.32],[-166,60.31],[-165.95,60.32],[-165.93,60.32],[-165.91,60.34],[-165.88,60.34],[-165.86,60.33],[-165.81,60.32],[-165.78,60.33],[-165.77,60.31],[-165.74,60.31],[-165.74,60.3],[-165.71,60.3],[-165.68,60.29],[-165.7,60.28],[-165.68,60.27],[-165.69,60.26],[-165.7,60.25],[-165.73,60.25],[-165.71,60.22],[-165.7,60.22],[-165.7,60.21],[-165.68,60.2],[-165.71,60.19],[-165.73,60.16],[-165.72,60.15],[-165.7,60.15],[-165.68,60.15],[-165.68,60.13],[-165.66,60.11],[-165.67,60.1],[-165.68,60.08],[-165.7,60.08],[-165.71,60.07],[-165.7,60.06],[-165.68,60.06],[-165.68,60.03],[-165.63,60.02],[-165.65,60],[-165.62,59.97],[-165.63,59.96],[-165.61,59.96],[-165.6,59.97],[-165.58,59.98],[-165.53,59.98],[-165.55,59.97]]],[[[-172.92,60.6],[-172.92,60.57],[-172.93,60.56],[-172.91,60.53],[-172.9,60.52],[-172.88,60.49],[-172.85,60.48],[-172.82,60.47],[-172.77,60.45],[-172.67,60.41],[-172.65,60.41],[-172.6,60.39],[-172.53,60.38],[-172.51,60.38],[-172.44,60.38],[-172.43,60.39],[-172.39,60.38],[-172.38,60.37],[-172.36,60.36],[-172.25,60.32],[-172.23,60.32],[-172.22,60.31],[-172.24,60.3],[-172.29,60.29],[-172.31,60.31],[-172.31,60.32],[-172.33,60.33],[-172.37,60.33],[-172.5,60.33],[-172.54,60.32],[-172.59,60.31],[-172.62,60.32],[-172.63,60.33],[-172.73,60.36],[-172.74,60.36],[-172.76,60.38],[-172.82,60.41],[-172.86,60.43],[-172.91,60.46],[-172.94,60.48],[-172.99,60.48],[-173.02,60.49],[-173.06,60.49],[-173.04,60.51],[-173.05,60.52],[-173.05,60.53],[-173.05,60.54],[-173.04,60.55],[-173.04,60.56],[-173.01,60.56],[-172.97,60.59],[-172.96,60.6],[-172.92,60.6]]],[[[-173.04,60.62],[-173.08,60.63],[-173.08,60.64],[-173.11,60.66],[-173.08,60.69],[-173.06,60.69],[-173.05,60.68],[-173.06,60.67],[-173.05,60.66],[-173.05,60.64],[-173.04,60.62]]],[[[-165.91,61.37],[-165.92,61.37],[-165.93,61.41],[-165.91,61.4],[-165.9,61.38],[-165.91,61.37]]],[[[-166.13,61.75],[-166.12,61.74],[-166.14,61.74],[-166.13,61.75]]],[[[-165.99,61.88],[-166.01,61.88],[-166.01,61.91],[-166,61.93],[-165.99,61.96],[-165.97,61.97],[-166,61.91],[-165.99,61.88]]],[[[-165.96,62.03],[-165.97,62.02],[-166.01,62.02],[-166.01,62.04],[-165.98,62.07],[-165.96,62.07],[-165.99,62.04],[-165.98,62.04],[-165.96,62.03]]],[[[-164.93,62.55],[-164.96,62.55],[-164.95,62.56],[-164.93,62.56],[-164.93,62.55]]],[[[-164.9,62.63],[-164.87,62.61],[-164.88,62.6],[-164.91,62.61],[-164.9,62.63]]],[[[-164.9,62.6],[-164.93,62.61],[-164.95,62.62],[-164.95,62.63],[-164.92,62.63],[-164.9,62.6]]],[[[-164.86,62.63],[-164.88,62.63],[-164.87,62.65],[-164.86,62.63]]],[[[-163.37,63.05],[-163.44,63.05],[-163.45,63.05],[-163.44,63.08],[-163.43,63.08],[-163.39,63.07],[-163.37,63.05]]],[[[-164.63,63.07],[-164.65,63.07],[-164.64,63.09],[-164.61,63.11],[-164.59,63.1],[-164.59,63.08],[-164.63,63.07]]],[[[-163.57,63.11],[-163.6,63.1],[-163.6,63.12],[-163.58,63.13],[-163.55,63.14],[-163.53,63.12],[-163.54,63.12],[-163.57,63.11]]],[[[-169.95,63.13],[-169.43,63.15],[-169.4,63.12],[-169.43,63.12],[-169.43,63.11],[-169.46,63.1],[-169.48,63.1],[-169.52,63.08],[-169.55,63.06],[-169.58,63.05],[-169.57,63.05],[-169.58,63.03],[-169.57,63.01],[-169.55,63],[-169.54,62.98],[-169.58,62.98],[-169.61,62.97],[-169.63,62.95],[-169.64,62.94],[-169.66,62.94],[-169.69,62.95],[-169.75,62.95],[-169.77,62.96],[-169.75,62.98],[-169.76,62.99],[-169.78,63],[-169.77,63.01],[-169.81,63.05],[-169.85,63.09],[-169.9,63.11],[-169.95,63.13]]],[[[-163.6,63.12],[-163.6,63.14],[-163.58,63.14],[-163.6,63.12]]],[[[-169.43,63.15],[-169.38,63.15],[-169.39,63.14],[-169.4,63.14],[-169.43,63.15]]],[[[-163.65,63.12],[-163.68,63.12],[-163.7,63.13],[-163.7,63.14],[-163.68,63.15],[-163.66,63.16],[-163.63,63.15],[-163.65,63.12]]],[[[-169,63.17],[-168.8,63.18],[-168.84,63.15],[-168.88,63.14],[-168.92,63.15],[-168.98,63.17],[-169,63.17]]],[[[-162.38,63.62],[-162.38,63.6],[-162.36,63.6],[-162.34,63.59],[-162.36,63.58],[-162.37,63.56],[-162.36,63.55],[-162.34,63.55],[-162.36,63.54],[-162.37,63.54],[-162.41,63.55],[-162.43,63.54],[-162.45,63.54],[-162.48,63.55],[-162.49,63.54],[-162.53,63.54],[-162.56,63.55],[-162.57,63.53],[-162.59,63.54],[-162.61,63.54],[-162.63,63.54],[-162.65,63.56],[-162.68,63.55],[-162.7,63.56],[-162.69,63.59],[-162.67,63.59],[-162.65,63.6],[-162.65,63.61],[-162.62,63.62],[-162.61,63.61],[-162.6,63.61],[-162.6,63.62],[-162.57,63.63],[-162.55,63.63],[-162.52,63.62],[-162.48,63.62],[-162.45,63.62],[-162.43,63.63],[-162.42,63.63],[-162.38,63.62]]],[[[-161.31,64.13],[-161.29,64.14],[-161.29,64.12],[-161.32,64.12],[-161.31,64.13]]],[[[-143.59,70.14],[-143.61,70.11],[-143.63,70.11],[-143.66,70.1],[-143.69,70.11],[-143.72,70.11],[-143.74,70.13],[-143.72,70.14],[-143.59,70.14]]],[[[-146.03,70.2],[-146.02,70.19],[-146.06,70.19],[-146.07,70.2],[-146.03,70.2]]],[[[-147.2,70.23],[-147.19,70.22],[-147.23,70.22],[-147.27,70.22],[-147.24,70.23],[-147.23,70.24],[-147.2,70.23]]],[[[-148.85,70.4],[-148.9,70.39],[-148.89,70.41],[-148.85,70.41],[-148.85,70.4]]],[[[-148.89,70.42],[-148.91,70.41],[-148.93,70.41],[-148.93,70.43],[-148.89,70.42]]],[[[-150.97,70.43],[-151,70.43],[-151.01,70.45],[-150.98,70.45],[-150.97,70.43]]],[[[-150.36,70.48],[-150.37,70.47],[-150.4,70.46],[-150.41,70.46],[-150.45,70.44],[-150.47,70.46],[-150.45,70.47],[-150.43,70.47],[-150.39,70.48],[-150.36,70.48]]],[[[-149.51,70.56],[-149.43,70.55],[-149.45,70.55],[-149.53,70.56],[-149.57,70.55],[-149.63,70.57],[-149.51,70.56]]],[[[-152.38,70.55],[-152.35,70.54],[-152.27,70.55],[-152.22,70.54],[-152.2,70.55],[-152.14,70.55],[-152.1,70.55],[-152.06,70.55],[-152.04,70.55],[-152.04,70.56],[-151.99,70.57],[-151.93,70.56],[-151.89,70.56],[-151.83,70.55],[-151.77,70.55],[-151.74,70.56],[-151.72,70.55],[-151.75,70.54],[-151.75,70.53],[-151.77,70.52],[-151.81,70.51],[-151.78,70.5],[-151.79,70.49],[-151.83,70.49],[-151.87,70.48],[-151.92,70.48],[-151.94,70.46],[-151.95,70.43],[-151.92,70.44],[-151.89,70.43],[-151.87,70.44],[-151.78,70.44],[-151.7,70.43],[-151.69,70.44],[-151.64,70.44],[-151.59,70.44],[-151.55,70.43],[-151.54,70.44],[-151.49,70.43],[-151.42,70.42],[-151.38,70.41],[-151.33,70.41],[-151.27,70.39],[-151.24,70.38],[-151.28,70.38],[-151.28,70.37],[-151.22,70.36],[-151.19,70.37],[-151.16,70.37],[-151.16,70.38],[-151.19,70.39],[-151.2,70.41],[-151.17,70.43],[-151.14,70.43],[-151.11,70.41],[-151.11,70.38],[-151.08,70.39],[-151.09,70.4],[-151.07,70.42],[-151.07,70.43],[-151.05,70.45],[-151.03,70.43],[-150.97,70.42],[-150.96,70.46],[-150.91,70.47],[-150.88,70.46],[-150.83,70.47],[-150.81,70.47],[-150.78,70.46],[-150.76,70.46],[-150.68,70.45],[-150.68,70.46],[-150.74,70.46],[-150.8,70.49],[-150.8,70.5],[-150.77,70.5],[-150.73,70.5],[-150.63,70.5],[-150.6,70.5],[-150.56,70.5],[-150.6,70.49],[-150.6,70.47],[-150.57,70.47],[-150.58,70.49],[-150.56,70.5],[-150.52,70.5],[-150.47,70.47],[-150.49,70.45],[-150.49,70.43],[-150.45,70.43],[-150.43,70.43],[-150.46,70.41],[-150.36,70.43],[-150.36,70.42],[-150.41,70.41],[-150.34,70.41],[-150.28,70.43],[-150.19,70.44],[-150.11,70.43],[-150.04,70.45],[-150.02,70.46],[-149.98,70.48],[-149.94,70.49],[-149.87,70.51],[-149.83,70.49],[-149.77,70.49],[-149.77,70.5],[-149.74,70.51],[-149.7,70.5],[-149.67,70.51],[-149.6,70.5],[-149.54,70.5],[-149.52,70.51],[-149.47,70.52],[-149.42,70.49],[-149.36,70.49],[-149.32,70.5],[-149.29,70.49],[-149.24,70.49],[-149.22,70.49],[-149.17,70.49],[-149.13,70.47],[-149.1,70.47],[-149.06,70.47],[-149.03,70.45],[-149.03,70.44],[-148.98,70.44],[-148.96,70.41],[-148.93,70.41],[-148.95,70.39],[-148.94,70.38],[-148.93,70.38],[-148.89,70.39],[-148.84,70.39],[-148.77,70.41],[-148.72,70.41],[-148.7,70.41],[-148.66,70.41],[-148.63,70.4],[-148.61,70.4],[-148.56,70.38],[-148.54,70.38],[-148.48,70.37],[-148.46,70.34],[-148.47,70.33],[-148.5,70.32],[-148.41,70.31],[-148.37,70.31],[-148.32,70.32],[-148.26,70.34],[-148.2,70.34],[-148.16,70.35],[-148.11,70.35],[-148.1,70.34],[-148.08,70.33],[-148,70.31],[-147.97,70.31],[-147.94,70.31],[-147.94,70.3],[-147.91,70.29],[-147.89,70.28],[-147.85,70.28],[-147.81,70.28],[-147.78,70.29],[-147.77,70.27],[-147.79,70.27],[-147.81,70.24],[-147.78,70.24],[-147.79,70.23],[-147.79,70.22],[-147.75,70.22],[-147.69,70.21],[-147.6,70.21],[-147.56,70.2],[-147.52,70.21],[-147.41,70.19],[-147.36,70.19],[-147.35,70.21],[-147.32,70.19],[-147.32,70.18],[-147.27,70.18],[-147.28,70.19],[-147.3,70.2],[-147.27,70.21],[-147.25,70.2],[-147.24,70.18],[-147.2,70.18],[-147.18,70.16],[-147.13,70.16],[-147.1,70.16],[-147.01,70.16],[-146.98,70.15],[-146.9,70.17],[-146.88,70.17],[-146.87,70.19],[-146.82,70.18],[-146.78,70.19],[-146.73,70.18],[-146.65,70.18],[-146.64,70.19],[-146.6,70.18],[-146.56,70.19],[-146.52,70.19],[-146.49,70.19],[-146.43,70.19],[-146.41,70.18],[-146.36,70.18],[-146.31,70.18],[-146.3,70.18],[-146.23,70.17],[-146.18,70.16],[-146.14,70.17],[-146.09,70.15],[-146.05,70.15],[-146.01,70.14],[-145.97,70.15],[-145.91,70.13],[-145.89,70.12],[-145.85,70.14],[-145.87,70.15],[-145.85,70.17],[-145.81,70.16],[-145.82,70.15],[-145.76,70.13],[-145.73,70.13],[-145.66,70.1],[-145.64,70.09],[-145.56,70.08],[-145.56,70.07],[-145.59,70.06],[-145.59,70.05],[-145.54,70.06],[-145.48,70.06],[-145.48,70.05],[-145.45,70.05],[-145.41,70.04],[-145.39,70.04],[-145.33,70.03],[-145.3,70.02],[-145.26,70.02],[-145.23,70.03],[-145.21,70.02],[-145.22,70.01],[-145.24,70.01],[-145.24,70],[-145.19,69.99],[-145.15,69.99],[-145.14,69.99],[-145.01,69.98],[-144.94,69.96],[-144.89,69.97],[-144.87,69.97],[-144.83,69.98],[-144.84,69.99],[-144.77,69.98],[-144.75,69.97],[-144.68,69.97],[-144.62,69.97],[-144.57,69.98],[-144.52,70.01],[-144.5,70.02],[-144.46,70.02],[-144.42,70.03],[-144.33,70.03],[-144.28,70.04],[-144.25,70.03],[-144.2,70.04],[-144.16,70.04],[-144.13,70.06],[-144.05,70.05],[-144.02,70.03],[-144,70.04],[-144.03,70.06],[-144.05,70.07],[-144.05,70.08],[-144,70.08],[-144.01,70.07],[-143.99,70.06],[-143.96,70.06],[-143.93,70.07],[-143.9,70.07],[-143.89,70.08],[-143.85,70.08],[-143.81,70.07],[-143.74,70.09],[-143.74,70.1],[-143.7,70.1],[-143.69,70.1],[-143.71,70.09],[-143.65,70.07],[-143.61,70.08],[-143.56,70.09],[-143.55,70.08],[-143.52,70.09],[-143.46,70.09],[-143.35,70.09],[-143.34,70.1],[-143.3,70.1],[-143.27,70.1],[-143.26,70.12],[-143.23,70.11],[-143.21,70.11],[-143.13,70.1],[-143.1,70.08],[-143.02,70.08],[-142.98,70.07],[-143,70.07],[-142.94,70.06],[-142.88,70.06],[-142.85,70.06],[-142.75,70.05],[-142.58,70],[-142.54,69.99],[-142.57,69.98],[-142.57,69.96],[-142.52,69.96],[-142.45,69.95],[-142.43,69.94],[-142.37,69.93],[-142.39,69.91],[-142.33,69.91],[-142.33,69.89],[-142.27,69.88],[-142.23,69.85],[-142.17,69.85],[-142.09,69.84],[-142.07,69.84],[-142.05,69.83],[-142.08,69.82],[-142,69.82],[-142.02,69.8],[-141.97,69.8],[-141.93,69.79],[-141.88,69.8],[-141.85,69.8],[-141.77,69.79],[-141.67,69.76],[-141.63,69.76],[-141.6,69.74],[-141.53,69.73],[-141.49,69.71],[-141.45,69.68],[-141.43,69.68],[-141.42,69.66],[-141.38,69.63],[-141.32,69.63],[-141.26,69.63],[-141.25,69.63],[-141.24,69.65],[-141.21,69.66],[-141.21,69.68],[-141.2,69.68],[-141.1,69.67],[-141.06,69.66],[-141,69.65],[-141,69.62],[-141,69.47],[-141,69.45],[-141,69.32],[-141,69.22],[-141,69.02],[-141,68.8],[-141,68.72],[-141,68.6],[-141,68.5],[-141,68.41],[-141.01,68.19],[-141.38,68.05],[-142.48,67.66],[-146.93,66.14],[-149.13,65.37],[-151.88,64.34],[-158.47,61.83],[-159.57,61.43],[-160.12,61.24],[-160.68,61.06],[-161.24,60.89],[-161.81,60.74],[-162.95,60.47],[-164.1,60.24],[-164.49,60.17],[-164.49,60.18],[-164.51,60.2],[-164.56,60.21],[-164.61,60.23],[-164.65,60.25],[-164.64,60.27],[-164.65,60.28],[-164.67,60.29],[-164.67,60.3],[-164.72,60.29],[-164.79,60.29],[-164.84,60.3],[-164.89,60.31],[-164.93,60.33],[-165.01,60.36],[-165.06,60.39],[-165.13,60.43],[-165.12,60.45],[-165.06,60.46],[-165.01,60.48],[-164.99,60.49],[-164.99,60.5],[-164.97,60.51],[-164.96,60.53],[-164.97,60.54],[-165.01,60.54],[-165.05,60.55],[-165.08,60.54],[-165.1,60.53],[-165.13,60.52],[-165.16,60.52],[-165.17,60.51],[-165.2,60.5],[-165.27,60.49],[-165.31,60.51],[-165.33,60.51],[-165.37,60.51],[-165.38,60.51],[-165.39,60.53],[-165.41,60.54],[-165.42,60.55],[-165.4,60.56],[-165.38,60.58],[-165.35,60.58],[-165.31,60.58],[-165.29,60.58],[-165.26,60.59],[-165.26,60.6],[-165.25,60.61],[-165.23,60.62],[-165.21,60.62],[-165.18,60.63],[-165.15,60.65],[-165.1,60.66],[-165.09,60.68],[-165.07,60.69],[-165.04,60.69],[-165.01,60.7],[-164.97,60.72],[-164.97,60.73],[-165.01,60.74],[-165.03,60.76],[-165.04,60.77],[-165.03,60.79],[-164.99,60.79],[-164.99,60.82],[-165.02,60.82],[-165.03,60.83],[-165.03,60.85],[-165.01,60.87],[-165,60.88],[-165.01,60.9],[-165.04,60.91],[-165.11,60.92],[-165.15,60.93],[-165.17,60.94],[-165.18,60.96],[-165.2,60.98],[-165.14,61.01],[-165.08,61.01],[-165.06,61.02],[-165.03,61.01],[-165,61.02],[-165.01,61.06],[-165.05,61.06],[-165.06,61.07],[-165.08,61.07],[-165.12,61.08],[-165.13,61.08],[-165.13,61.1],[-165.14,61.1],[-165.16,61.11],[-165.18,61.11],[-165.19,61.12],[-165.18,61.13],[-165.19,61.15],[-165.24,61.15],[-165.27,61.17],[-165.29,61.17],[-165.3,61.19],[-165.34,61.17],[-165.34,61.16],[-165.35,61.14],[-165.37,61.13],[-165.35,61.12],[-165.36,61.1],[-165.35,61.08],[-165.38,61.07],[-165.41,61.07],[-165.45,61.08],[-165.49,61.08],[-165.53,61.08],[-165.58,61.1],[-165.6,61.11],[-165.61,61.13],[-165.61,61.15],[-165.62,61.16],[-165.63,61.18],[-165.62,61.2],[-165.64,61.21],[-165.64,61.23],[-165.64,61.24],[-165.62,61.27],[-165.65,61.29],[-165.7,61.29],[-165.75,61.3],[-165.8,61.31],[-165.82,61.3],[-165.85,61.31],[-165.88,61.32],[-165.89,61.34],[-165.9,61.36],[-165.9,61.37],[-165.89,61.39],[-165.89,61.41],[-165.88,61.43],[-165.86,61.43],[-165.84,61.44],[-165.8,61.45],[-165.78,61.44],[-165.78,61.46],[-165.76,61.46],[-165.75,61.48],[-165.77,61.5],[-165.79,61.51],[-165.81,61.52],[-165.82,61.53],[-165.86,61.53],[-165.88,61.54],[-165.9,61.55],[-165.94,61.55],[-165.97,61.55],[-165.99,61.55],[-166.01,61.54],[-166.03,61.53],[-166.07,61.53],[-166.11,61.51],[-166.08,61.5],[-166.09,61.49],[-166.11,61.49],[-166.13,61.5],[-166.15,61.52],[-166.17,61.55],[-166.18,61.56],[-166.16,61.57],[-166.19,61.57],[-166.19,61.59],[-166.18,61.61],[-166.17,61.66],[-166.16,61.68],[-166.16,61.7],[-166.16,61.72],[-166.14,61.72],[-166.15,61.68],[-166.16,61.66],[-166.15,61.65],[-166.16,61.65],[-166.15,61.63],[-166.1,61.64],[-166.05,61.64],[-166,61.65],[-165.96,61.65],[-165.92,61.66],[-165.82,61.67],[-165.78,61.68],[-165.78,61.69],[-165.81,61.69],[-165.87,61.69],[-165.86,61.7],[-165.89,61.69],[-165.91,61.7],[-165.96,61.71],[-165.96,61.72],[-166,61.72],[-166.01,61.72],[-166.02,61.73],[-166.05,61.76],[-166.1,61.8],[-166.1,61.81],[-166.08,61.81],[-166.01,61.82],[-165.99,61.83],[-165.98,61.83],[-165.93,61.83],[-165.87,61.82],[-165.83,61.83],[-165.81,61.83],[-165.79,61.82],[-165.75,61.83],[-165.75,61.84],[-165.72,61.84],[-165.69,61.85],[-165.63,61.85],[-165.61,61.86],[-165.62,61.87],[-165.65,61.89],[-165.66,61.89],[-165.71,61.92],[-165.73,61.94],[-165.75,61.97],[-165.77,62],[-165.77,62.02],[-165.76,62.05],[-165.74,62.08],[-165.72,62.09],[-165.72,62.1],[-165.69,62.12],[-165.68,62.14],[-165.64,62.16],[-165.63,62.17],[-165.6,62.18],[-165.52,62.25],[-165.45,62.29],[-165.37,62.36],[-165.34,62.36],[-165.32,62.39],[-165.29,62.42],[-165.23,62.46],[-165.12,62.52],[-165.08,62.53],[-165.04,62.54],[-164.99,62.54],[-164.97,62.53],[-164.96,62.53],[-164.93,62.53],[-164.9,62.53],[-164.88,62.54],[-164.92,62.55],[-164.9,62.57],[-164.87,62.56],[-164.86,62.57],[-164.82,62.58],[-164.79,62.61],[-164.81,62.61],[-164.83,62.65],[-164.85,62.71],[-164.87,62.71],[-164.86,62.75],[-164.87,62.76],[-164.87,62.77],[-164.89,62.78],[-164.85,62.8],[-164.86,62.81],[-164.86,62.84],[-164.84,62.86],[-164.81,62.91],[-164.81,62.92],[-164.78,62.96],[-164.75,62.98],[-164.72,63.01],[-164.7,63.02],[-164.68,63.02],[-164.66,63.03],[-164.6,63.03],[-164.6,63.04],[-164.62,63.05],[-164.56,63.06],[-164.58,63.07],[-164.56,63.08],[-164.56,63.1],[-164.58,63.11],[-164.59,63.12],[-164.58,63.14],[-164.54,63.15],[-164.5,63.17],[-164.43,63.21],[-164.39,63.22],[-164.36,63.21],[-164.33,63.23],[-164.22,63.25],[-164.2,63.25],[-164.14,63.26],[-164.1,63.26],[-164.04,63.26],[-164.02,63.26],[-163.97,63.25],[-163.94,63.24],[-163.92,63.23],[-163.87,63.22],[-163.84,63.22],[-163.83,63.22],[-163.76,63.22],[-163.74,63.21],[-163.73,63.2],[-163.71,63.19],[-163.7,63.19],[-163.68,63.17],[-163.68,63.16],[-163.7,63.14],[-163.71,63.12],[-163.68,63.11],[-163.66,63.11],[-163.64,63.12],[-163.62,63.12],[-163.61,63.08],[-163.6,63.08],[-163.57,63.1],[-163.54,63.11],[-163.51,63.1],[-163.5,63.1],[-163.47,63.1],[-163.45,63.09],[-163.45,63.07],[-163.47,63.05],[-163.46,63.04],[-163.42,63.05],[-163.37,63.04],[-163.36,63.03],[-163.3,63.04],[-163.24,63.04],[-163.2,63.05],[-163.09,63.06],[-163.05,63.06],[-162.97,63.11],[-162.88,63.14],[-162.85,63.16],[-162.84,63.19],[-162.82,63.21],[-162.77,63.22],[-162.72,63.22],[-162.67,63.22],[-162.66,63.23],[-162.61,63.26],[-162.59,63.27],[-162.58,63.28],[-162.56,63.3],[-162.51,63.33],[-162.48,63.35],[-162.47,63.37],[-162.45,63.37],[-162.43,63.39],[-162.43,63.4],[-162.4,63.43],[-162.35,63.45],[-162.29,63.48],[-162.28,63.49],[-162.28,63.5],[-162.3,63.51],[-162.29,63.52],[-162.31,63.54],[-162.24,63.54],[-162.22,63.52],[-162.2,63.53],[-162.16,63.53],[-162.15,63.51],[-162.08,63.51],[-162.08,63.5],[-162.05,63.49],[-162.01,63.49],[-162.02,63.48],[-162.04,63.47],[-162.06,63.46],[-162.08,63.46],[-162.08,63.45],[-162.15,63.43],[-162.03,63.43],[-162.02,63.44],[-162,63.45],[-161.97,63.44],[-161.96,63.45],[-161.94,63.45],[-161.91,63.45],[-161.87,63.45],[-161.84,63.45],[-161.83,63.45],[-161.81,63.44],[-161.77,63.46],[-161.73,63.46],[-161.71,63.47],[-161.68,63.47],[-161.62,63.46],[-161.61,63.46],[-161.59,63.45],[-161.56,63.45],[-161.53,63.46],[-161.51,63.47],[-161.46,63.47],[-161.45,63.46],[-161.41,63.46],[-161.39,63.47],[-161.34,63.47],[-161.3,63.47],[-161.22,63.49],[-161.19,63.49],[-161.16,63.5],[-161.14,63.51],[-161.14,63.52],[-161.13,63.53],[-161.11,63.54],[-161.12,63.55],[-161.1,63.56],[-161.06,63.57],[-161.04,63.59],[-161.03,63.61],[-161.01,63.63],[-160.99,63.62],[-160.95,63.63],[-160.9,63.65],[-160.87,63.69],[-160.83,63.71],[-160.8,63.74],[-160.77,63.76],[-160.76,63.8],[-160.77,63.82],[-160.77,63.84],[-160.79,63.86],[-160.8,63.88],[-160.81,63.89],[-160.84,63.94],[-160.89,63.99],[-160.93,64.04],[-160.95,64.08],[-160.94,64.11],[-160.95,64.14],[-160.95,64.18],[-160.95,64.2],[-160.98,64.23],[-160.65,64.33],[-158.95,64.87],[-157.81,65.25],[-156.68,65.65],[-156.13,65.87],[-155.6,66.1],[-155.08,66.35],[-154.6,66.62],[-154.16,66.94],[-153.8,67.28],[-153.49,67.65],[-153.24,68.04],[-153.07,68.44],[-152.98,68.82],[-153.01,69.19],[-153.17,69.55],[-153.44,69.87],[-153.8,70.18],[-154.21,70.47],[-154.67,70.75],[-155.16,71],[-155.17,71.02],[-155.19,71.04],[-155.28,71.08],[-155.24,71.09],[-155.2,71.1],[-155.16,71.12],[-155.14,71.08],[-155.08,71.07],[-155.07,71.09],[-155.07,71.1],[-155.09,71.13],[-155.02,71.13],[-155.03,71.1],[-155,71.1],[-154.93,71.1],[-154.89,71.1],[-154.88,71.08],[-154.84,71.09],[-154.84,71.1],[-154.74,71.07],[-154.7,71.05],[-154.67,71.04],[-154.6,71.01],[-154.57,70.99],[-154.61,70.98],[-154.62,70.93],[-154.61,70.91],[-154.65,70.91],[-154.68,70.9],[-154.7,70.89],[-154.74,70.89],[-154.79,70.89],[-154.77,70.87],[-154.72,70.87],[-154.65,70.89],[-154.62,70.88],[-154.62,70.86],[-154.57,70.85],[-154.58,70.83],[-154.58,70.82],[-154.54,70.83],[-154.5,70.83],[-154.45,70.83],[-154.38,70.83],[-154.35,70.83],[-154.36,70.82],[-154.32,70.82],[-154.25,70.81],[-154.23,70.8],[-154.24,70.79],[-154.23,70.77],[-154.17,70.77],[-154.12,70.78],[-154.06,70.8],[-154.04,70.81],[-154.01,70.82],[-153.99,70.83],[-153.95,70.87],[-153.93,70.88],[-153.86,70.89],[-153.79,70.89],[-153.77,70.9],[-153.73,70.9],[-153.69,70.89],[-153.61,70.89],[-153.57,70.89],[-153.52,70.89],[-153.53,70.88],[-153.49,70.87],[-153.5,70.89],[-153.41,70.89],[-153.33,70.9],[-153.24,70.93],[-153.23,70.92],[-153.16,70.92],[-153.14,70.92],[-153.12,70.9],[-153.09,70.9],[-153.06,70.9],[-153.05,70.91],[-153,70.9],[-152.95,70.9],[-152.91,70.9],[-152.91,70.87],[-152.87,70.85],[-152.84,70.85],[-152.82,70.85],[-152.79,70.88],[-152.75,70.88],[-152.74,70.87],[-152.71,70.88],[-152.64,70.89],[-152.61,70.89],[-152.57,70.88],[-152.46,70.87],[-152.39,70.86],[-152.32,70.85],[-152.28,70.84],[-152.24,70.83],[-152.21,70.82],[-152.19,70.8],[-152.2,70.8],[-152.26,70.79],[-152.3,70.79],[-152.34,70.75],[-152.37,70.73],[-152.42,70.73],[-152.38,70.72],[-152.44,70.69],[-152.48,70.69],[-152.46,70.65],[-152.43,70.61],[-152.39,70.61],[-152.36,70.6],[-152.32,70.61],[-152.27,70.6],[-152.2,70.59],[-152.13,70.59],[-152.09,70.58],[-152.05,70.58],[-152.08,70.57],[-152.11,70.56],[-152.21,70.58],[-152.25,70.57],[-152.27,70.57],[-152.34,70.58],[-152.37,70.58],[-152.46,70.58],[-152.52,70.58],[-152.54,70.58],[-152.56,70.56],[-152.61,70.57],[-152.61,70.55],[-152.6,70.55],[-152.55,70.55],[-152.52,70.54],[-152.49,70.54],[-152.42,70.55],[-152.38,70.55]]]]},"properties":{"Cat":"Above","Prob":33}},{"type":"Feature","geometry":{"type":"MultiPolygon","coordinates":[[[[-74.44,39.41],[-74.44,39.4],[-74.46,39.41],[-74.45,39.42],[-74.46,39.42],[-74.45,39.43],[-74.44,39.41]]],[[[-74.4,39.42],[-74.39,39.42],[-74.39,39.44],[-74.37,39.43],[-74.36,39.42],[-74.37,39.43],[-74.35,39.44],[-74.33,39.44],[-74.37,39.4],[-74.4,39.37],[-74.43,39.39],[-74.42,39.4],[-74.41,39.39],[-74.4,39.42]]],[[[-74.32,39.49],[-74.31,39.48],[-74.32,39.47],[-74.32,39.45],[-74.37,39.44],[-74.37,39.45],[-74.37,39.46],[-74.37,39.47],[-74.36,39.48],[-74.32,39.49]]],[[[-74.25,39.57],[-74.23,39.58],[-74.23,39.59],[-74.2,39.62],[-74.19,39.63],[-74.18,39.66],[-74.16,39.67],[-74.15,39.69],[-74.14,39.7],[-74.13,39.72],[-74.14,39.72],[-74.12,39.73],[-74.12,39.75],[-74.12,39.76],[-74.11,39.76],[-74.1,39.76],[-74.11,39.74],[-74.14,39.69],[-74.19,39.62],[-74.23,39.56],[-74.27,39.53],[-74.26,39.55],[-74.25,39.57]]],[[[-73.61,40.61],[-73.61,40.6],[-73.63,40.61],[-73.62,40.62],[-73.61,40.61]]],[[[-73.81,40.6],[-73.84,40.62],[-73.82,40.64],[-73.82,40.62],[-73.81,40.6]]],[[[-73.41,40.62],[-73.42,40.63],[-73.41,40.64],[-73.39,40.64],[-73.41,40.62]]],[[[-73.28,40.64],[-73.31,40.64],[-73.31,40.63],[-73.34,40.63],[-73.35,40.63],[-73.42,40.61],[-73.49,40.6],[-73.51,40.59],[-73.57,40.57],[-73.57,40.59],[-73.54,40.6],[-73.52,40.6],[-73.5,40.61],[-73.48,40.61],[-73.45,40.62],[-73.45,40.61],[-73.44,40.63],[-73.42,40.63],[-73.41,40.62],[-73.38,40.62],[-73.37,40.63],[-73.37,40.64],[-73.35,40.65],[-73.34,40.65],[-73.34,40.64],[-73.32,40.65],[-73.3,40.65],[-73.28,40.64]]],[[[-73.28,40.64],[-73.29,40.65],[-73.27,40.66],[-73.24,40.65],[-73.25,40.64],[-73.27,40.64],[-73.28,40.64]]],[[[-73.1,40.66],[-73.07,40.67],[-73.05,40.67],[-73.01,40.68],[-72.99,40.69],[-72.97,40.7],[-72.92,40.72],[-72.9,40.72],[-72.89,40.73],[-72.87,40.73],[-72.81,40.75],[-72.79,40.76],[-72.76,40.76],[-72.83,40.74],[-72.93,40.71],[-72.97,40.69],[-73.02,40.68],[-73.08,40.66],[-73.1,40.66]]],[[[-73.45,40.91],[-73.47,40.91],[-73.48,40.91],[-73.5,40.92],[-73.49,40.95],[-73.46,40.94],[-73.44,40.93],[-73.43,40.92],[-73.45,40.91]]],[[[-73.38,40.94],[-73.39,40.92],[-73.4,40.93],[-73.4,40.94],[-73.39,40.95],[-73.38,40.94]]],[[[-72.28,41.04],[-72.29,41.04],[-72.3,41.05],[-72.32,41.05],[-72.33,41.04],[-72.34,41.05],[-72.35,41.04],[-72.37,41.05],[-72.37,41.06],[-72.38,41.07],[-72.36,41.08],[-72.35,41.09],[-72.35,41.1],[-72.33,41.11],[-72.32,41.1],[-72.32,41.09],[-72.31,41.07],[-72.29,41.06],[-72.28,41.07],[-72.27,41.05],[-72.28,41.04]]],[[[-72.1,41.06],[-72.1,41.07],[-72.1,41.09],[-72.12,41.09],[-72.14,41.09],[-72.14,41.1],[-72.13,41.11],[-72.08,41.1],[-72.09,41.09],[-72.08,41.07],[-72.1,41.06]]],[[[-72.45,41.01],[-72.47,41],[-72.47,40.99],[-72.49,40.99],[-72.52,40.98],[-72.54,40.97],[-72.55,40.96],[-72.57,40.94],[-72.59,40.93],[-72.62,40.93],[-72.62,40.92],[-72.59,40.91],[-72.57,40.91],[-72.55,40.91],[-72.54,40.91],[-72.52,40.9],[-72.5,40.89],[-72.47,40.9],[-72.45,40.92],[-72.44,40.94],[-72.41,40.95],[-72.4,40.95],[-72.37,41],[-72.34,41],[-72.32,41],[-72.32,41.01],[-72.33,41.03],[-72.33,41.04],[-72.31,41.04],[-72.3,41.02],[-72.3,41],[-72.28,41],[-72.26,41.01],[-72.25,41.01],[-72.24,41.02],[-72.24,41.04],[-72.23,41.04],[-72.2,41.03],[-72.2,41.02],[-72.19,41],[-72.18,41.04],[-72.17,41.05],[-72.16,41.05],[-72.14,41.04],[-72.15,41.03],[-72.14,41.02],[-72.13,41.02],[-72.11,40.99],[-72.09,40.99],[-72.08,41.01],[-72.06,41.01],[-72.06,41.02],[-72.02,41.02],[-71.99,41.05],[-71.98,41.05],[-71.97,41.04],[-71.96,41.05],[-71.96,41.07],[-71.94,41.08],[-71.94,41.07],[-71.92,41.05],[-71.91,41.05],[-71.91,41.06],[-71.92,41.07],[-71.93,41.07],[-71.94,41.08],[-71.9,41.09],[-71.9,41.08],[-71.86,41.07],[-71.87,41.05],[-71.91,41.04],[-71.92,41.04],[-71.96,41.03],[-72.02,41],[-72.04,40.99],[-72.12,40.97],[-72.23,40.93],[-72.32,40.9],[-72.33,40.91],[-72.34,40.9],[-72.34,40.89],[-72.33,40.89],[-72.4,40.86],[-72.43,40.86],[-72.44,40.87],[-72.44,40.88],[-72.49,40.88],[-72.5,40.88],[-72.49,40.87],[-72.5,40.85],[-72.53,40.86],[-72.54,40.86],[-72.55,40.85],[-72.55,40.84],[-72.57,40.84],[-72.58,40.83],[-72.58,40.82],[-72.55,40.83],[-72.54,40.82],[-72.49,40.84],[-72.5,40.83],[-72.62,40.8],[-72.69,40.78],[-72.67,40.79],[-72.65,40.79],[-72.67,40.8],[-72.69,40.8],[-72.7,40.8],[-72.73,40.81],[-72.73,40.8],[-72.75,40.8],[-72.74,40.79],[-72.77,40.78],[-72.79,40.79],[-72.82,40.78],[-72.81,40.76],[-72.83,40.76],[-72.85,40.75],[-72.87,40.74],[-72.88,40.74],[-72.89,40.77],[-72.9,40.76],[-72.93,40.76],[-72.95,40.74],[-72.98,40.75],[-73.02,40.75],[-73.03,40.74],[-73.03,40.73],[-73.07,40.73],[-73.07,40.72],[-73.11,40.72],[-73.12,40.73],[-73.14,40.71],[-73.15,40.7],[-73.17,40.7],[-73.19,40.71],[-73.21,40.71],[-73.22,40.71],[-73.23,40.72],[-73.28,40.68],[-73.3,40.69],[-73.33,40.68],[-73.35,40.67],[-73.37,40.67],[-73.39,40.66],[-73.42,40.65],[-73.43,40.65],[-73.45,40.65],[-73.46,40.65],[-73.5,40.64],[-73.5,40.62],[-73.52,40.64],[-73.53,40.64],[-73.54,40.64],[-73.55,40.63],[-73.53,40.62],[-73.52,40.61],[-73.53,40.6],[-73.55,40.6],[-73.55,40.62],[-73.55,40.6],[-73.56,40.6],[-73.57,40.61],[-73.58,40.62],[-73.57,40.62],[-73.58,40.62],[-73.58,40.61],[-73.59,40.61],[-73.6,40.62],[-73.61,40.62],[-73.63,40.61],[-73.64,40.61],[-73.64,40.6],[-73.6,40.6],[-73.6,40.61],[-73.59,40.61],[-73.58,40.61],[-73.57,40.6],[-73.58,40.59],[-73.62,40.59],[-73.64,40.58],[-73.7,40.58],[-73.72,40.58],[-73.75,40.58],[-73.76,40.59],[-73.82,40.58],[-73.87,40.57],[-73.91,40.56],[-73.93,40.55],[-73.94,40.55],[-73.92,40.56],[-73.88,40.57],[-73.85,40.58],[-73.84,40.58],[-73.82,40.59],[-73.8,40.6],[-73.78,40.6],[-73.77,40.62],[-73.8,40.6],[-73.8,40.61],[-73.78,40.63],[-73.79,40.64],[-73.83,40.65],[-73.84,40.65],[-73.86,40.64],[-73.9,40.62],[-73.9,40.6],[-73.88,40.6],[-73.88,40.58],[-73.89,40.58],[-73.91,40.59],[-73.93,40.58],[-74,40.57],[-74.01,40.57],[-74,40.58],[-74,40.59],[-74.01,40.6],[-74.03,40.61],[-74.04,40.61],[-74.04,40.63],[-74.04,40.64],[-74.01,40.66],[-74.02,40.68],[-74,40.7],[-73.97,40.71],[-73.96,40.72],[-73.96,40.74],[-73.95,40.76],[-73.94,40.77],[-73.91,40.79],[-73.89,40.79],[-73.87,40.79],[-73.87,40.78],[-73.84,40.76],[-73.86,40.79],[-73.85,40.79],[-73.84,40.8],[-73.83,40.79],[-73.82,40.8],[-73.78,40.79],[-73.77,40.77],[-73.75,40.78],[-73.75,40.8],[-73.77,40.81],[-73.75,40.82],[-73.74,40.83],[-73.7,40.81],[-73.7,40.83],[-73.71,40.84],[-73.73,40.84],[-73.74,40.85],[-73.73,40.86],[-73.71,40.87],[-73.68,40.86],[-73.67,40.84],[-73.65,40.85],[-73.66,40.86],[-73.65,40.88],[-73.63,40.9],[-73.62,40.9],[-73.58,40.91],[-73.57,40.92],[-73.55,40.91],[-73.55,40.9],[-73.56,40.9],[-73.57,40.9],[-73.56,40.9],[-73.55,40.9],[-73.55,40.89],[-73.54,40.88],[-73.5,40.87],[-73.51,40.89],[-73.49,40.89],[-73.49,40.88],[-73.47,40.88],[-73.47,40.89],[-73.48,40.91],[-73.47,40.91],[-73.45,40.91],[-73.43,40.91],[-73.41,40.9],[-73.4,40.91],[-73.38,40.9],[-73.37,40.91],[-73.36,40.9],[-73.35,40.9],[-73.36,40.91],[-73.35,40.93],[-73.33,40.93],[-73.29,40.92],[-73.27,40.92],[-73.24,40.91],[-73.23,40.91],[-73.23,40.9],[-73.23,40.91],[-73.18,40.92],[-73.15,40.93],[-73.15,40.92],[-73.14,40.96],[-73.16,40.97],[-73.12,40.97],[-73.11,40.97],[-73.1,40.96],[-73.11,40.95],[-73.1,40.96],[-73.07,40.95],[-73.08,40.97],[-73.04,40.96],[-73.03,40.96],[-73.02,40.96],[-72.97,40.97],[-72.93,40.96],[-72.88,40.96],[-72.83,40.97],[-72.78,40.97],[-72.75,40.97],[-72.7,40.98],[-72.67,40.98],[-72.63,40.98],[-72.59,41],[-72.58,41],[-72.53,41.03],[-72.47,41.06],[-72.45,41.08],[-72.42,41.09],[-72.4,41.1],[-72.38,41.12],[-72.36,41.13],[-72.35,41.14],[-72.33,41.14],[-72.33,41.13],[-72.34,41.11],[-72.36,41.11],[-72.36,41.09],[-72.38,41.09],[-72.37,41.08],[-72.4,41.08],[-72.41,41.06],[-72.42,41.05],[-72.39,41.05],[-72.39,41.03],[-72.44,41.04],[-72.45,41.02],[-72.45,41.01]],[[-73.17,40.92],[-73.18,40.91],[-73.18,40.9],[-73.16,40.91],[-73.17,40.92]],[[-73.67,40.62],[-73.68,40.61],[-73.69,40.61],[-73.7,40.61],[-73.69,40.61],[-73.69,40.59],[-73.7,40.59],[-73.69,40.59],[-73.67,40.61],[-73.67,40.62]]],[[[-72.28,41.13],[-72.29,41.13],[-72.3,41.13],[-72.31,41.15],[-72.28,41.16],[-72.27,41.15],[-72.25,41.16],[-72.25,41.15],[-72.26,41.14],[-72.27,41.14],[-72.28,41.13]]],[[[-72.2,41.17],[-72.21,41.18],[-72.18,41.19],[-72.2,41.17]]],[[[-71.59,41.2],[-71.58,41.18],[-71.57,41.18],[-71.57,41.2],[-71.58,41.2],[-71.58,41.21],[-71.58,41.23],[-71.56,41.22],[-71.56,41.21],[-71.57,41.19],[-71.54,41.16],[-71.55,41.15],[-71.6,41.15],[-71.61,41.16],[-71.61,41.18],[-71.59,41.2]]],[[[-71.93,41.29],[-71.94,41.28],[-71.96,41.28],[-71.99,41.26],[-72,41.25],[-72.02,41.26],[-72.02,41.28],[-72.01,41.27],[-71.99,41.27],[-71.99,41.28],[-71.98,41.28],[-71.96,41.28],[-71.94,41.28],[-71.93,41.29]]],[[[-70.28,41.31],[-70.26,41.31],[-70.25,41.31],[-70.24,41.3],[-70.25,41.29],[-70.28,41.31]]],[[[-70.21,41.27],[-70.2,41.27],[-70.18,41.29],[-70.11,41.29],[-70.09,41.29],[-70.09,41.28],[-70.06,41.3],[-70.05,41.29],[-70.02,41.3],[-70.03,41.31],[-70,41.32],[-70,41.33],[-69.96,41.28],[-69.96,41.27],[-69.97,41.25],[-70,41.24],[-70.02,41.24],[-70.05,41.24],[-70.08,41.25],[-70.1,41.24],[-70.12,41.24],[-70.17,41.26],[-70.21,41.27]]],[[[-70,41.33],[-70.01,41.35],[-70.02,41.34],[-70.03,41.33],[-70.04,41.32],[-70.03,41.34],[-70.02,41.37],[-70.02,41.36],[-70,41.33]]],[[[-70.51,41.39],[-70.5,41.38],[-70.47,41.39],[-70.45,41.38],[-70.45,41.41],[-70.45,41.36],[-70.45,41.35],[-70.47,41.35],[-70.48,41.36],[-70.49,41.36],[-70.5,41.37],[-70.51,41.39]]],[[[-70.85,41.44],[-70.87,41.42],[-70.9,41.42],[-70.9,41.43],[-70.88,41.43],[-70.85,41.45],[-70.85,41.44]]],[[[-70.82,41.46],[-70.81,41.45],[-70.84,41.44],[-70.84,41.45],[-70.83,41.46],[-70.82,41.46]]],[[[-70.59,41.46],[-70.57,41.47],[-70.55,41.45],[-70.55,41.44],[-70.57,41.43],[-70.56,41.41],[-70.55,41.4],[-70.53,41.41],[-70.51,41.4],[-70.51,41.39],[-70.51,41.35],[-70.53,41.35],[-70.62,41.35],[-70.66,41.35],[-70.7,41.34],[-70.73,41.34],[-70.76,41.32],[-70.77,41.31],[-70.78,41.3],[-70.8,41.31],[-70.82,41.33],[-70.84,41.34],[-70.83,41.35],[-70.81,41.36],[-70.78,41.35],[-70.76,41.36],[-70.74,41.38],[-70.74,41.39],[-70.71,41.41],[-70.7,41.43],[-70.69,41.44],[-70.67,41.44],[-70.66,41.46],[-70.65,41.46],[-70.6,41.48],[-70.6,41.47],[-70.6,41.46],[-70.6,41.45],[-70.59,41.45],[-70.59,41.46]]],[[[-70.71,41.51],[-70.7,41.51],[-70.71,41.49],[-70.73,41.49],[-70.75,41.48],[-70.76,41.46],[-70.78,41.46],[-70.79,41.45],[-70.8,41.45],[-70.81,41.46],[-70.79,41.48],[-70.78,41.48],[-70.77,41.49],[-70.76,41.49],[-70.75,41.5],[-70.71,41.51]]],[[[-71.37,41.49],[-71.36,41.48],[-71.38,41.48],[-71.39,41.46],[-71.4,41.47],[-71.4,41.49],[-71.39,41.49],[-71.38,41.5],[-71.39,41.52],[-71.38,41.56],[-71.38,41.57],[-71.36,41.57],[-71.36,41.55],[-71.36,41.54],[-71.36,41.52],[-71.36,41.51],[-71.37,41.49]]],[[[-70.83,41.6],[-70.82,41.59],[-70.83,41.58],[-70.84,41.6],[-70.83,41.6]]],[[[-70,41.54],[-70.01,41.55],[-70,41.57],[-69.99,41.6],[-69.99,41.55],[-70,41.54]]],[[[-71.23,41.53],[-71.23,41.51],[-71.25,41.49],[-71.25,41.48],[-71.26,41.49],[-71.27,41.48],[-71.28,41.49],[-71.3,41.48],[-71.3,41.47],[-71.31,41.45],[-71.32,41.46],[-71.34,41.45],[-71.36,41.45],[-71.36,41.46],[-71.34,41.48],[-71.33,41.47],[-71.32,41.48],[-71.32,41.49],[-71.32,41.52],[-71.31,41.53],[-71.31,41.55],[-71.29,41.57],[-71.29,41.59],[-71.28,41.6],[-71.27,41.62],[-71.25,41.64],[-71.23,41.64],[-71.22,41.65],[-71.22,41.63],[-71.22,41.62],[-71.24,41.62],[-71.24,41.59],[-71.23,41.58],[-71.24,41.56],[-71.24,41.54],[-71.23,41.53]]],[[[-71.32,41.58],[-71.33,41.58],[-71.34,41.6],[-71.33,41.63],[-71.34,41.63],[-71.35,41.64],[-71.33,41.66],[-71.33,41.64],[-71.31,41.63],[-71.3,41.61],[-71.31,41.59],[-71.32,41.58]]],[[[-70.65,41.67],[-70.63,41.66],[-70.64,41.66],[-70.65,41.66],[-70.65,41.67]]],[[[-70.18,43.65],[-70.2,43.65],[-70.2,43.66],[-70.19,43.67],[-70.18,43.66],[-70.18,43.65]]],[[[-70.17,43.68],[-70.17,43.69],[-70.14,43.7],[-70.15,43.68],[-70.17,43.68]]],[[[-69.99,43.75],[-69.98,43.74],[-69.99,43.73],[-70,43.73],[-69.99,43.75]]],[[[-70.1,43.75],[-70.11,43.73],[-70.13,43.71],[-70.13,43.72],[-70.14,43.73],[-70.13,43.74],[-70.12,43.75],[-70.1,43.75]]],[[[-69.32,43.76],[-69.31,43.77],[-69.3,43.77],[-69.31,43.76],[-69.32,43.76]]],[[[-68.88,43.86],[-68.9,43.85],[-68.9,43.87],[-68.89,43.88],[-68.88,43.86]]],[[[-69.44,43.91],[-69.44,43.92],[-69.44,43.94],[-69.42,43.94],[-69.43,43.93],[-69.44,43.91]]],[[[-69.34,43.96],[-69.33,43.96],[-69.35,43.94],[-69.36,43.94],[-69.35,43.96],[-69.34,43.96]]],[[[-69.38,44],[-69.38,43.99],[-69.38,43.97],[-69.4,43.98],[-69.39,44],[-69.38,44]]],[[[-68.87,44.05],[-68.85,44.04],[-68.86,44.03],[-68.87,44.04],[-68.87,44.05]]],[[[-68.62,44.09],[-68.6,44.09],[-68.6,44.07],[-68.6,44.05],[-68.61,44.02],[-68.62,44.02],[-68.65,44.01],[-68.66,44.02],[-68.65,44.04],[-68.64,44.05],[-68.66,44.05],[-68.65,44.07],[-68.67,44.07],[-68.63,44.08],[-68.62,44.09]]],[[[-68.34,44.12],[-68.35,44.11],[-68.36,44.11],[-68.37,44.12],[-68.35,44.13],[-68.34,44.12]]],[[[-68.49,44.12],[-68.51,44.1],[-68.52,44.11],[-68.52,44.12],[-68.51,44.13],[-68.49,44.12]]],[[[-68.83,44.09],[-68.82,44.08],[-68.8,44.08],[-68.78,44.09],[-68.78,44.06],[-68.8,44.06],[-68.81,44.04],[-68.8,44.04],[-68.82,44.03],[-68.84,44.04],[-68.83,44.05],[-68.84,44.05],[-68.83,44.05],[-68.85,44.04],[-68.87,44.06],[-68.86,44.07],[-68.87,44.08],[-68.87,44.06],[-68.89,44.08],[-68.88,44.09],[-68.91,44.08],[-68.91,44.11],[-68.9,44.12],[-68.88,44.12],[-68.86,44.12],[-68.85,44.1],[-68.84,44.1],[-68.85,44.11],[-68.84,44.12],[-68.82,44.12],[-68.8,44.11],[-68.81,44.1],[-68.83,44.09]]],[[[-68.46,44.16],[-68.48,44.15],[-68.5,44.15],[-68.5,44.16],[-68.49,44.17],[-68.48,44.16],[-68.47,44.18],[-68.45,44.18],[-68.45,44.17],[-68.46,44.16]]],[[[-68.81,44.15],[-68.83,44.15],[-68.85,44.14],[-68.86,44.14],[-68.86,44.13],[-68.87,44.13],[-68.89,44.13],[-68.88,44.14],[-68.89,44.15],[-68.93,44.12],[-68.94,44.13],[-68.92,44.15],[-68.91,44.15],[-68.89,44.15],[-68.87,44.17],[-68.84,44.19],[-68.83,44.19],[-68.81,44.15]]],[[[-68.44,44.14],[-68.46,44.16],[-68.44,44.17],[-68.43,44.17],[-68.42,44.19],[-68.4,44.17],[-68.39,44.16],[-68.39,44.14],[-68.42,44.13],[-68.43,44.13],[-68.44,44.14]]],[[[-68.58,44.19],[-68.59,44.19],[-68.59,44.21],[-68.56,44.2],[-68.58,44.19]]],[[[-68.78,44.22],[-68.77,44.22],[-68.78,44.2],[-68.79,44.21],[-68.78,44.22]]],[[[-68.26,44.26],[-68.26,44.25],[-68.24,44.24],[-68.25,44.24],[-68.27,44.24],[-68.28,44.24],[-68.27,44.26],[-68.26,44.26]]],[[[-68.23,44.27],[-68.22,44.26],[-68.24,44.25],[-68.24,44.27],[-68.23,44.27]]],[[[-68.95,44.27],[-68.94,44.25],[-68.95,44.24],[-68.97,44.25],[-68.95,44.27]]],[[[-68.61,44.23],[-68.62,44.23],[-68.64,44.22],[-68.62,44.22],[-68.62,44.21],[-68.62,44.2],[-68.64,44.2],[-68.65,44.21],[-68.67,44.21],[-68.66,44.21],[-68.65,44.2],[-68.64,44.2],[-68.62,44.19],[-68.61,44.18],[-68.63,44.17],[-68.64,44.17],[-68.64,44.16],[-68.67,44.15],[-68.7,44.16],[-68.72,44.18],[-68.71,44.21],[-68.73,44.22],[-68.71,44.23],[-68.7,44.24],[-68.69,44.25],[-68.68,44.27],[-68.67,44.28],[-68.66,44.26],[-68.64,44.26],[-68.61,44.24],[-68.61,44.23]]],[[[-68.75,44.3],[-68.73,44.31],[-68.7,44.29],[-68.69,44.28],[-68.7,44.27],[-68.73,44.28],[-68.73,44.29],[-68.75,44.3]]],[[[-68.43,44.34],[-68.43,44.33],[-68.44,44.32],[-68.46,44.34],[-68.45,44.36],[-68.43,44.37],[-68.42,44.37],[-68.42,44.36],[-68.42,44.35],[-68.43,44.34]]],[[[-68.48,44.33],[-68.48,44.32],[-68.49,44.31],[-68.5,44.32],[-68.53,44.32],[-68.53,44.33],[-68.52,44.36],[-68.52,44.37],[-68.51,44.39],[-68.5,44.38],[-68.49,44.35],[-68.49,44.33],[-68.48,44.33]]],[[[-68.92,44.26],[-68.92,44.28],[-68.93,44.29],[-68.93,44.3],[-68.91,44.32],[-68.9,44.33],[-68.92,44.33],[-68.91,44.35],[-68.91,44.37],[-68.9,44.38],[-68.89,44.38],[-68.88,44.39],[-68.86,44.37],[-68.87,44.36],[-68.89,44.34],[-68.9,44.33],[-68.89,44.32],[-68.9,44.31],[-68.89,44.3],[-68.9,44.28],[-68.91,44.26],[-68.92,44.25],[-68.92,44.26]]],[[[-68.14,44.38],[-68.15,44.39],[-68.14,44.4],[-68.13,44.4],[-68.13,44.39],[-68.14,44.38]]],[[[-68.32,44.35],[-68.31,44.33],[-68.32,44.31],[-68.31,44.3],[-68.32,44.29],[-68.33,44.27],[-68.3,44.27],[-68.29,44.25],[-68.3,44.24],[-68.32,44.22],[-68.34,44.22],[-68.35,44.24],[-68.35,44.25],[-68.35,44.24],[-68.36,44.24],[-68.38,44.25],[-68.41,44.26],[-68.43,44.3],[-68.43,44.31],[-68.41,44.32],[-68.41,44.34],[-68.42,44.34],[-68.41,44.36],[-68.39,44.36],[-68.4,44.38],[-68.38,44.38],[-68.37,44.39],[-68.36,44.39],[-68.36,44.4],[-68.37,44.42],[-68.36,44.43],[-68.35,44.42],[-68.33,44.43],[-68.32,44.44],[-68.29,44.43],[-68.27,44.44],[-68.25,44.43],[-68.25,44.41],[-68.22,44.39],[-68.2,44.39],[-68.2,44.38],[-68.18,44.37],[-68.17,44.33],[-68.18,44.33],[-68.19,44.31],[-68.21,44.3],[-68.22,44.3],[-68.23,44.29],[-68.26,44.29],[-68.28,44.29],[-68.29,44.29],[-68.3,44.29],[-68.31,44.32],[-68.31,44.35],[-68.31,44.36],[-68.32,44.35],[-68.33,44.37],[-68.32,44.35]]],[[[-68.14,44.43],[-68.14,44.44],[-68.13,44.45],[-68.14,44.43]]],[[[-68.88,44.43],[-68.89,44.44],[-68.88,44.46],[-68.87,44.45],[-68.87,44.44],[-68.88,44.43]]],[[[-67.85,44.42],[-67.87,44.42],[-67.88,44.44],[-67.87,44.46],[-67.85,44.42]]],[[[-67.53,44.48],[-67.54,44.47],[-67.55,44.49],[-67.53,44.5],[-67.53,44.49],[-67.53,44.48]]],[[[-67.8,44.5],[-67.82,44.5],[-67.82,44.51],[-67.81,44.51],[-67.8,44.5]]],[[[-67.52,44.49],[-67.55,44.51],[-67.53,44.51],[-67.52,44.51],[-67.51,44.5],[-67.52,44.49]]],[[[-67.6,44.51],[-67.58,44.52],[-67.59,44.49],[-67.57,44.47],[-67.57,44.45],[-67.59,44.45],[-67.59,44.47],[-67.61,44.49],[-67.6,44.51]]],[[[-67.6,44.51],[-67.61,44.5],[-67.62,44.51],[-67.61,44.52],[-67.6,44.51]]],[[[-67.65,44.55],[-67.66,44.55],[-67.66,44.56],[-67.65,44.56],[-67.65,44.55]]],[[[-67.49,44.58],[-67.5,44.58],[-67.51,44.58],[-67.52,44.57],[-67.52,44.56],[-67.53,44.56],[-67.54,44.58],[-67.5,44.59],[-67.49,44.59],[-67.49,44.58]]],[[[-67.28,44.62],[-67.27,44.61],[-67.29,44.6],[-67.31,44.6],[-67.32,44.61],[-67.3,44.62],[-67.28,44.62]]],[[[-66.98,44.81],[-66.97,44.82],[-66.95,44.82],[-66.96,44.81],[-66.98,44.81]]],[[[-67.03,44.91],[-67.03,44.93],[-67.03,44.94],[-67.01,44.94],[-67.01,44.93],[-66.99,44.92],[-66.98,44.9],[-67,44.89],[-67.03,44.91]]],[[[-67.14,44.94],[-67.11,44.93],[-67.11,44.92],[-67.13,44.92],[-67.15,44.94],[-67.16,44.93],[-67.14,44.92],[-67.13,44.92],[-67.11,44.9],[-67.13,44.9],[-67.13,44.88],[-67.15,44.89],[-67.15,44.9],[-67.18,44.91],[-67.19,44.91],[-67.18,44.9],[-67.18,44.89],[-67.18,44.88],[-67.16,44.88],[-67.15,44.85],[-67.15,44.82],[-67.14,44.81],[-67.14,44.85],[-67.14,44.87],[-67.13,44.88],[-67.12,44.88],[-67.12,44.86],[-67.11,44.84],[-67.1,44.85],[-67.09,44.86],[-67.1,44.85],[-67.11,44.87],[-67.1,44.88],[-67.11,44.89],[-67.09,44.89],[-67.09,44.88],[-67.08,44.88],[-67.04,44.85],[-67.05,44.84],[-67.05,44.83],[-67.05,44.84],[-67.03,44.85],[-67.05,44.87],[-67.05,44.89],[-67.06,44.91],[-67.03,44.9],[-67.03,44.89],[-67.02,44.89],[-67.01,44.86],[-67.02,44.85],[-67,44.85],[-66.99,44.83],[-66.98,44.81],[-66.98,44.8],[-67.02,44.77],[-67.05,44.76],[-67.05,44.77],[-67.06,44.77],[-67.06,44.76],[-67.07,44.75],[-67.07,44.74],[-67.09,44.74],[-67.11,44.74],[-67.1,44.73],[-67.1,44.72],[-67.12,44.71],[-67.13,44.69],[-67.15,44.68],[-67.16,44.67],[-67.17,44.66],[-67.19,44.66],[-67.2,44.65],[-67.19,44.64],[-67.23,44.64],[-67.25,44.64],[-67.25,44.67],[-67.27,44.66],[-67.27,44.64],[-67.26,44.64],[-67.28,44.62],[-67.3,44.64],[-67.3,44.65],[-67.31,44.66],[-67.31,44.68],[-67.31,44.69],[-67.3,44.7],[-67.31,44.71],[-67.33,44.7],[-67.35,44.7],[-67.38,44.69],[-67.39,44.67],[-67.38,44.67],[-67.37,44.65],[-67.38,44.64],[-67.36,44.63],[-67.38,44.62],[-67.39,44.62],[-67.4,44.6],[-67.41,44.59],[-67.42,44.6],[-67.42,44.62],[-67.43,44.63],[-67.42,44.63],[-67.43,44.65],[-67.44,44.65],[-67.45,44.63],[-67.43,44.61],[-67.45,44.6],[-67.47,44.61],[-67.49,44.61],[-67.49,44.63],[-67.51,44.64],[-67.52,44.63],[-67.53,44.62],[-67.54,44.63],[-67.53,44.64],[-67.55,44.65],[-67.56,44.62],[-67.55,44.6],[-67.57,44.58],[-67.57,44.56],[-67.56,44.54],[-67.57,44.53],[-67.61,44.53],[-67.64,44.53],[-67.64,44.54],[-67.64,44.55],[-67.64,44.56],[-67.66,44.57],[-67.67,44.54],[-67.69,44.54],[-67.7,44.53],[-67.7,44.51],[-67.71,44.5],[-67.72,44.5],[-67.74,44.5],[-67.74,44.53],[-67.75,44.54],[-67.76,44.55],[-67.75,44.56],[-67.75,44.57],[-67.74,44.59],[-67.74,44.61],[-67.75,44.6],[-67.75,44.59],[-67.77,44.57],[-67.77,44.55],[-67.79,44.55],[-67.78,44.53],[-67.78,44.52],[-67.8,44.52],[-67.8,44.54],[-67.8,44.55],[-67.78,44.55],[-67.79,44.56],[-67.78,44.6],[-67.8,44.61],[-67.79,44.6],[-67.8,44.59],[-67.8,44.57],[-67.81,44.56],[-67.82,44.59],[-67.83,44.59],[-67.84,44.58],[-67.85,44.58],[-67.84,44.57],[-67.85,44.56],[-67.84,44.54],[-67.86,44.53],[-67.87,44.54],[-67.88,44.53],[-67.86,44.52],[-67.85,44.49],[-67.85,44.48],[-67.87,44.47],[-67.87,44.48],[-67.87,44.49],[-67.87,44.48],[-67.89,44.48],[-67.88,44.46],[-67.89,44.45],[-67.89,44.41],[-67.9,44.4],[-67.91,44.41],[-67.91,44.43],[-67.91,44.45],[-67.9,44.46],[-67.9,44.45],[-67.9,44.46],[-67.91,44.48],[-67.93,44.47],[-67.92,44.45],[-67.93,44.42],[-67.93,44.41],[-67.94,44.41],[-67.96,44.43],[-67.96,44.46],[-67.97,44.47],[-67.97,44.48],[-67.97,44.5],[-67.98,44.5],[-67.98,44.48],[-67.99,44.46],[-68.01,44.47],[-68.01,44.48],[-68.03,44.48],[-68.03,44.47],[-68.02,44.46],[-68,44.46],[-67.99,44.45],[-67.98,44.45],[-67.97,44.41],[-67.96,44.4],[-67.98,44.39],[-67.99,44.39],[-68,44.41],[-68.02,44.4],[-68.01,44.39],[-68.03,44.37],[-68.05,44.36],[-68.04,44.34],[-68.05,44.34],[-68.06,44.33],[-68.08,44.35],[-68.08,44.37],[-68.07,44.38],[-68.09,44.39],[-68.09,44.37],[-68.1,44.38],[-68.1,44.4],[-68.11,44.4],[-68.11,44.41],[-68.12,44.43],[-68.12,44.46],[-68.11,44.48],[-68.13,44.48],[-68.13,44.49],[-68.16,44.5],[-68.17,44.48],[-68.18,44.48],[-68.19,44.49],[-68.2,44.49],[-68.2,44.51],[-68.19,44.51],[-68.23,44.53],[-68.24,44.53],[-68.25,44.54],[-68.25,44.55],[-68.25,44.56],[-68.24,44.58],[-68.23,44.57],[-68.22,44.58],[-68.24,44.59],[-68.27,44.58],[-68.27,44.56],[-68.28,44.56],[-68.27,44.54],[-68.22,44.52],[-68.21,44.51],[-68.22,44.49],[-68.24,44.47],[-68.26,44.49],[-68.27,44.51],[-68.26,44.51],[-68.27,44.52],[-68.28,44.51],[-68.29,44.51],[-68.31,44.52],[-68.28,44.5],[-68.26,44.49],[-68.27,44.47],[-68.29,44.47],[-68.28,44.46],[-68.27,44.46],[-68.28,44.45],[-68.3,44.45],[-68.32,44.46],[-68.34,44.45],[-68.35,44.46],[-68.35,44.45],[-68.37,44.43],[-68.39,44.43],[-68.39,44.42],[-68.42,44.4],[-68.43,44.4],[-68.43,44.43],[-68.43,44.44],[-68.43,44.45],[-68.42,44.47],[-68.42,44.49],[-68.43,44.5],[-68.44,44.48],[-68.47,44.49],[-68.47,44.47],[-68.46,44.45],[-68.47,44.44],[-68.46,44.42],[-68.46,44.4],[-68.46,44.39],[-68.47,44.38],[-68.48,44.38],[-68.48,44.39],[-68.47,44.4],[-68.48,44.42],[-68.48,44.44],[-68.5,44.43],[-68.5,44.42],[-68.52,44.41],[-68.53,44.4],[-68.57,44.4],[-68.57,44.39],[-68.55,44.37],[-68.55,44.36],[-68.56,44.33],[-68.57,44.31],[-68.55,44.29],[-68.54,44.29],[-68.52,44.27],[-68.54,44.26],[-68.54,44.27],[-68.52,44.24],[-68.53,44.23],[-68.55,44.24],[-68.58,44.25],[-68.61,44.28],[-68.62,44.28],[-68.63,44.29],[-68.67,44.29],[-68.67,44.3],[-68.69,44.3],[-68.7,44.3],[-68.7,44.31],[-68.75,44.33],[-68.77,44.33],[-68.79,44.32],[-68.79,44.31],[-68.83,44.31],[-68.82,44.33],[-68.83,44.33],[-68.82,44.35],[-68.79,44.37],[-68.8,44.38],[-68.79,44.38],[-68.77,44.36],[-68.76,44.37],[-68.76,44.38],[-68.78,44.39],[-68.77,44.4],[-68.77,44.41],[-68.8,44.39],[-68.82,44.38],[-68.82,44.41],[-68.81,44.43],[-68.8,44.44],[-68.8,44.45],[-68.78,44.45],[-68.79,44.47],[-68.78,44.48],[-68.78,44.5],[-68.81,44.5],[-68.83,44.49],[-68.84,44.48],[-68.82,44.47],[-68.86,44.45],[-68.86,44.47],[-68.86,44.48],[-68.88,44.46],[-68.9,44.47],[-68.9,44.45],[-68.91,44.45],[-68.92,44.46],[-68.93,44.44],[-68.97,44.43],[-69.01,44.43],[-69.02,44.44],[-68.99,44.42],[-68.98,44.4],[-68.98,44.39],[-68.96,44.37],[-68.95,44.35],[-68.95,44.33],[-68.96,44.31],[-68.98,44.3],[-69,44.29],[-69,44.27],[-69.02,44.25],[-69.03,44.25],[-69.04,44.23],[-69.06,44.21],[-69.05,44.19],[-69.06,44.17],[-69.07,44.18],[-69.08,44.16],[-69.08,44.13],[-69.08,44.12],[-69.09,44.12],[-69.11,44.11],[-69.1,44.09],[-69.08,44.09],[-69.05,44.08],[-69.06,44.07],[-69.08,44.06],[-69.07,44.05],[-69.1,44.03],[-69.11,44.04],[-69.12,44.04],[-69.13,44.05],[-69.14,44.08],[-69.15,44.07],[-69.13,44.05],[-69.13,44.04],[-69.12,44.04],[-69.11,44.03],[-69.13,44.02],[-69.13,44.01],[-69.15,44],[-69.16,44],[-69.18,43.99],[-69.18,43.98],[-69.19,43.98],[-69.19,44],[-69.2,43.98],[-69.19,43.98],[-69.2,43.97],[-69.19,43.96],[-69.2,43.94],[-69.22,43.93],[-69.23,43.93],[-69.26,43.92],[-69.27,43.94],[-69.28,43.95],[-69.25,43.97],[-69.25,43.99],[-69.24,43.98],[-69.23,44],[-69.22,44],[-69.22,44.01],[-69.19,44.04],[-69.19,44.05],[-69.17,44.07],[-69.18,44.07],[-69.2,44.04],[-69.22,44.02],[-69.25,44],[-69.26,43.98],[-69.27,43.98],[-69.29,43.97],[-69.28,43.97],[-69.3,43.95],[-69.31,43.96],[-69.31,43.97],[-69.3,43.98],[-69.3,44],[-69.29,44.01],[-69.3,44],[-69.31,43.99],[-69.32,43.97],[-69.33,43.97],[-69.37,43.97],[-69.37,43.99],[-69.36,44],[-69.36,44.02],[-69.37,44.02],[-69.35,44.04],[-69.35,44.06],[-69.38,44.07],[-69.38,44.08],[-69.38,44.09],[-69.39,44.07],[-69.38,44.06],[-69.37,44.05],[-69.37,44.04],[-69.38,44.02],[-69.39,44.04],[-69.41,44.03],[-69.41,44.02],[-69.39,44.02],[-69.39,44],[-69.41,43.99],[-69.41,43.98],[-69.42,43.98],[-69.43,43.98],[-69.44,43.97],[-69.46,43.9],[-69.47,43.88],[-69.48,43.88],[-69.5,43.84],[-69.51,43.84],[-69.52,43.87],[-69.52,43.88],[-69.53,43.88],[-69.55,43.89],[-69.56,43.87],[-69.55,43.86],[-69.55,43.84],[-69.57,43.84],[-69.56,43.86],[-69.58,43.88],[-69.58,43.89],[-69.57,43.89],[-69.57,43.9],[-69.56,43.9],[-69.57,43.91],[-69.56,43.93],[-69.58,43.94],[-69.58,43.95],[-69.57,43.96],[-69.55,43.98],[-69.54,44],[-69.54,44.02],[-69.55,44.01],[-69.55,44],[-69.56,43.99],[-69.57,43.98],[-69.58,43.96],[-69.58,43.95],[-69.59,43.93],[-69.59,43.92],[-69.58,43.91],[-69.59,43.89],[-69.59,43.87],[-69.58,43.87],[-69.57,43.85],[-69.58,43.82],[-69.59,43.81],[-69.6,43.83],[-69.59,43.85],[-69.6,43.86],[-69.61,43.84],[-69.62,43.83],[-69.63,43.84],[-69.65,43.85],[-69.65,43.84],[-69.65,43.79],[-69.66,43.79],[-69.67,43.8],[-69.68,43.81],[-69.69,43.83],[-69.67,43.83],[-69.67,43.84],[-69.66,43.85],[-69.65,43.84],[-69.66,43.85],[-69.67,43.86],[-69.67,43.87],[-69.68,43.87],[-69.69,43.89],[-69.68,43.91],[-69.67,43.93],[-69.66,43.91],[-69.65,43.93],[-69.67,43.93],[-69.67,43.94],[-69.66,43.97],[-69.64,44.01],[-69.62,44.02],[-69.62,44.03],[-69.62,44.05],[-69.61,44.05],[-69.62,44.05],[-69.63,44.02],[-69.65,44.01],[-69.65,44.02],[-69.68,43.98],[-69.66,43.97],[-69.67,43.96],[-69.67,43.95],[-69.68,43.94],[-69.68,43.93],[-69.69,43.92],[-69.69,43.91],[-69.7,43.88],[-69.71,43.86],[-69.72,43.85],[-69.72,43.87],[-69.74,43.9],[-69.73,43.91],[-69.71,43.91],[-69.69,43.94],[-69.71,43.94],[-69.73,43.94],[-69.73,43.92],[-69.74,43.9],[-69.75,43.9],[-69.77,43.89],[-69.76,43.88],[-69.74,43.88],[-69.73,43.86],[-69.75,43.82],[-69.74,43.81],[-69.73,43.85],[-69.71,43.85],[-69.71,43.84],[-69.71,43.83],[-69.72,43.81],[-69.72,43.79],[-69.73,43.77],[-69.77,43.76],[-69.76,43.75],[-69.78,43.76],[-69.78,43.77],[-69.77,43.77],[-69.78,43.79],[-69.78,43.8],[-69.77,43.82],[-69.79,43.81],[-69.8,43.82],[-69.79,43.84],[-69.79,43.85],[-69.79,43.88],[-69.8,43.88],[-69.81,43.88],[-69.8,43.91],[-69.78,43.9],[-69.79,43.91],[-69.8,43.91],[-69.8,43.94],[-69.81,43.95],[-69.83,43.98],[-69.81,44.01],[-69.82,44.03],[-69.83,44.02],[-69.83,44.01],[-69.84,44],[-69.85,44],[-69.86,43.99],[-69.88,43.99],[-69.88,43.94],[-69.86,43.95],[-69.85,43.97],[-69.83,43.97],[-69.84,43.96],[-69.84,43.95],[-69.83,43.94],[-69.81,43.95],[-69.81,43.93],[-69.82,43.88],[-69.8,43.88],[-69.8,43.87],[-69.8,43.84],[-69.81,43.83],[-69.81,43.81],[-69.79,43.79],[-69.8,43.78],[-69.79,43.77],[-69.8,43.76],[-69.78,43.74],[-69.8,43.74],[-69.83,43.72],[-69.84,43.71],[-69.86,43.7],[-69.85,43.72],[-69.86,43.73],[-69.84,43.74],[-69.85,43.75],[-69.87,43.75],[-69.86,43.76],[-69.87,43.77],[-69.87,43.78],[-69.87,43.8],[-69.86,43.81],[-69.85,43.83],[-69.87,43.83],[-69.87,43.85],[-69.87,43.86],[-69.89,43.86],[-69.89,43.88],[-69.88,43.89],[-69.89,43.9],[-69.9,43.87],[-69.91,43.86],[-69.92,43.85],[-69.91,43.86],[-69.89,43.85],[-69.88,43.84],[-69.88,43.82],[-69.89,43.8],[-69.89,43.78],[-69.9,43.77],[-69.91,43.8],[-69.9,43.82],[-69.92,43.83],[-69.93,43.8],[-69.93,43.79],[-69.94,43.78],[-69.95,43.77],[-69.97,43.75],[-69.99,43.75],[-69.97,43.78],[-69.95,43.79],[-69.94,43.81],[-69.95,43.82],[-69.94,43.84],[-69.95,43.83],[-69.95,43.82],[-69.96,43.8],[-69.97,43.8],[-69.99,43.77],[-70.01,43.76],[-70,43.76],[-70,43.75],[-70.03,43.75],[-70.04,43.75],[-70.03,43.76],[-70.02,43.77],[-70.02,43.78],[-70.01,43.79],[-69.99,43.81],[-69.98,43.81],[-69.98,43.83],[-69.96,43.85],[-69.98,43.85],[-69.99,43.85],[-70,43.87],[-70.01,43.86],[-70.02,43.86],[-70.04,43.84],[-70.06,43.82],[-70.06,43.83],[-70.1,43.81],[-70.11,43.82],[-70.13,43.8],[-70.15,43.8],[-70.15,43.79],[-70.15,43.77],[-70.18,43.76],[-70.18,43.78],[-70.19,43.77],[-70.2,43.74],[-70.22,43.72],[-70.22,43.7],[-70.25,43.7],[-70.24,43.71],[-70.25,43.71],[-70.26,43.7],[-70.25,43.69],[-70.25,43.68],[-70.27,43.68],[-70.28,43.67],[-70.26,43.66],[-70.25,43.68],[-70.24,43.67],[-70.23,43.66],[-70.22,43.63],[-70.21,43.62],[-70.22,43.6],[-70.2,43.59],[-70.21,43.58],[-70.2,43.57],[-70.21,43.56],[-70.23,43.56],[-70.25,43.55],[-70.27,43.55],[-70.27,43.56],[-70.31,43.54],[-70.32,43.54],[-70.34,43.56],[-70.34,43.55],[-70.36,43.53],[-70.38,43.51],[-70.39,43.49],[-70.38,43.46],[-70.37,43.45],[-70.35,43.44],[-70.37,43.44],[-70.38,43.43],[-70.38,43.41],[-70.4,43.4],[-70.42,43.4],[-70.43,43.39],[-70.42,43.38],[-70.45,43.35],[-70.47,43.34],[-70.48,43.35],[-70.5,43.34],[-70.52,43.34],[-70.54,43.34],[-70.56,43.31],[-70.57,43.29],[-70.58,43.27],[-70.59,43.25],[-70.59,43.23],[-70.58,43.22],[-70.59,43.2],[-70.59,43.19],[-70.62,43.16],[-70.63,43.15],[-70.62,43.13],[-70.64,43.13],[-70.63,43.12],[-70.66,43.1],[-70.66,43.09],[-70.67,43.07],[-70.7,43.07],[-70.7,43.08],[-70.72,43.08],[-70.74,43.08],[-70.75,43.08],[-70.74,43.08],[-70.74,43.06],[-70.73,43.07],[-70.71,43.07],[-70.71,43.06],[-70.71,43.04],[-70.73,43.03],[-70.73,43.01],[-70.74,43.01],[-70.75,42.99],[-70.76,42.99],[-70.77,42.96],[-70.79,42.94],[-70.8,42.92],[-70.83,42.89],[-70.81,42.89],[-70.82,42.85],[-70.81,42.83],[-70.83,42.82],[-70.86,42.81],[-70.85,42.8],[-70.84,42.8],[-70.82,42.82],[-70.81,42.81],[-70.8,42.78],[-70.79,42.75],[-70.77,42.71],[-70.78,42.71],[-70.8,42.72],[-70.8,42.73],[-70.82,42.76],[-70.83,42.76],[-70.82,42.75],[-70.81,42.73],[-70.82,42.72],[-70.82,42.71],[-70.8,42.71],[-70.79,42.69],[-70.8,42.69],[-70.79,42.69],[-70.78,42.69],[-70.74,42.68],[-70.73,42.67],[-70.75,42.67],[-70.75,42.65],[-70.72,42.65],[-70.72,42.66],[-70.69,42.66],[-70.68,42.64],[-70.67,42.65],[-70.68,42.65],[-70.67,42.67],[-70.65,42.69],[-70.62,42.69],[-70.62,42.66],[-70.59,42.66],[-70.59,42.64],[-70.62,42.63],[-70.63,42.62],[-70.63,42.6],[-70.65,42.58],[-70.65,42.59],[-70.66,42.61],[-70.68,42.6],[-70.68,42.59],[-70.7,42.58],[-70.71,42.57],[-70.75,42.57],[-70.76,42.57],[-70.78,42.57],[-70.8,42.56],[-70.82,42.55],[-70.85,42.55],[-70.86,42.54],[-70.87,42.55],[-70.88,42.54],[-70.91,42.55],[-70.92,42.55],[-70.91,42.55],[-70.88,42.53],[-70.87,42.53],[-70.89,42.52],[-70.88,42.5],[-70.86,42.52],[-70.84,42.52],[-70.84,42.5],[-70.84,42.49],[-70.86,42.49],[-70.88,42.48],[-70.9,42.46],[-70.92,42.47],[-70.95,42.46],[-70.97,42.44],[-70.98,42.43],[-70.99,42.42],[-70.99,42.4],[-70.96,42.36],[-70.95,42.35],[-70.95,42.34],[-70.99,42.37],[-71,42.37],[-71,42.36],[-71.01,42.35],[-71.03,42.36],[-71.05,42.37],[-71.05,42.35],[-71.03,42.35],[-71.02,42.34],[-71.03,42.33],[-71.03,42.32],[-71.04,42.31],[-71.04,42.3],[-71.02,42.3],[-71.02,42.29],[-71.01,42.28],[-70.98,42.27],[-70.95,42.27],[-70.95,42.26],[-70.96,42.25],[-70.93,42.26],[-70.92,42.26],[-70.91,42.27],[-70.9,42.26],[-70.88,42.25],[-70.88,42.28],[-70.88,42.29],[-70.89,42.31],[-70.91,42.3],[-70.92,42.31],[-70.89,42.31],[-70.87,42.29],[-70.85,42.27],[-70.83,42.27],[-70.79,42.25],[-70.76,42.24],[-70.75,42.22],[-70.72,42.21],[-70.72,42.2],[-70.71,42.16],[-70.7,42.16],[-70.68,42.13],[-70.66,42.1],[-70.64,42.09],[-70.64,42.08],[-70.65,42.07],[-70.65,42.05],[-70.66,42.05],[-70.67,42.03],[-70.67,42.01],[-70.68,42.01],[-70.7,42.01],[-70.71,42.01],[-70.7,42],[-70.7,41.99],[-70.68,41.98],[-70.66,41.96],[-70.65,41.95],[-70.62,41.94],[-70.6,41.94],[-70.58,41.95],[-70.56,41.94],[-70.54,41.92],[-70.55,41.91],[-70.53,41.89],[-70.53,41.87],[-70.53,41.86],[-70.53,41.84],[-70.54,41.83],[-70.54,41.82],[-70.53,41.8],[-70.51,41.79],[-70.48,41.77],[-70.46,41.76],[-70.41,41.74],[-70.38,41.74],[-70.32,41.73],[-70.29,41.73],[-70.28,41.72],[-70.3,41.72],[-70.31,41.73],[-70.35,41.72],[-70.33,41.71],[-70.32,41.71],[-70.28,41.71],[-70.24,41.73],[-70.23,41.74],[-70.19,41.75],[-70.18,41.75],[-70.14,41.76],[-70.12,41.76],[-70.09,41.77],[-70.07,41.77],[-70.02,41.79],[-70,41.81],[-70,41.83],[-70.01,41.88],[-70,41.89],[-70.02,41.89],[-70.01,41.9],[-70,41.91],[-70.03,41.91],[-70.02,41.93],[-70.04,41.93],[-70.06,41.93],[-70.06,41.92],[-70.07,41.9],[-70.07,41.94],[-70.08,41.94],[-70.08,41.99],[-70.08,42.01],[-70.09,42.03],[-70.1,42.04],[-70.12,42.05],[-70.15,42.06],[-70.18,42.06],[-70.19,42.05],[-70.19,42.03],[-70.17,42.03],[-70.19,42.02],[-70.21,42.03],[-70.22,42.04],[-70.24,42.06],[-70.24,42.07],[-70.22,42.08],[-70.2,42.08],[-70.17,42.08],[-70.11,42.07],[-70.07,42.05],[-70.05,42.03],[-70.01,41.99],[-69.98,41.94],[-69.96,41.9],[-69.95,41.85],[-69.95,41.82],[-69.96,41.81],[-69.95,41.8],[-69.95,41.79],[-69.95,41.8],[-69.94,41.8],[-69.93,41.75],[-69.93,41.73],[-69.93,41.7],[-69.94,41.72],[-69.93,41.74],[-69.94,41.75],[-69.97,41.75],[-69.97,41.74],[-69.99,41.74],[-70,41.72],[-69.99,41.71],[-69.98,41.72],[-69.97,41.72],[-69.97,41.71],[-69.98,41.71],[-69.97,41.71],[-69.96,41.71],[-69.95,41.7],[-69.95,41.69],[-69.95,41.68],[-69.95,41.67],[-69.96,41.65],[-69.99,41.66],[-70,41.67],[-70.11,41.66],[-70.14,41.65],[-70.18,41.65],[-70.19,41.66],[-70.2,41.64],[-70.22,41.63],[-70.25,41.63],[-70.27,41.61],[-70.27,41.62],[-70.26,41.63],[-70.24,41.63],[-70.26,41.65],[-70.27,41.65],[-70.28,41.63],[-70.32,41.63],[-70.34,41.64],[-70.37,41.63],[-70.37,41.62],[-70.4,41.61],[-70.39,41.62],[-70.41,41.62],[-70.4,41.61],[-70.43,41.61],[-70.44,41.6],[-70.45,41.6],[-70.46,41.61],[-70.47,41.6],[-70.45,41.58],[-70.47,41.56],[-70.49,41.55],[-70.51,41.55],[-70.51,41.57],[-70.53,41.57],[-70.53,41.56],[-70.53,41.55],[-70.54,41.55],[-70.58,41.54],[-70.62,41.54],[-70.64,41.53],[-70.66,41.52],[-70.68,41.53],[-70.66,41.54],[-70.65,41.56],[-70.64,41.57],[-70.65,41.6],[-70.65,41.61],[-70.64,41.63],[-70.65,41.65],[-70.63,41.65],[-70.63,41.67],[-70.62,41.68],[-70.64,41.69],[-70.64,41.68],[-70.66,41.68],[-70.65,41.69],[-70.62,41.7],[-70.62,41.71],[-70.62,41.72],[-70.63,41.73],[-70.63,41.74],[-70.61,41.76],[-70.63,41.76],[-70.62,41.75],[-70.64,41.74],[-70.64,41.73],[-70.65,41.74],[-70.65,41.73],[-70.66,41.72],[-70.67,41.72],[-70.69,41.72],[-70.71,41.73],[-70.7,41.74],[-70.71,41.76],[-70.71,41.74],[-70.72,41.75],[-70.71,41.74],[-70.73,41.73],[-70.75,41.74],[-70.73,41.73],[-70.71,41.71],[-70.72,41.7],[-70.72,41.68],[-70.73,41.7],[-70.75,41.7],[-70.76,41.7],[-70.76,41.68],[-70.76,41.65],[-70.77,41.65],[-70.81,41.66],[-70.83,41.65],[-70.81,41.64],[-70.8,41.63],[-70.82,41.63],[-70.84,41.62],[-70.85,41.63],[-70.86,41.62],[-70.85,41.6],[-70.86,41.6],[-70.87,41.63],[-70.89,41.63],[-70.91,41.62],[-70.91,41.61],[-70.9,41.59],[-70.91,41.59],[-70.92,41.61],[-70.93,41.61],[-70.93,41.59],[-70.94,41.58],[-70.95,41.57],[-70.94,41.56],[-70.94,41.55],[-70.93,41.54],[-70.95,41.54],[-70.95,41.53],[-70.97,41.53],[-70.97,41.54],[-70.99,41.53],[-70.98,41.53],[-70.99,41.51],[-71.02,41.51],[-71.03,41.5],[-71.04,41.49],[-71.05,41.5],[-71.08,41.51],[-71.07,41.51],[-71.05,41.51],[-71.05,41.54],[-71.05,41.55],[-71.07,41.56],[-71.07,41.57],[-71.06,41.59],[-71.07,41.59],[-71.08,41.57],[-71.07,41.55],[-71.07,41.53],[-71.07,41.52],[-71.09,41.52],[-71.11,41.55],[-71.12,41.54],[-71.1,41.52],[-71.09,41.5],[-71.14,41.49],[-71.14,41.48],[-71.16,41.47],[-71.18,41.46],[-71.2,41.45],[-71.19,41.48],[-71.19,41.49],[-71.21,41.5],[-71.2,41.51],[-71.21,41.53],[-71.21,41.54],[-71.22,41.55],[-71.22,41.56],[-71.21,41.56],[-71.21,41.58],[-71.2,41.6],[-71.21,41.61],[-71.21,41.64],[-71.21,41.66],[-71.2,41.68],[-71.15,41.72],[-71.14,41.73],[-71.13,41.75],[-71.11,41.78],[-71.11,41.79],[-71.12,41.81],[-71.13,41.8],[-71.13,41.79],[-71.13,41.77],[-71.14,41.76],[-71.14,41.74],[-71.16,41.73],[-71.17,41.71],[-71.2,41.7],[-71.22,41.71],[-71.23,41.72],[-71.23,41.7],[-71.24,41.69],[-71.24,41.67],[-71.25,41.66],[-71.26,41.65],[-71.29,41.67],[-71.3,41.65],[-71.31,41.66],[-71.31,41.67],[-71.29,41.69],[-71.3,41.7],[-71.28,41.72],[-71.28,41.74],[-71.29,41.75],[-71.31,41.74],[-71.29,41.72],[-71.31,41.71],[-71.31,41.72],[-71.34,41.73],[-71.34,41.74],[-71.36,41.76],[-71.38,41.8],[-71.39,41.81],[-71.37,41.84],[-71.38,41.84],[-71.39,41.82],[-71.4,41.82],[-71.4,41.8],[-71.38,41.79],[-71.39,41.78],[-71.38,41.73],[-71.37,41.71],[-71.36,41.69],[-71.37,41.68],[-71.37,41.67],[-71.38,41.67],[-71.4,41.69],[-71.43,41.69],[-71.45,41.69],[-71.45,41.67],[-71.43,41.67],[-71.41,41.66],[-71.41,41.64],[-71.4,41.61],[-71.41,41.59],[-71.45,41.58],[-71.43,41.56],[-71.42,41.53],[-71.42,41.51],[-71.42,41.5],[-71.42,41.47],[-71.43,41.46],[-71.44,41.44],[-71.46,41.43],[-71.45,41.41],[-71.47,41.39],[-71.49,41.36],[-71.5,41.37],[-71.53,41.38],[-71.55,41.37],[-71.6,41.36],[-71.61,41.36],[-71.69,41.34],[-71.71,41.33],[-71.73,41.33],[-71.75,41.33],[-71.76,41.33],[-71.81,41.32],[-71.86,41.31],[-71.84,41.33],[-71.85,41.33],[-71.86,41.32],[-71.87,41.34],[-71.89,41.34],[-71.9,41.33],[-71.91,41.34],[-71.92,41.34],[-71.92,41.33],[-71.93,41.34],[-71.96,41.34],[-71.97,41.35],[-71.98,41.33],[-71.99,41.32],[-72,41.32],[-72.01,41.31],[-72.03,41.31],[-72.04,41.32],[-72.05,41.32],[-72.06,41.32],[-72.07,41.32],[-72.08,41.34],[-72.08,41.37],[-72.09,41.41],[-72.09,41.42],[-72.09,41.43],[-72.09,41.44],[-72.07,41.45],[-72.07,41.47],[-72.06,41.47],[-72.07,41.47],[-72.08,41.49],[-72.08,41.51],[-72.09,41.49],[-72.08,41.49],[-72.07,41.47],[-72.09,41.45],[-72.09,41.44],[-72.1,41.43],[-72.1,41.37],[-72.09,41.36],[-72.09,41.34],[-72.1,41.34],[-72.09,41.32],[-72.1,41.31],[-72.11,41.3],[-72.13,41.3],[-72.14,41.3],[-72.16,41.32],[-72.17,41.31],[-72.18,41.32],[-72.17,41.34],[-72.18,41.35],[-72.19,41.35],[-72.18,41.33],[-72.2,41.31],[-72.2,41.29],[-72.24,41.3],[-72.25,41.3],[-72.26,41.28],[-72.27,41.29],[-72.31,41.28],[-72.32,41.28],[-72.34,41.29],[-72.35,41.31],[-72.36,41.29],[-72.35,41.28],[-72.37,41.28],[-72.37,41.26],[-72.39,41.26],[-72.4,41.28],[-72.42,41.27],[-72.45,41.28],[-72.47,41.27],[-72.5,41.27],[-72.51,41.26],[-72.52,41.26],[-72.52,41.27],[-72.54,41.27],[-72.54,41.25],[-72.55,41.25],[-72.56,41.26],[-72.58,41.27],[-72.6,41.27],[-72.62,41.27],[-72.65,41.27],[-72.68,41.27],[-72.69,41.25],[-72.71,41.25],[-72.72,41.26],[-72.73,41.26],[-72.75,41.26],[-72.76,41.27],[-72.79,41.26],[-72.81,41.26],[-72.82,41.26],[-72.83,41.25],[-72.85,41.26],[-72.86,41.25],[-72.89,41.24],[-72.9,41.25],[-72.89,41.26],[-72.9,41.27],[-72.91,41.3],[-72.93,41.28],[-72.94,41.28],[-72.93,41.27],[-72.94,41.26],[-72.96,41.25],[-72.98,41.23],[-72.99,41.23],[-72.99,41.22],[-73,41.22],[-73.01,41.21],[-73.03,41.21],[-73.04,41.2],[-73.05,41.21],[-73.07,41.2],[-73.08,41.19],[-73.1,41.17],[-73.11,41.16],[-73.1,41.15],[-73.13,41.15],[-73.16,41.16],[-73.18,41.17],[-73.19,41.16],[-73.2,41.16],[-73.22,41.15],[-73.23,41.14],[-73.24,41.13],[-73.26,41.12],[-73.27,41.12],[-73.29,41.13],[-73.31,41.12],[-73.34,41.11],[-73.35,41.1],[-73.37,41.11],[-73.38,41.1],[-73.39,41.08],[-73.41,41.09],[-73.41,41.07],[-73.42,41.08],[-73.42,41.07],[-73.44,41.06],[-73.45,41.06],[-73.46,41.05],[-73.47,41.05],[-73.48,41.04],[-73.5,41.05],[-73.51,41.04],[-73.52,41.04],[-73.56,41.02],[-73.57,41.01],[-73.57,41.02],[-73.6,41.02],[-73.63,41],[-73.64,41.01],[-73.65,40.99],[-73.66,40.98],[-73.66,40.97],[-73.68,40.96],[-73.68,40.95],[-73.69,40.95],[-73.71,40.94],[-73.72,40.94],[-73.73,40.93],[-73.74,40.93],[-73.74,40.92],[-73.76,40.91],[-73.77,40.91],[-73.77,40.9],[-73.78,40.89],[-73.79,40.87],[-73.8,40.85],[-73.81,40.86],[-73.82,40.83],[-73.8,40.81],[-73.84,40.81],[-73.85,40.8],[-73.86,40.81],[-73.87,40.8],[-73.9,40.81],[-73.9,40.8],[-73.92,40.78],[-73.94,40.78],[-73.95,40.76],[-73.97,40.74],[-73.97,40.73],[-73.98,40.71],[-74,40.71],[-74.01,40.7],[-74.02,40.71],[-74.03,40.71],[-74.06,40.69],[-74.07,40.7],[-74.08,40.67],[-74.09,40.67],[-74.09,40.65],[-74.1,40.65],[-74.12,40.65],[-74.15,40.65],[-74.12,40.68],[-74.1,40.7],[-74.11,40.71],[-74.1,40.72],[-74.09,40.74],[-74.1,40.72],[-74.12,40.73],[-74.12,40.71],[-74.13,40.7],[-74.14,40.69],[-74.14,40.68],[-74.14,40.67],[-74.15,40.66],[-74.16,40.66],[-74.19,40.64],[-74.17,40.64],[-74.16,40.64],[-74.08,40.65],[-74.07,40.64],[-74.07,40.62],[-74.05,40.6],[-74.08,40.58],[-74.1,40.56],[-74.13,40.54],[-74.14,40.54],[-74.16,40.53],[-74.19,40.52],[-74.19,40.51],[-74.21,40.51],[-74.22,40.5],[-74.25,40.5],[-74.26,40.51],[-74.24,40.52],[-74.24,40.53],[-74.25,40.54],[-74.23,40.56],[-74.22,40.56],[-74.2,40.57],[-74.21,40.56],[-74.25,40.55],[-74.25,40.52],[-74.27,40.5],[-74.28,40.49],[-74.27,40.48],[-74.26,40.46],[-74.19,40.44],[-74.18,40.46],[-74.17,40.45],[-74.15,40.45],[-74.14,40.46],[-74.11,40.44],[-74.1,40.44],[-74.06,40.42],[-74.04,40.42],[-74,40.41],[-73.98,40.4],[-73.98,40.39],[-73.99,40.38],[-74,40.39],[-74.02,40.39],[-74.04,40.37],[-74.06,40.37],[-74.06,40.35],[-74.05,40.37],[-74.03,40.37],[-74.02,40.38],[-73.98,40.38],[-73.98,40.41],[-73.99,40.43],[-73.99,40.44],[-74,40.45],[-74.01,40.46],[-74,40.47],[-73.98,40.44],[-73.98,40.42],[-73.97,40.41],[-73.97,40.36],[-73.97,40.33],[-73.98,40.3],[-73.98,40.27],[-74,40.23],[-74,40.22],[-74.01,40.2],[-74.01,40.18],[-74.02,40.17],[-74.02,40.16],[-74.04,40.1],[-74.04,40.11],[-74.05,40.11],[-74.07,40.09],[-74.09,40.1],[-74.07,40.09],[-74.06,40.1],[-74.05,40.11],[-74.04,40.1],[-74.03,40.1],[-74.06,40],[-74.07,39.94],[-74.08,39.89],[-74.1,39.77],[-74.1,39.78],[-74.12,39.78],[-74.12,39.79],[-74.1,39.78],[-74.1,39.8],[-74.1,39.81],[-74.09,39.83],[-74.09,39.89],[-74.09,39.9],[-74.08,39.93],[-74.08,39.95],[-74.08,39.97],[-74.07,39.97],[-74.08,39.99],[-74.06,40.01],[-74.06,40.02],[-74.05,40.03],[-74.05,40.05],[-74.05,40.06],[-74.07,40.06],[-74.08,40.06],[-74.11,40.05],[-74.12,40.06],[-74.12,40.05],[-74.1,40.05],[-74.09,40.05],[-74.08,40.05],[-74.06,40.05],[-74.06,40.04],[-74.08,40.03],[-74.09,40.01],[-74.1,40.01],[-74.11,40.02],[-74.12,40.02],[-74.11,40.01],[-74.13,40],[-74.14,39.99],[-74.12,39.99],[-74.11,39.98],[-74.12,39.96],[-74.11,39.96],[-74.12,39.95],[-74.14,39.94],[-74.15,39.94],[-74.17,39.95],[-74.19,39.94],[-74.16,39.94],[-74.13,39.93],[-74.11,39.93],[-74.11,39.92],[-74.12,39.91],[-74.14,39.88],[-74.13,39.86],[-74.15,39.85],[-74.15,39.84],[-74.17,39.83],[-74.16,39.82],[-74.18,39.8],[-74.19,39.76],[-74.19,39.75],[-74.2,39.74],[-74.17,39.74],[-74.17,39.72],[-74.18,39.72],[-74.16,39.7],[-74.18,39.7],[-74.19,39.69],[-74.19,39.68],[-74.21,39.67],[-74.22,39.66],[-74.21,39.65],[-74.22,39.64],[-74.24,39.65],[-74.25,39.64],[-74.25,39.63],[-74.27,39.62],[-74.27,39.61],[-74.28,39.61],[-74.32,39.59],[-74.33,39.58],[-74.34,39.58],[-74.34,39.56],[-74.32,39.55],[-74.3,39.54],[-74.3,39.52],[-74.31,39.51],[-74.33,39.51],[-74.34,39.54],[-74.35,39.55],[-74.38,39.54],[-74.39,39.54],[-74.4,39.55],[-74.41,39.55],[-74.41,39.54],[-74.41,39.52],[-74.41,39.51],[-74.4,39.5],[-74.38,39.48],[-74.39,39.47],[-74.39,39.46],[-74.4,39.46],[-74.39,39.44],[-74.4,39.44],[-74.4,39.42],[-74.41,39.41],[-74.41,39.43],[-74.43,39.46],[-74.46,39.45],[-74.47,39.42],[-74.48,39.42],[-74.49,39.4],[-74.48,39.39],[-74.47,39.4],[-74.44,39.39],[-74.42,39.38],[-74.41,39.36],[-74.42,39.36],[-74.44,39.35],[-74.48,39.33],[-74.52,39.31],[-74.52,39.32],[-74.51,39.34],[-74.49,39.35],[-74.48,39.36],[-74.47,39.36],[-74.48,39.36],[-74.49,39.35],[-74.5,39.36],[-74.49,39.37],[-74.5,39.38],[-74.52,39.39],[-74.52,39.37],[-74.52,39.36],[-74.52,39.35],[-74.52,39.34],[-74.51,39.34],[-74.53,39.33],[-74.53,39.31],[-74.56,39.31],[-74.57,39.3],[-74.59,39.31],[-74.6,39.31],[-74.62,39.3],[-74.64,39.31],[-74.65,39.3],[-74.65,39.29],[-74.63,39.29],[-74.62,39.29],[-74.63,39.26],[-74.61,39.26],[-74.61,39.27],[-74.6,39.28],[-74.59,39.28],[-74.59,39.29],[-74.58,39.29],[-74.56,39.3],[-74.56,39.28],[-74.59,39.27],[-74.61,39.25],[-74.64,39.21],[-74.65,39.22],[-74.66,39.21],[-74.65,39.2],[-74.66,39.19],[-74.69,39.15],[-74.71,39.12],[-74.72,39.12],[-74.71,39.11],[-74.71,39.1],[-74.74,39.07],[-74.77,39.03],[-74.78,39.03],[-74.77,39.05],[-74.76,39.06],[-74.75,39.07],[-74.77,39.08],[-74.76,39.09],[-74.76,39.1],[-74.76,39.11],[-74.78,39.11],[-74.8,39.09],[-74.77,39.08],[-74.77,39.07],[-74.76,39.07],[-74.76,39.06],[-74.78,39.04],[-74.79,39.03],[-74.81,39.03],[-74.82,39.02],[-74.83,39.01],[-74.85,39.02],[-74.85,39.01],[-74.84,39],[-74.84,38.99],[-74.84,39],[-74.83,39.01],[-74.81,39.01],[-74.8,39.02],[-74.81,39.03],[-74.79,39.02],[-74.79,39],[-74.8,38.99],[-74.82,38.98],[-74.83,38.97],[-74.86,38.94],[-74.87,38.96],[-74.9,38.95],[-74.9,38.94],[-74.91,38.93],[-74.96,38.97],[-74.95,39],[-74.94,39.03],[-74.9,39.09],[-74.89,39.11],[-74.89,39.15],[-74.89,39.17],[-74.9,39.17],[-74.92,39.18],[-74.93,39.19],[-74.94,39.19],[-74.99,39.2],[-74.99,39.19],[-75,39.19],[-75.03,39.19],[-75.03,39.23],[-75.04,39.23],[-75.05,39.22],[-75.09,39.21],[-75.1,39.22],[-75.12,39.21],[-75.13,39.19],[-75.14,39.18],[-75.15,39.19],[-75.17,39.2],[-75.17,39.22],[-75.17,39.24],[-75.18,39.24],[-75.19,39.24],[-75.2,39.26],[-75.24,39.27],[-75.24,39.29],[-75.25,39.3],[-75.27,39.3],[-75.29,39.29],[-75.32,39.31],[-75.33,39.33],[-75.33,39.34],[-75.35,39.35],[-75.36,39.34],[-75.37,39.35],[-75.39,39.36],[-75.4,39.38],[-75.42,39.39],[-75.43,39.39],[-75.44,39.39],[-75.49,39.36],[-75.5,39.35],[-75.47,39.33],[-75.46,39.33],[-75.45,39.32],[-75.44,39.31],[-75.43,39.29],[-75.41,39.27],[-75.41,39.25],[-75.59,39.38],[-75.96,39.71],[-76.3,40.05],[-76.6,40.42],[-76.86,40.81],[-77.05,41.21],[-77.16,41.63],[-77.18,42.11],[-77.11,42.61],[-76.96,43.11],[-76.77,43.61],[-76.67,43.79],[-76.54,43.97],[-76.44,44.09],[-76.35,44.13],[-76.32,44.19],[-76.32,44.2],[-76.29,44.21],[-76.24,44.21],[-76.2,44.22],[-76.17,44.24],[-76.16,44.28],[-76.13,44.3],[-76.11,44.3],[-76.09,44.31],[-76.05,44.33],[-76,44.35],[-75.97,44.34],[-75.96,44.35],[-75.95,44.36],[-75.93,44.36],[-75.91,44.37],[-75.85,44.41],[-75.82,44.43],[-75.81,44.47],[-75.77,44.52],[-75.72,44.55],[-75.68,44.58],[-75.64,44.61],[-75.63,44.62],[-75.59,44.65],[-75.53,44.7],[-75.51,44.7],[-75.5,44.72],[-75.48,44.72],[-75.47,44.74],[-75.44,44.75],[-75.42,44.77],[-75.37,44.79],[-75.37,44.8],[-75.35,44.81],[-75.33,44.81],[-75.31,44.83],[-75.31,44.84],[-75.28,44.85],[-75.26,44.86],[-75.2,44.88],[-75.18,44.89],[-75.15,44.9],[-75.13,44.91],[-75.1,44.93],[-75.07,44.93],[-75.07,44.94],[-75.02,44.95],[-74.99,44.98],[-74.97,44.98],[-74.92,44.98],[-74.91,44.99],[-74.89,45],[-74.87,45.01],[-74.83,45.02],[-74.8,45.01],[-74.79,45],[-74.76,45.01],[-74.76,44.99],[-74.73,44.99],[-74.72,45],[-74.7,45],[-74.68,45],[-74.67,45.01],[-74.64,45],[-74.58,45],[-74.4,44.99],[-74.35,44.99],[-74.3,44.99],[-74.15,44.99],[-74,45],[-73.83,45],[-73.63,45],[-73.51,45.01],[-73.34,45.01],[-73.2,45.01],[-73.05,45.02],[-72.97,45.01],[-72.85,45.02],[-72.63,45.01],[-72.59,45.01],[-72.56,45.01],[-72.45,45.01],[-72.32,45],[-72.17,45.01],[-72.08,45.01],[-71.95,45.01],[-71.91,45.01],[-71.8,45.01],[-71.68,45.01],[-71.62,45.01],[-71.55,45.01],[-71.51,45.01],[-71.5,45.03],[-71.5,45.05],[-71.48,45.08],[-71.46,45.09],[-71.45,45.11],[-71.43,45.13],[-71.43,45.14],[-71.42,45.19],[-71.41,45.19],[-71.41,45.22],[-71.42,45.23],[-71.4,45.24],[-71.38,45.23],[-71.36,45.26],[-71.36,45.27],[-71.34,45.28],[-71.33,45.28],[-71.31,45.29],[-71.3,45.3],[-71.28,45.3],[-71.27,45.3],[-71.26,45.28],[-71.24,45.26],[-71.23,45.25],[-71.2,45.25],[-71.19,45.25],[-71.16,45.25],[-71.13,45.27],[-71.11,45.28],[-71.11,45.29],[-71.1,45.3],[-71.06,45.32],[-71.02,45.32],[-71.01,45.32],[-71.01,45.35],[-70.98,45.34],[-70.96,45.34],[-70.95,45.34],[-70.94,45.33],[-70.92,45.32],[-70.91,45.3],[-70.92,45.29],[-70.91,45.27],[-70.9,45.25],[-70.89,45.24],[-70.87,45.23],[-70.85,45.23],[-70.84,45.24],[-70.85,45.27],[-70.83,45.28],[-70.84,45.29],[-70.82,45.3],[-70.81,45.32],[-70.82,45.37],[-70.82,45.4],[-70.8,45.43],[-70.76,45.43],[-70.75,45.43],[-70.74,45.41],[-70.71,45.39],[-70.68,45.39],[-70.65,45.38],[-70.64,45.38],[-70.64,45.4],[-70.63,45.4],[-70.64,45.41],[-70.63,45.42],[-70.64,45.43],[-70.65,45.44],[-70.68,45.45],[-70.7,45.48],[-70.72,45.49],[-70.71,45.5],[-70.72,45.51],[-70.7,45.54],[-70.68,45.56],[-70.68,45.57],[-70.65,45.6],[-70.62,45.61],[-70.59,45.64],[-70.58,45.65],[-70.56,45.67],[-70.53,45.67],[-70.51,45.68],[-70.46,45.71],[-70.45,45.7],[-70.43,45.71],[-70.41,45.72],[-70.39,45.74],[-70.4,45.76],[-70.41,45.76],[-70.42,45.8],[-70.4,45.8],[-70.39,45.82],[-70.35,45.85],[-70.31,45.86],[-70.3,45.87],[-70.26,45.89],[-70.26,45.91],[-70.26,45.93],[-70.24,45.93],[-70.24,45.95],[-70.26,45.95],[-70.26,45.96],[-70.31,45.97],[-70.31,45.99],[-70.31,46.02],[-70.29,46.06],[-70.31,46.06],[-70.3,46.08],[-70.29,46.1],[-70.27,46.1],[-70.25,46.1],[-70.25,46.11],[-70.24,46.14],[-70.24,46.15],[-70.28,46.18],[-70.29,46.19],[-70.27,46.21],[-70.26,46.24],[-70.25,46.26],[-70.23,46.29],[-70.22,46.29],[-70.21,46.33],[-70.19,46.35],[-70.17,46.36],[-70.15,46.36],[-70.13,46.37],[-70.13,46.38],[-70.11,46.39],[-70.09,46.41],[-70.08,46.41],[-70.06,46.41],[-70.05,46.43],[-70.01,46.65],[-70,46.7],[-69.96,46.73],[-69.81,46.88],[-69.7,47],[-69.52,47.17],[-69.4,47.29],[-69.38,47.3],[-69.27,47.41],[-69.26,47.43],[-69.22,47.46],[-69.2,47.45],[-69.18,47.46],[-69.16,47.45],[-69.15,47.45],[-69.11,47.44],[-69.09,47.43],[-69.06,47.43],[-69.05,47.42],[-69.04,47.41],[-69.04,47.4],[-69.05,47.36],[-69.05,47.32],[-69.05,47.3],[-69.04,47.28],[-69.05,47.26],[-69.04,47.24],[-68.97,47.21],[-68.96,47.21],[-68.94,47.21],[-68.92,47.2],[-68.9,47.18],[-68.88,47.19],[-68.87,47.19],[-68.83,47.2],[-68.81,47.21],[-68.78,47.22],[-68.75,47.23],[-68.74,47.23],[-68.71,47.24],[-68.69,47.24],[-68.66,47.24],[-68.61,47.25],[-68.6,47.26],[-68.6,47.27],[-68.58,47.29],[-68.55,47.28],[-68.51,47.3],[-68.47,47.3],[-68.45,47.28],[-68.43,47.28],[-68.41,47.29],[-68.39,47.29],[-68.38,47.29],[-68.38,47.3],[-68.38,47.32],[-68.38,47.34],[-68.37,47.35],[-68.33,47.36],[-68.28,47.36],[-68.24,47.35],[-68.23,47.35],[-68.22,47.35],[-68.15,47.32],[-68.15,47.31],[-68.12,47.29],[-68.08,47.27],[-68.08,47.26],[-68.05,47.25],[-68.02,47.23],[-67.99,47.21],[-67.96,47.2],[-67.94,47.17],[-67.93,47.15],[-67.91,47.15],[-67.89,47.13],[-67.89,47.11],[-67.83,47.09],[-67.82,47.08],[-67.78,47.06],[-67.78,46.86],[-67.78,46.6],[-67.78,46.47],[-67.78,46.31],[-67.78,46.23],[-67.78,46.1],[-67.78,45.95],[-67.78,45.94],[-67.75,45.92],[-67.77,45.9],[-67.79,45.89],[-67.8,45.88],[-67.79,45.86],[-67.77,45.84],[-67.76,45.83],[-67.77,45.82],[-67.78,45.82],[-67.8,45.81],[-67.8,45.78],[-67.79,45.75],[-67.78,45.73],[-67.8,45.73],[-67.81,45.72],[-67.8,45.7],[-67.79,45.68],[-67.77,45.68],[-67.76,45.67],[-67.74,45.67],[-67.73,45.67],[-67.74,45.69],[-67.73,45.69],[-67.71,45.68],[-67.69,45.65],[-67.67,45.63],[-67.64,45.62],[-67.64,45.63],[-67.61,45.61],[-67.59,45.61],[-67.58,45.6],[-67.53,45.6],[-67.5,45.6],[-67.48,45.6],[-67.46,45.61],[-67.43,45.58],[-67.43,45.56],[-67.42,45.55],[-67.44,45.54],[-67.43,45.52],[-67.42,45.51],[-67.43,45.5],[-67.44,45.51],[-67.47,45.5],[-67.49,45.49],[-67.49,45.47],[-67.48,45.46],[-67.48,45.43],[-67.43,45.4],[-67.42,45.38],[-67.43,45.36],[-67.43,45.34],[-67.46,45.33],[-67.45,45.31],[-67.48,45.29],[-67.48,45.27],[-67.47,45.25],[-67.44,45.23],[-67.43,45.21],[-67.43,45.19],[-67.4,45.17],[-67.38,45.15],[-67.35,45.14],[-67.32,45.14],[-67.3,45.15],[-67.3,45.16],[-67.29,45.19],[-67.27,45.19],[-67.25,45.18],[-67.24,45.17],[-67.22,45.16],[-67.21,45.17],[-67.16,45.15],[-67.15,45.12],[-67.14,45.11],[-67.12,45.1],[-67.11,45.08],[-67.11,45.06],[-67.12,45.06],[-67.1,45.05],[-67.08,45.03],[-67.07,45],[-67.05,44.98],[-67.06,44.97],[-67.05,44.96],[-67.04,44.95],[-67.05,44.95],[-67.05,44.93],[-67.09,44.93],[-67.11,44.94],[-67.14,44.94]],[[-70.82,43.2],[-70.83,43.19],[-70.83,43.17],[-70.83,43.16],[-70.83,43.14],[-70.83,43.12],[-70.85,43.13],[-70.85,43.14],[-70.87,43.12],[-70.87,43.1],[-70.88,43.09],[-70.89,43.08],[-70.91,43.07],[-70.92,43.06],[-70.87,43.06],[-70.83,43.04],[-70.83,43.06],[-70.84,43.07],[-70.86,43.09],[-70.84,43.11],[-70.82,43.12],[-70.8,43.1],[-70.8,43.12],[-70.82,43.12],[-70.83,43.14],[-70.83,43.15],[-70.83,43.19],[-70.82,43.19],[-70.82,43.2]],[[-74.07,40.8],[-74.09,40.78],[-74.1,40.77],[-74.11,40.76],[-74.11,40.75],[-74.09,40.75],[-74.09,40.76],[-74.09,40.78],[-74.07,40.8]],[[-74,40.32],[-74,40.34],[-73.98,40.34],[-73.98,40.35],[-73.98,40.36],[-73.98,40.35],[-74,40.35],[-74.01,40.34],[-74.02,40.34],[-74.02,40.33],[-74,40.33],[-74,40.32]],[[-74.54,39.34],[-74.55,39.35],[-74.56,39.34],[-74.56,39.33],[-74.54,39.34]],[[-74.69,39.19],[-74.71,39.18],[-74.7,39.17],[-74.69,39.17],[-74.68,39.18],[-74.7,39.18],[-74.69,39.19]],[[-74.83,39.05],[-74.8,39.05],[-74.8,39.07],[-74.82,39.07],[-74.83,39.05]],[[-74.86,38.97],[-74.88,38.97],[-74.87,38.96],[-74.86,38.97]],[[-68.7,44.4],[-68.72,44.42],[-68.73,44.42],[-68.72,44.45],[-68.71,44.45],[-68.71,44.46],[-68.73,44.46],[-68.73,44.45],[-68.73,44.44],[-68.75,44.43],[-68.74,44.42],[-68.74,44.41],[-68.71,44.4],[-68.7,44.4]]]]},"properties":{"Cat":"Above","Prob":33}},{"type":"Feature","geometry":{"type":"MultiPolygon","coordinates":[[[[-118.59,33.03],[-118.58,33.03],[-118.56,33.02],[-118.56,33.01],[-118.55,33],[-118.54,32.98],[-118.53,32.98],[-118.51,32.95],[-118.5,32.94],[-118.49,32.92],[-118.46,32.91],[-118.45,32.9],[-118.4,32.86],[-118.37,32.84],[-118.35,32.82],[-118.36,32.82],[-118.38,32.82],[-118.4,32.82],[-118.4,32.81],[-118.43,32.8],[-118.44,32.82],[-118.45,32.82],[-118.48,32.84],[-118.5,32.85],[-118.51,32.87],[-118.51,32.88],[-118.52,32.88],[-118.53,32.9],[-118.55,32.92],[-118.55,32.93],[-118.55,32.95],[-118.57,32.96],[-118.58,32.98],[-118.59,33],[-118.6,33.02],[-118.61,33.02],[-118.61,33.03],[-118.6,33.04],[-118.59,33.03]]],[[[-118.6,33.48],[-118.59,33.47],[-118.55,33.47],[-118.54,33.48],[-118.53,33.47],[-118.5,33.45],[-118.5,33.44],[-118.48,33.45],[-118.45,33.43],[-118.42,33.43],[-118.37,33.41],[-118.37,33.39],[-118.34,33.37],[-118.33,33.36],[-118.32,33.34],[-118.31,33.34],[-118.3,33.32],[-118.31,33.31],[-118.33,33.3],[-118.34,33.3],[-118.36,33.31],[-118.38,33.32],[-118.41,33.32],[-118.42,33.32],[-118.46,33.32],[-118.47,33.33],[-118.48,33.34],[-118.49,33.36],[-118.48,33.37],[-118.48,33.39],[-118.49,33.42],[-118.51,33.43],[-118.51,33.42],[-118.54,33.43],[-118.56,33.43],[-118.57,33.44],[-118.6,33.48]]],[[[-117.1,32.61],[-117.11,32.63],[-117.11,32.64],[-117.12,32.66],[-117.12,32.67],[-117.13,32.68],[-117.17,32.71],[-117.18,32.73],[-117.19,32.72],[-117.21,32.73],[-117.22,32.72],[-117.24,32.71],[-117.24,32.69],[-117.24,32.67],[-117.26,32.7],[-117.26,32.73],[-117.25,32.75],[-117.24,32.77],[-117.23,32.77],[-117.22,32.79],[-117.24,32.78],[-117.24,32.79],[-117.26,32.79],[-117.26,32.8],[-117.28,32.82],[-117.28,32.84],[-117.28,32.85],[-117.26,32.85],[-117.25,32.87],[-117.25,32.9],[-117.26,32.92],[-117.26,32.94],[-117.28,33],[-117.26,33.01],[-117.28,33.02],[-117.3,33.04],[-117.31,33.08],[-117.3,33.09],[-117.29,33.09],[-117.3,33.09],[-117.31,33.09],[-117.33,33.12],[-117.36,33.17],[-117.38,33.19],[-117.4,33.21],[-117.41,33.23],[-117.44,33.26],[-117.49,33.31],[-117.51,33.34],[-117.55,33.36],[-117.58,33.38],[-117.59,33.39],[-117.61,33.41],[-117.64,33.44],[-117.68,33.46],[-117.69,33.46],[-117.71,33.46],[-117.72,33.48],[-117.73,33.49],[-117.75,33.5],[-117.79,33.54],[-117.8,33.55],[-117.83,33.57],[-117.84,33.57],[-117.86,33.58],[-117.88,33.6],[-117.89,33.6],[-117.91,33.6],[-117.93,33.61],[-117.94,33.62],[-118,33.66],[-118.02,33.67],[-118.05,33.69],[-118.06,33.71],[-118.09,33.73],[-118.1,33.73],[-118.12,33.75],[-118.15,33.76],[-118.18,33.76],[-118.19,33.75],[-118.19,33.74],[-118.21,33.75],[-118.22,33.75],[-118.24,33.75],[-118.25,33.75],[-118.25,33.73],[-118.27,33.72],[-118.28,33.71],[-118.29,33.7],[-118.35,33.73],[-118.36,33.74],[-118.38,33.74],[-118.4,33.74],[-118.41,33.74],[-118.42,33.76],[-118.43,33.77],[-118.42,33.78],[-118.41,33.79],[-118.41,33.8],[-118.39,33.81],[-118.39,33.83],[-117.89,34.23],[-117.47,34.59],[-117.06,34.96],[-116.69,35.36],[-116.36,35.78],[-116.09,36.23],[-115.87,36.7],[-115.68,37.2],[-115.53,37.71],[-115.41,38.24],[-115.31,38.78],[-115.14,39.85],[-115.04,40.36],[-114.89,40.86],[-114.69,41.32],[-114.42,41.73],[-114.09,42.1],[-113.71,42.44],[-113.29,42.76],[-112.84,43.05],[-112.37,43.31],[-111.88,43.55],[-111.38,43.75],[-110.82,43.92],[-110.24,44.05],[-109.66,44.14],[-109.08,44.21],[-108.5,44.25],[-107.92,44.25],[-107.36,44.22],[-106.83,44.13],[-106.33,43.97],[-105.88,43.73],[-105.48,43.43],[-105.12,43.09],[-104.8,42.7],[-104.53,42.28],[-104.32,41.84],[-104.19,41.38],[-104.15,40.87],[-104.2,40.36],[-104.3,39.82],[-104.43,39.28],[-104.6,38.73],[-105.13,37.07],[-105.3,36.51],[-105.45,35.94],[-105.57,35.37],[-105.65,34.82],[-105.7,34.25],[-105.73,33.69],[-105.81,31.42],[-105.82,31.23],[-105.85,31.26],[-105.86,31.28],[-105.87,31.29],[-105.89,31.29],[-105.9,31.3],[-105.91,31.31],[-105.93,31.31],[-105.94,31.32],[-105.95,31.33],[-105.95,31.36],[-105.98,31.37],[-106.01,31.39],[-106.04,31.4],[-106.08,31.4],[-106.09,31.41],[-106.1,31.42],[-106.12,31.43],[-106.13,31.43],[-106.15,31.44],[-106.18,31.46],[-106.2,31.47],[-106.22,31.48],[-106.23,31.5],[-106.24,31.52],[-106.25,31.55],[-106.28,31.56],[-106.29,31.58],[-106.3,31.62],[-106.31,31.63],[-106.32,31.64],[-106.34,31.68],[-106.35,31.7],[-106.37,31.71],[-106.39,31.73],[-106.42,31.75],[-106.46,31.75],[-106.48,31.75],[-106.51,31.76],[-106.53,31.77],[-106.53,31.78],[-106.75,31.78],[-107,31.78],[-107.15,31.78],[-107.35,31.78],[-107.53,31.78],[-107.7,31.78],[-107.96,31.78],[-108.21,31.78],[-108.21,31.74],[-108.21,31.56],[-108.21,31.49],[-108.21,31.33],[-108.41,31.33],[-108.6,31.33],[-108.77,31.33],[-109.05,31.33],[-109.23,31.33],[-109.4,31.33],[-109.49,31.33],[-109.75,31.33],[-109.95,31.33],[-110.15,31.33],[-110.44,31.33],[-110.49,31.33],[-110.79,31.33],[-111.07,31.33],[-111.22,31.38],[-111.36,31.42],[-111.53,31.48],[-111.77,31.55],[-111.95,31.61],[-112.22,31.7],[-112.54,31.79],[-112.75,31.86],[-112.94,31.92],[-113.08,31.96],[-113.42,32.07],[-113.67,32.14],[-113.96,32.23],[-114.31,32.34],[-114.56,32.42],[-114.73,32.47],[-114.81,32.49],[-114.82,32.51],[-114.8,32.51],[-114.81,32.52],[-114.8,32.54],[-114.8,32.55],[-114.79,32.56],[-114.81,32.57],[-114.8,32.59],[-114.81,32.61],[-114.81,32.62],[-114.8,32.62],[-114.78,32.62],[-114.77,32.64],[-114.75,32.66],[-114.74,32.68],[-114.72,32.72],[-114.73,32.72],[-114.95,32.7],[-115.27,32.68],[-115.38,32.67],[-115.48,32.66],[-115.66,32.65],[-115.9,32.63],[-116.01,32.62],[-116.21,32.61],[-116.48,32.59],[-116.67,32.57],[-116.82,32.56],[-116.93,32.55],[-117.03,32.54],[-117.11,32.53],[-117.12,32.53],[-117.13,32.56],[-117.13,32.58],[-117.14,32.61],[-117.14,32.63],[-117.16,32.66],[-117.17,32.67],[-117.19,32.69],[-117.22,32.68],[-117.23,32.69],[-117.22,32.71],[-117.2,32.71],[-117.16,32.69],[-117.17,32.68],[-117.16,32.67],[-117.15,32.65],[-117.13,32.62],[-117.13,32.61],[-117.12,32.59],[-117.11,32.59],[-117.09,32.6],[-117.1,32.61]],[[-108.86,41.35],[-109.19,41.38],[-109.53,41.37],[-109.86,41.33],[-110.18,41.25],[-110.48,41.14],[-110.76,40.99],[-111,40.78],[-111.22,40.52],[-111.41,40.24],[-111.58,39.93],[-111.72,39.6],[-111.83,39.27],[-111.91,38.92],[-111.95,38.59],[-111.96,38.26],[-111.94,37.93],[-111.9,37.6],[-111.83,37.29],[-111.74,36.99],[-111.61,36.72],[-111.44,36.49],[-111.24,36.3],[-111,36.15],[-110.73,36.03],[-110.45,35.93],[-110.15,35.86],[-109.85,35.81],[-109.55,35.8],[-109.26,35.82],[-108.97,35.88],[-108.68,36.01],[-108.4,36.19],[-108.14,36.41],[-107.89,36.66],[-107.65,36.93],[-107.44,37.21],[-107.24,37.51],[-107.08,37.83],[-106.97,38.13],[-106.89,38.43],[-106.83,38.74],[-106.81,39.04],[-106.81,39.35],[-106.85,39.64],[-106.93,39.91],[-107.07,40.18],[-107.25,40.42],[-107.46,40.64],[-107.7,40.84],[-107.97,41.02],[-108.25,41.17],[-108.54,41.28],[-108.86,41.35]]]]},"properties":{"Cat":"Above","Prob":33}},{"type":"Feature","geometry":{"type":"MultiPolygon","coordinates":[[[[-89.37,28.97],[-89.37,28.96],[-89.4,28.93],[-89.41,28.93],[-89.38,28.97],[-89.37,28.97]]],[[[-89.34,29.03],[-89.34,29.02],[-89.36,29],[-89.39,28.96],[-89.4,28.97],[-89.37,29.01],[-89.35,29.02],[-89.35,29.03],[-89.34,29.03]]],[[[-89.26,29.08],[-89.26,29.07],[-89.26,29.06],[-89.28,29.06],[-89.3,29.05],[-89.29,29.05],[-89.31,29.03],[-89.31,29.02],[-89.33,29.01],[-89.35,28.99],[-89.36,28.97],[-89.37,28.97],[-89.37,28.98],[-89.33,29.03],[-89.31,29.06],[-89.28,29.09],[-89.27,29.09],[-89.26,29.08]]],[[[-89.42,29.19],[-89.43,29.2],[-89.42,29.2],[-89.42,29.19]]],[[[-89.03,29.19],[-89.05,29.19],[-89.03,29.2],[-89.03,29.19]]],[[[-89.35,29.21],[-89.36,29.19],[-89.38,29.19],[-89.38,29.2],[-89.37,29.21],[-89.35,29.21]]],[[[-89.5,29.26],[-89.5,29.25],[-89.52,29.25],[-89.51,29.26],[-89.5,29.26]]],[[[-89.98,29.26],[-89.97,29.26],[-89.95,29.27],[-89.95,29.26],[-89.96,29.25],[-90.01,29.23],[-90.02,29.21],[-90.04,29.2],[-90.02,29.22],[-90.01,29.23],[-89.99,29.24],[-89.98,29.26]]],[[[-89.91,29.29],[-89.94,29.27],[-89.94,29.29],[-89.92,29.29],[-89.91,29.29]]],[[[-89.97,29.32],[-89.97,29.31],[-89.98,29.31],[-89.98,29.32],[-89.97,29.32]]],[[[-90.11,29.33],[-90.1,29.32],[-90.11,29.31],[-90.11,29.33]]],[[[-90.08,29.33],[-90.09,29.33],[-90.09,29.34],[-90.08,29.33]]],[[[-89.81,29.34],[-89.83,29.33],[-89.84,29.34],[-89.82,29.35],[-89.81,29.36],[-89.8,29.35],[-89.81,29.34]]],[[[-89.57,29.36],[-89.55,29.34],[-89.57,29.33],[-89.57,29.34],[-89.58,29.36],[-89.57,29.36]]],[[[-89.64,29.36],[-89.64,29.35],[-89.65,29.35],[-89.66,29.33],[-89.66,29.32],[-89.68,29.29],[-89.69,29.29],[-89.74,29.31],[-89.79,29.31],[-89.79,29.32],[-89.79,29.33],[-89.76,29.34],[-89.76,29.33],[-89.73,29.33],[-89.72,29.34],[-89.73,29.35],[-89.73,29.36],[-89.72,29.37],[-89.72,29.36],[-89.71,29.35],[-89.7,29.35],[-89.69,29.35],[-89.66,29.36],[-89.65,29.36],[-89.64,29.36]]],[[[-90.05,29.35],[-90.06,29.35],[-90.06,29.36],[-90.06,29.38],[-90.04,29.38],[-90.04,29.37],[-90.04,29.36],[-90.05,29.35]]],[[[-89.37,29.38],[-89.38,29.38],[-89.38,29.39],[-89.37,29.38]]],[[[-90.06,29.45],[-90.04,29.45],[-90.04,29.43],[-90.03,29.43],[-90.04,29.42],[-90.06,29.43],[-90.05,29.43],[-90.06,29.45]]],[[[-90.02,29.49],[-90.02,29.48],[-90.03,29.48],[-90.04,29.47],[-90.02,29.47],[-90.02,29.46],[-90.03,29.46],[-90.05,29.46],[-90.06,29.46],[-90.04,29.48],[-90.05,29.49],[-90.04,29.48],[-90.02,29.49]]],[[[-90.05,29.49],[-90.06,29.49],[-90.08,29.49],[-90.09,29.49],[-90.08,29.48],[-90.09,29.47],[-90.1,29.49],[-90.12,29.5],[-90.11,29.51],[-90.09,29.5],[-90.08,29.51],[-90.07,29.5],[-90.06,29.5],[-90.05,29.49]]],[[[-89.68,29.53],[-89.67,29.53],[-89.66,29.53],[-89.67,29.52],[-89.68,29.52],[-89.68,29.53]]],[[[-89.59,29.54],[-89.59,29.51],[-89.61,29.53],[-89.61,29.54],[-89.59,29.55],[-89.57,29.55],[-89.57,29.54],[-89.59,29.54]]],[[[-89.69,29.58],[-89.68,29.59],[-89.67,29.58],[-89.68,29.57],[-89.69,29.58]]],[[[-89.68,29.6],[-89.69,29.6],[-89.68,29.62],[-89.67,29.6],[-89.68,29.6]]],[[[-89.62,29.61],[-89.62,29.6],[-89.63,29.6],[-89.64,29.61],[-89.65,29.62],[-89.63,29.63],[-89.63,29.62],[-89.62,29.61]]],[[[-89.54,29.66],[-89.55,29.67],[-89.53,29.68],[-89.54,29.66]]],[[[-89.45,29.66],[-89.46,29.67],[-89.46,29.68],[-89.45,29.68],[-89.44,29.67],[-89.45,29.66]]],[[[-89.52,29.7],[-89.52,29.69],[-89.54,29.7],[-89.52,29.71],[-89.52,29.7]]],[[[-89.38,29.81],[-89.37,29.82],[-89.37,29.83],[-89.35,29.82],[-89.36,29.81],[-89.37,29.81],[-89.38,29.81]]],[[[-89.32,29.83],[-89.33,29.83],[-89.33,29.85],[-89.32,29.83]]],[[[-89.33,29.86],[-89.34,29.86],[-89.34,29.87],[-89.33,29.87],[-89.33,29.86]]],[[[-89.28,29.87],[-89.27,29.87],[-89.27,29.85],[-89.28,29.85],[-89.29,29.87],[-89.28,29.87]]],[[[-89.31,29.91],[-89.3,29.92],[-89.3,29.91],[-89.31,29.91]]],[[[-89.42,29.94],[-89.42,29.92],[-89.43,29.93],[-89.42,29.94]]],[[[-89.25,29.93],[-89.27,29.93],[-89.29,29.92],[-89.28,29.93],[-89.27,29.94],[-89.25,29.93]]],[[[-88.83,29.88],[-88.83,29.89],[-88.82,29.91],[-88.83,29.93],[-88.83,29.94],[-88.83,29.95],[-88.83,29.97],[-88.82,29.96],[-88.82,29.91],[-88.83,29.88]]],[[[-89.37,30.05],[-89.39,30.03],[-89.41,30.03],[-89.41,30.04],[-89.39,30.03],[-89.38,30.05],[-89.37,30.05]]],[[[-89.23,30.05],[-89.21,30.06],[-89.19,30.05],[-89.2,30.04],[-89.21,30.04],[-89.23,30.04],[-89.24,30.05],[-89.24,30.06],[-89.23,30.07],[-89.23,30.05]]],[[[-89.24,30.1],[-89.23,30.1],[-89.23,30.09],[-89.24,30.09],[-89.24,30.1]]],[[[-89.25,30.1],[-89.26,30.09],[-89.26,30.08],[-89.26,30.06],[-89.27,30.07],[-89.3,30.06],[-89.32,30.07],[-89.3,30.08],[-89.29,30.07],[-89.28,30.08],[-89.27,30.09],[-89.29,30.1],[-89.26,30.11],[-89.24,30.12],[-89.25,30.1]]],[[[-89.42,30.14],[-89.42,30.13],[-89.44,30.13],[-89.44,30.14],[-89.42,30.14]]],[[[-89.07,30.23],[-89.08,30.21],[-89.11,30.21],[-89.11,30.22],[-89.12,30.23],[-89.07,30.23]]],[[[-88.7,30.25],[-88.66,30.23],[-88.6,30.23],[-88.6,30.22],[-88.64,30.23],[-88.68,30.23],[-88.71,30.24],[-88.75,30.24],[-88.75,30.25],[-88.73,30.25],[-88.72,30.25],[-88.7,30.25]]],[[[-87.81,30.25],[-87.8,30.23],[-87.83,30.23],[-87.88,30.23],[-87.93,30.23],[-87.98,30.23],[-88.02,30.22],[-88.02,30.23],[-88,30.23],[-87.96,30.24],[-87.95,30.26],[-87.94,30.26],[-87.92,30.25],[-87.91,30.25],[-87.89,30.24],[-87.86,30.24],[-87.82,30.25],[-87.81,30.25]]],[[[-88.16,30.25],[-88.14,30.26],[-88.13,30.25],[-88.11,30.26],[-88.1,30.26],[-88.09,30.26],[-88.08,30.25],[-88.1,30.24],[-88.12,30.25],[-88.16,30.25]]],[[[-88.57,30.33],[-88.58,30.33],[-88.58,30.34],[-88.57,30.34],[-88.57,30.33]]],[[[-88.02,30.49],[-88.05,30.51],[-88.04,30.52],[-88.03,30.52],[-88.02,30.49]]],[[[-88.38,30.39],[-88.39,30.39],[-88.4,30.38],[-88.41,30.38],[-88.4,30.36],[-88.39,30.35],[-88.4,30.35],[-88.41,30.35],[-88.43,30.36],[-88.45,30.36],[-88.45,30.34],[-88.46,30.33],[-88.47,30.32],[-88.5,30.32],[-88.51,30.33],[-88.53,30.34],[-88.57,30.34],[-88.56,30.37],[-88.56,30.38],[-88.55,30.38],[-88.57,30.39],[-88.57,30.38],[-88.56,30.37],[-88.57,30.35],[-88.58,30.35],[-88.59,30.37],[-88.6,30.36],[-88.61,30.38],[-88.6,30.4],[-88.61,30.38],[-88.64,30.36],[-88.66,30.36],[-88.68,30.36],[-88.7,30.34],[-88.71,30.34],[-88.74,30.34],[-88.75,30.35],[-88.77,30.36],[-88.81,30.38],[-88.78,30.38],[-88.8,30.39],[-88.81,30.39],[-88.84,30.41],[-88.85,30.43],[-88.86,30.43],[-88.89,30.42],[-88.9,30.43],[-88.93,30.43],[-88.94,30.42],[-88.95,30.42],[-88.98,30.43],[-88.99,30.43],[-88.99,30.44],[-88.99,30.43],[-89.01,30.42],[-88.99,30.41],[-88.98,30.42],[-88.95,30.41],[-88.94,30.42],[-88.93,30.41],[-88.91,30.42],[-88.9,30.41],[-88.88,30.41],[-88.86,30.41],[-88.86,30.39],[-88.88,30.39],[-88.92,30.39],[-88.97,30.39],[-89,30.39],[-89.08,30.37],[-89.09,30.36],[-89.1,30.36],[-89.13,30.35],[-89.18,30.33],[-89.21,30.33],[-89.28,30.31],[-89.29,30.3],[-89.29,30.33],[-89.27,30.33],[-89.27,30.34],[-89.29,30.35],[-89.28,30.36],[-89.3,30.37],[-89.31,30.37],[-89.31,30.38],[-89.34,30.37],[-89.36,30.37],[-89.37,30.35],[-89.38,30.35],[-89.36,30.34],[-89.35,30.34],[-89.33,30.34],[-89.32,30.32],[-89.33,30.3],[-89.34,30.3],[-89.37,30.28],[-89.38,30.27],[-89.42,30.25],[-89.42,30.24],[-89.42,30.23],[-89.45,30.2],[-89.45,30.19],[-89.45,30.18],[-89.47,30.19],[-89.49,30.19],[-89.5,30.18],[-89.52,30.18],[-89.56,30.18],[-89.57,30.17],[-89.57,30.16],[-89.59,30.15],[-89.62,30.16],[-89.63,30.15],[-89.64,30.14],[-89.66,30.12],[-89.68,30.11],[-89.68,30.08],[-89.7,30.07],[-89.72,30.07],[-89.73,30.06],[-89.73,30.05],[-89.72,30.03],[-89.73,30.02],[-89.75,30.04],[-89.77,30.05],[-89.82,30.05],[-89.84,30.02],[-89.86,30.01],[-89.85,29.98],[-89.84,29.95],[-89.84,29.94],[-89.82,29.93],[-89.8,29.93],[-89.78,29.93],[-89.75,29.95],[-89.73,29.96],[-89.71,29.95],[-89.75,29.93],[-89.75,29.91],[-89.73,29.89],[-89.71,29.88],[-89.69,29.87],[-89.65,29.86],[-89.63,29.86],[-89.61,29.87],[-89.59,29.88],[-89.59,29.89],[-89.59,29.92],[-89.58,29.93],[-89.58,29.95],[-89.57,29.96],[-89.57,29.98],[-89.58,29.99],[-89.56,30],[-89.55,30.01],[-89.51,30.03],[-89.49,30.04],[-89.5,30.06],[-89.49,30.07],[-89.48,30.07],[-89.46,30.06],[-89.45,30.06],[-89.44,30.05],[-89.44,30.04],[-89.43,30.03],[-89.45,30.02],[-89.45,30.01],[-89.46,30],[-89.44,29.98],[-89.46,29.98],[-89.48,29.99],[-89.47,29.97],[-89.46,29.96],[-89.45,29.95],[-89.44,29.97],[-89.43,29.96],[-89.39,29.96],[-89.4,29.95],[-89.38,29.94],[-89.38,29.93],[-89.41,29.92],[-89.4,29.93],[-89.39,29.93],[-89.4,29.94],[-89.42,29.94],[-89.44,29.93],[-89.45,29.92],[-89.44,29.91],[-89.43,29.9],[-89.44,29.89],[-89.43,29.89],[-89.42,29.88],[-89.42,29.87],[-89.42,29.86],[-89.43,29.85],[-89.42,29.84],[-89.41,29.84],[-89.4,29.86],[-89.41,29.86],[-89.42,29.87],[-89.42,29.88],[-89.42,29.89],[-89.4,29.88],[-89.39,29.89],[-89.41,29.9],[-89.39,29.9],[-89.38,29.92],[-89.37,29.9],[-89.38,29.9],[-89.4,29.87],[-89.39,29.87],[-89.38,29.88],[-89.37,29.89],[-89.36,29.89],[-89.35,29.91],[-89.35,29.9],[-89.34,29.88],[-89.34,29.87],[-89.35,29.87],[-89.36,29.85],[-89.38,29.84],[-89.4,29.83],[-89.42,29.82],[-89.42,29.81],[-89.41,29.81],[-89.39,29.81],[-89.38,29.8],[-89.35,29.8],[-89.33,29.78],[-89.31,29.79],[-89.29,29.8],[-89.29,29.77],[-89.3,29.76],[-89.31,29.76],[-89.33,29.78],[-89.34,29.78],[-89.35,29.78],[-89.37,29.78],[-89.38,29.79],[-89.4,29.79],[-89.41,29.77],[-89.42,29.79],[-89.43,29.78],[-89.44,29.79],[-89.43,29.8],[-89.47,29.82],[-89.48,29.82],[-89.48,29.81],[-89.47,29.81],[-89.47,29.8],[-89.47,29.79],[-89.45,29.78],[-89.45,29.77],[-89.44,29.77],[-89.44,29.74],[-89.45,29.76],[-89.46,29.76],[-89.47,29.77],[-89.48,29.75],[-89.47,29.75],[-89.47,29.74],[-89.47,29.73],[-89.43,29.71],[-89.43,29.7],[-89.44,29.68],[-89.45,29.69],[-89.46,29.7],[-89.47,29.71],[-89.47,29.72],[-89.48,29.73],[-89.5,29.73],[-89.52,29.74],[-89.53,29.76],[-89.54,29.76],[-89.54,29.75],[-89.56,29.74],[-89.58,29.76],[-89.59,29.75],[-89.6,29.75],[-89.61,29.74],[-89.63,29.76],[-89.64,29.76],[-89.65,29.75],[-89.65,29.73],[-89.65,29.71],[-89.64,29.71],[-89.63,29.71],[-89.62,29.7],[-89.6,29.7],[-89.6,29.68],[-89.61,29.69],[-89.62,29.68],[-89.59,29.68],[-89.58,29.67],[-89.56,29.67],[-89.55,29.66],[-89.54,29.66],[-89.53,29.66],[-89.55,29.65],[-89.56,29.66],[-89.58,29.66],[-89.61,29.66],[-89.63,29.68],[-89.67,29.69],[-89.66,29.67],[-89.67,29.67],[-89.67,29.66],[-89.64,29.65],[-89.66,29.65],[-89.66,29.64],[-89.65,29.62],[-89.68,29.63],[-89.69,29.61],[-89.71,29.61],[-89.71,29.62],[-89.73,29.61],[-89.72,29.63],[-89.73,29.64],[-89.74,29.63],[-89.75,29.63],[-89.76,29.63],[-89.75,29.62],[-89.73,29.61],[-89.72,29.6],[-89.73,29.59],[-89.71,29.58],[-89.7,29.58],[-89.7,29.57],[-89.69,29.55],[-89.68,29.54],[-89.68,29.53],[-89.69,29.53],[-89.68,29.53],[-89.69,29.52],[-89.67,29.51],[-89.65,29.52],[-89.65,29.51],[-89.63,29.5],[-89.63,29.48],[-89.62,29.48],[-89.61,29.49],[-89.6,29.49],[-89.59,29.49],[-89.58,29.47],[-89.57,29.47],[-89.56,29.46],[-89.55,29.46],[-89.55,29.45],[-89.53,29.45],[-89.54,29.43],[-89.56,29.45],[-89.57,29.44],[-89.55,29.43],[-89.54,29.42],[-89.55,29.42],[-89.57,29.41],[-89.56,29.39],[-89.55,29.39],[-89.53,29.38],[-89.52,29.38],[-89.51,29.38],[-89.47,29.4],[-89.46,29.4],[-89.44,29.39],[-89.4,29.37],[-89.39,29.38],[-89.38,29.39],[-89.38,29.38],[-89.39,29.37],[-89.4,29.35],[-89.39,29.35],[-89.37,29.35],[-89.37,29.34],[-89.36,29.34],[-89.35,29.33],[-89.34,29.35],[-89.32,29.35],[-89.29,29.36],[-89.28,29.36],[-89.28,29.35],[-89.26,29.34],[-89.26,29.32],[-89.27,29.31],[-89.28,29.31],[-89.27,29.3],[-89.3,29.3],[-89.31,29.3],[-89.32,29.3],[-89.32,29.27],[-89.31,29.25],[-89.29,29.25],[-89.28,29.23],[-89.27,29.21],[-89.26,29.23],[-89.26,29.24],[-89.26,29.26],[-89.25,29.26],[-89.24,29.27],[-89.24,29.29],[-89.25,29.3],[-89.23,29.3],[-89.22,29.32],[-89.21,29.33],[-89.2,29.34],[-89.19,29.32],[-89.18,29.33],[-89.18,29.32],[-89.17,29.31],[-89.14,29.28],[-89.14,29.26],[-89.13,29.25],[-89.12,29.25],[-89.12,29.24],[-89.13,29.24],[-89.14,29.24],[-89.13,29.24],[-89.13,29.23],[-89.13,29.22],[-89.12,29.22],[-89.12,29.21],[-89.11,29.2],[-89.1,29.2],[-89.09,29.19],[-89.06,29.2],[-89.05,29.19],[-89.06,29.18],[-89.07,29.18],[-89.08,29.18],[-89.09,29.18],[-89.09,29.16],[-89.11,29.16],[-89.11,29.14],[-89.1,29.14],[-89.08,29.14],[-89.06,29.12],[-89.06,29.11],[-89.07,29.1],[-89.09,29.12],[-89.1,29.12],[-89.11,29.11],[-89.12,29.1],[-89.11,29.08],[-89.12,29.08],[-89.13,29.08],[-89.15,29.07],[-89.15,29.05],[-89.16,29.05],[-89.17,29.04],[-89.16,29.02],[-89.15,29.01],[-89.17,29.01],[-89.19,29.02],[-89.19,29.03],[-89.21,29.03],[-89.21,29.04],[-89.22,29.06],[-89.22,29.07],[-89.22,29.08],[-89.24,29.09],[-89.24,29.1],[-89.25,29.1],[-89.26,29.11],[-89.27,29.11],[-89.29,29.08],[-89.31,29.07],[-89.33,29.04],[-89.34,29.03],[-89.35,29.04],[-89.33,29.05],[-89.34,29.06],[-89.32,29.06],[-89.31,29.07],[-89.31,29.09],[-89.29,29.09],[-89.29,29.1],[-89.3,29.12],[-89.28,29.12],[-89.28,29.14],[-89.28,29.16],[-89.27,29.17],[-89.28,29.19],[-89.3,29.22],[-89.31,29.22],[-89.32,29.22],[-89.34,29.22],[-89.34,29.2],[-89.34,29.19],[-89.34,29.18],[-89.34,29.17],[-89.35,29.16],[-89.35,29.18],[-89.34,29.2],[-89.35,29.22],[-89.36,29.23],[-89.37,29.22],[-89.39,29.22],[-89.38,29.21],[-89.4,29.2],[-89.41,29.21],[-89.42,29.21],[-89.43,29.2],[-89.44,29.2],[-89.45,29.19],[-89.46,29.2],[-89.49,29.23],[-89.48,29.25],[-89.47,29.24],[-89.46,29.24],[-89.47,29.25],[-89.48,29.25],[-89.49,29.24],[-89.5,29.25],[-89.5,29.26],[-89.47,29.26],[-89.48,29.29],[-89.48,29.3],[-89.49,29.31],[-89.49,29.32],[-89.51,29.33],[-89.52,29.33],[-89.54,29.35],[-89.57,29.36],[-89.58,29.36],[-89.59,29.36],[-89.6,29.36],[-89.6,29.37],[-89.61,29.39],[-89.64,29.4],[-89.65,29.41],[-89.65,29.4],[-89.65,29.39],[-89.67,29.39],[-89.68,29.4],[-89.71,29.39],[-89.73,29.39],[-89.73,29.4],[-89.74,29.41],[-89.75,29.41],[-89.75,29.42],[-89.78,29.4],[-89.79,29.41],[-89.81,29.41],[-89.82,29.41],[-89.81,29.43],[-89.84,29.42],[-89.84,29.45],[-89.82,29.45],[-89.82,29.46],[-89.84,29.48],[-89.86,29.47],[-89.87,29.48],[-89.86,29.47],[-89.87,29.46],[-89.89,29.47],[-89.88,29.48],[-89.9,29.49],[-89.91,29.48],[-89.92,29.49],[-89.92,29.51],[-89.93,29.51],[-89.93,29.5],[-89.93,29.49],[-89.93,29.48],[-89.93,29.46],[-89.95,29.46],[-89.97,29.46],[-89.98,29.46],[-89.99,29.47],[-89.99,29.48],[-90.01,29.48],[-90.02,29.5],[-90.04,29.49],[-90.04,29.5],[-90.07,29.51],[-90.08,29.52],[-90.08,29.54],[-90.09,29.53],[-90.11,29.53],[-90.13,29.55],[-90.15,29.53],[-90.16,29.54],[-90.16,29.55],[-90.17,29.56],[-90.16,29.57],[-90.19,29.57],[-90.21,29.57],[-90.21,29.56],[-90.23,29.53],[-90.21,29.52],[-90.23,29.52],[-90.23,29.51],[-90.23,29.5],[-90.2,29.5],[-90.19,29.48],[-90.18,29.47],[-90.17,29.47],[-90.16,29.48],[-90.15,29.47],[-90.14,29.46],[-90.13,29.46],[-90.12,29.45],[-90.11,29.45],[-90.09,29.45],[-90.06,29.45],[-90.07,29.44],[-90.06,29.42],[-90.06,29.41],[-90.07,29.4],[-90.06,29.39],[-90.07,29.37],[-90.07,29.36],[-90.08,29.35],[-90.06,29.34],[-90.05,29.31],[-90.04,29.31],[-90.04,29.3],[-90.06,29.31],[-90.06,29.32],[-90.07,29.33],[-90.1,29.36],[-90.1,29.34],[-90.11,29.35],[-90.12,29.34],[-90.14,29.35],[-90.14,29.36],[-90.12,29.36],[-90.13,29.37],[-90.15,29.35],[-90.15,29.36],[-90.15,29.35],[-90.13,29.33],[-90.13,29.31],[-90.12,29.3],[-90.13,29.29],[-90.12,29.28],[-90.11,29.27],[-90.11,29.24],[-90.1,29.21],[-90.13,29.22],[-90.14,29.21],[-90.12,29.2],[-90.1,29.21],[-90.1,29.2],[-90.07,29.2],[-90.07,29.21],[-90.06,29.2],[-90.07,29.18],[-90.1,29.16],[-90.14,29.13],[-90.19,29.1],[-90.22,29.09],[-90.24,29.1],[-90.25,29.11],[-90.24,29.11],[-90.23,29.13],[-90.25,29.14],[-90.25,29.15],[-90.25,29.17],[-90.26,29.17],[-90.26,29.18],[-90.26,29.19],[-90.27,29.2],[-90.29,29.24],[-90.3,29.26],[-90.31,29.27],[-90.32,29.27],[-90.34,29.29],[-90.33,29.3],[-90.33,29.31],[-90.35,29.34],[-90.36,29.34],[-90.35,29.32],[-90.36,29.3],[-90.37,29.29],[-90.39,29.38],[-90.57,29.85],[-90.81,30.29],[-91.11,30.71],[-91.45,31.1],[-91.82,31.47],[-92.21,31.8],[-92.63,32.09],[-93.06,32.32],[-93.52,32.47],[-94.04,32.53],[-94.57,32.51],[-95.11,32.42],[-95.65,32.28],[-96.19,32.09],[-96.72,31.87],[-97.23,31.6],[-97.71,31.28],[-98.12,30.92],[-98.5,30.53],[-98.86,30.12],[-99.17,29.68],[-99.46,29.23],[-99.7,28.77],[-99.89,28.31],[-99.98,27.99],[-100,28.02],[-100.01,28.03],[-100.02,28.07],[-100.05,28.08],[-100.06,28.11],[-100.07,28.12],[-100.09,28.15],[-100.11,28.16],[-100.14,28.17],[-100.17,28.17],[-100.18,28.18],[-100.21,28.2],[-100.22,28.23],[-100.25,28.23],[-100.28,28.26],[-100.29,28.28],[-100.29,28.29],[-100.29,28.3],[-100.29,28.31],[-100.32,28.35],[-100.33,28.37],[-100.34,28.38],[-100.35,28.4],[-100.34,28.43],[-100.34,28.45],[-100.36,28.47],[-100.37,28.48],[-100.34,28.49],[-100.34,28.5],[-100.36,28.51],[-100.39,28.51],[-100.41,28.54],[-100.41,28.55],[-100.4,28.58],[-100.43,28.6],[-100.45,28.61],[-100.45,28.64],[-100.47,28.64],[-100.48,28.66],[-100.5,28.66],[-100.51,28.69],[-100.51,28.72],[-100.51,28.74],[-100.52,28.74],[-100.52,28.76],[-100.53,28.76],[-100.54,28.78],[-100.53,28.79],[-100.54,28.81],[-100.55,28.81],[-100.55,28.83],[-100.57,28.83],[-100.58,28.83],[-100.58,28.85],[-100.59,28.86],[-100.6,28.88],[-100.59,28.89],[-100.61,28.89],[-100.6,28.9],[-100.62,28.91],[-100.63,28.9],[-100.64,28.92],[-100.63,28.92],[-100.64,28.93],[-100.65,28.95],[-100.65,28.96],[-100.65,28.98],[-100.65,29.01],[-100.66,29.03],[-100.67,29.08],[-100.68,29.11],[-100.71,29.12],[-100.74,29.14],[-100.74,29.15],[-100.75,29.15],[-100.76,29.16],[-100.78,29.17],[-100.77,29.19],[-100.77,29.2],[-100.78,29.2],[-100.78,29.22],[-100.8,29.23],[-100.8,29.24],[-100.81,29.25],[-100.82,29.25],[-100.82,29.26],[-100.83,29.26],[-100.88,29.28],[-100.88,29.29],[-100.89,29.31],[-100.9,29.31],[-100.92,29.32],[-100.94,29.33],[-100.95,29.34],[-100.97,29.35],[-100.98,29.36],[-101,29.36],[-101.01,29.37],[-101.02,29.39],[-101.04,29.41],[-101.04,29.42],[-101.05,29.44],[-101.06,29.46],[-101.09,29.47],[-101.12,29.47],[-101.13,29.48],[-101.14,29.47],[-101.15,29.48],[-101.17,29.5],[-101.17,29.51],[-101.2,29.52],[-101.22,29.52],[-101.24,29.52],[-101.25,29.52],[-101.26,29.53],[-101.25,29.56],[-101.24,29.57],[-101.25,29.6],[-101.25,29.62],[-101.25,29.63],[-101.27,29.63],[-101.28,29.62],[-101.28,29.59],[-101.29,29.57],[-101.3,29.57],[-101.31,29.59],[-101.31,29.62],[-101.3,29.64],[-101.31,29.65],[-101.32,29.66],[-101.35,29.66],[-101.36,29.65],[-101.37,29.65],[-101.37,29.67],[-101.38,29.68],[-101.37,29.7],[-101.38,29.7],[-101.4,29.71],[-101.4,29.73],[-101.42,29.74],[-101.42,29.75],[-101.4,29.76],[-101.41,29.77],[-101.44,29.75],[-101.45,29.75],[-101.46,29.79],[-101.47,29.79],[-101.49,29.77],[-101.51,29.76],[-101.54,29.76],[-101.54,29.77],[-101.54,29.8],[-101.55,29.81],[-101.57,29.79],[-101.57,29.77],[-101.58,29.77],[-101.6,29.77],[-101.4,30.25],[-101.15,30.73],[-100.86,31.19],[-100.53,31.62],[-100.16,32.03],[-99.77,32.38],[-99.35,32.71],[-98.91,33.01],[-98.46,33.3],[-97.98,33.56],[-97.5,33.81],[-97.01,34.03],[-96.51,34.22],[-95.93,34.4],[-95.35,34.54],[-94.77,34.66],[-94.19,34.75],[-93.61,34.82],[-93.05,34.86],[-92.5,34.87],[-91.98,34.82],[-91.5,34.72],[-91.06,34.53],[-90.74,34.28],[-90.45,33.97],[-90.18,33.61],[-89.39,32.41],[-89.1,31.99],[-88.15,30.74],[-88.06,30.61],[-88.06,30.59],[-88.08,30.57],[-88.09,30.57],[-88.08,30.54],[-88.08,30.53],[-88.1,30.51],[-88.1,30.5],[-88.1,30.47],[-88.11,30.45],[-88.1,30.42],[-88.11,30.38],[-88.11,30.36],[-88.13,30.34],[-88.14,30.35],[-88.15,30.33],[-88.16,30.33],[-88.17,30.33],[-88.19,30.32],[-88.2,30.32],[-88.19,30.34],[-88.19,30.37],[-88.21,30.36],[-88.23,30.37],[-88.24,30.37],[-88.26,30.38],[-88.28,30.38],[-88.29,30.39],[-88.31,30.38],[-88.32,30.39],[-88.34,30.4],[-88.35,30.41],[-88.38,30.39]],[[-89.52,29.81],[-89.51,29.83],[-89.52,29.83],[-89.53,29.81],[-89.52,29.81]],[[-89.71,29.46],[-89.72,29.44],[-89.71,29.46],[-89.7,29.45],[-89.69,29.43],[-89.68,29.42],[-89.69,29.41],[-89.68,29.42],[-89.66,29.41],[-89.66,29.43],[-89.67,29.44],[-89.69,29.44],[-89.69,29.47],[-89.71,29.47],[-89.71,29.46]],[[-89.5,30],[-89.49,29.99],[-89.48,29.98],[-89.48,29.99],[-89.49,30.01],[-89.51,30.01],[-89.5,30]]]]},"properties":{"Cat":"Below","Prob":33}},{"type":"Feature","geometry":{"type":"Polygon","coordinates":[[[-92.7,46],[-92.72,45.52],[-92.79,45.04],[-92.9,44.58],[-93.06,44.12],[-93.26,43.68],[-93.5,43.25],[-93.79,42.85],[-94.1,42.46],[-94.46,42.11],[-94.84,41.79],[-95.26,41.49],[-95.7,41.24],[-96.16,41.02],[-96.65,40.83],[-97.15,40.69],[-97.66,40.58],[-98.18,40.52],[-98.7,40.5],[-99.22,40.52],[-99.74,40.58],[-100.25,40.69],[-100.75,40.83],[-101.24,41.02],[-101.7,41.24],[-102.14,41.49],[-102.56,41.79],[-102.94,42.11],[-103.3,42.46],[-103.61,42.85],[-103.9,43.25],[-104.14,43.68],[-104.34,44.12],[-104.5,44.58],[-104.61,45.04],[-104.68,45.52],[-104.7,46],[-104.68,46.48],[-104.61,46.96],[-104.5,47.42],[-104.34,47.88],[-104.14,48.32],[-103.9,48.75],[-103.61,49.15],[-103.3,49.54],[-102.94,49.89],[-102.56,50.21],[-102.14,50.51],[-101.7,50.76],[-101.24,50.98],[-100.75,51.17],[-100.25,51.31],[-99.74,51.42],[-99.22,51.48],[-98.7,51.5],[-98.18,51.48],[-97.66,51.42],[-97.15,51.31],[-96.65,51.17],[-96.16,50.98],[-95.7,50.76],[-95.26,50.51],[-94.84,50.21],[-94.46,49.89],[-94.1,49.54],[-93.79,49.15],[-93.5,48.75],[-93.26,48.32],[-93.06,47.88],[-92.9,47.42],[-92.79,46.96],[-92.72,46.48],[-92.7,46]]]},"properties":{"Cat":"Below","Prob":33}},{"type":"Feature","geometry":{"type":"MultiPolygon","coordinates":[[[[-123.96,45.39],[-123.96,45.42],[-123.95,45.42],[-123.96,45.39]]],[[[-123.64,46.21],[-123.64,46.19],[-123.67,46.19],[-123.67,46.2],[-123.65,46.21],[-123.64,46.21]]],[[[-123.58,46.23],[-123.58,46.21],[-123.59,46.21],[-123.61,46.21],[-123.6,46.22],[-123.58,46.23]]],[[[-123.97,46.48],[-123.94,46.46],[-123.95,46.45],[-123.94,46.43],[-123.94,46.42],[-123.95,46.41],[-123.97,46.41],[-123.97,46.42],[-123.97,46.43],[-123.97,46.44],[-123.99,46.45],[-124,46.46],[-123.99,46.49],[-123.98,46.49],[-123.97,46.48]]],[[[-124.32,43.31],[-124.31,43.32],[-124.32,43.33],[-124.31,43.35],[-124.3,43.37],[-124.28,43.4],[-124.27,43.4],[-124.26,43.42],[-124.24,43.42],[-124.24,43.41],[-124.22,43.41],[-124.22,43.39],[-124.21,43.37],[-124.18,43.37],[-124.18,43.38],[-124.2,43.41],[-124.2,43.42],[-124.21,43.43],[-124.22,43.44],[-124.2,43.45],[-124.21,43.45],[-124.23,43.45],[-124.24,43.43],[-124.25,43.43],[-124.26,43.43],[-124.28,43.42],[-124.28,43.4],[-124.32,43.37],[-124.32,43.36],[-124.33,43.36],[-124.31,43.4],[-124.28,43.44],[-124.26,43.48],[-124.25,43.51],[-124.23,43.57],[-124.22,43.61],[-124.21,43.64],[-124.21,43.66],[-124.19,43.71],[-124.17,43.79],[-124.15,43.88],[-124.14,44],[-124.14,44.02],[-124.13,44.05],[-124.12,44.09],[-124.12,44.11],[-124.13,44.14],[-124.12,44.14],[-124.11,44.2],[-124.12,44.21],[-124.11,44.24],[-124.11,44.25],[-124.11,44.27],[-124.11,44.29],[-124.11,44.31],[-124.1,44.33],[-124.09,44.37],[-124.08,44.43],[-124.08,44.44],[-124.08,44.46],[-124.08,44.5],[-124.08,44.53],[-124.07,44.6],[-124.07,44.61],[-124.06,44.62],[-124.07,44.63],[-124.06,44.66],[-124.07,44.69],[-124.06,44.72],[-124.06,44.74],[-124.07,44.75],[-124.07,44.78],[-124.07,44.8],[-124.06,44.8],[-124.07,44.83],[-124.05,44.84],[-124.05,44.86],[-124.03,44.92],[-124.03,44.9],[-124.02,44.89],[-124.01,44.91],[-124.02,44.91],[-124.02,44.93],[-124.03,44.93],[-124.02,44.95],[-124.01,45.01],[-124.01,45.03],[-124.01,45.04],[-124.02,45.05],[-124.01,45.08],[-123.99,45.09],[-123.98,45.12],[-123.97,45.15],[-123.96,45.17],[-123.95,45.18],[-123.97,45.17],[-123.97,45.2],[-123.97,45.22],[-123.96,45.27],[-123.95,45.27],[-123.96,45.28],[-123.96,45.31],[-123.97,45.33],[-123.99,45.35],[-123.97,45.36],[-123.97,45.38],[-123.96,45.37],[-123.93,45.4],[-123.94,45.42],[-123.96,45.45],[-123.97,45.47],[-123.97,45.48],[-123.98,45.49],[-123.97,45.49],[-123.96,45.51],[-123.94,45.51],[-123.89,45.47],[-123.9,45.49],[-123.88,45.5],[-123.89,45.51],[-123.89,45.52],[-123.91,45.55],[-123.91,45.56],[-123.93,45.56],[-123.94,45.57],[-123.96,45.57],[-123.95,45.61],[-123.94,45.64],[-123.94,45.66],[-123.94,45.67],[-123.94,45.72],[-123.95,45.73],[-123.96,45.74],[-123.97,45.76],[-123.98,45.77],[-123.97,45.78],[-123.97,45.8],[-123.96,45.82],[-123.96,45.84],[-123.96,45.88],[-123.96,45.9],[-123.98,45.92],[-123.98,45.93],[-123.99,45.94],[-124,45.95],[-123.97,45.96],[-123.97,45.97],[-123.96,45.97],[-123.94,45.98],[-123.93,46],[-123.92,46.01],[-123.93,46.02],[-123.93,46.04],[-123.94,46.09],[-123.94,46.11],[-123.98,46.17],[-124.01,46.22],[-124.03,46.23],[-124.01,46.24],[-124,46.23],[-124,46.22],[-123.98,46.2],[-123.97,46.21],[-123.95,46.21],[-123.94,46.2],[-123.91,46.18],[-123.9,46.17],[-123.88,46.16],[-123.86,46.16],[-123.82,46.17],[-123.82,46.14],[-123.81,46.11],[-123.8,46.12],[-123.81,46.12],[-123.81,46.14],[-123.81,46.15],[-123.81,46.16],[-123.81,46.17],[-123.84,46.17],[-123.86,46.18],[-123.86,46.19],[-123.84,46.19],[-123.83,46.19],[-123.78,46.2],[-123.76,46.21],[-123.76,46.19],[-123.75,46.19],[-123.73,46.17],[-123.69,46.17],[-123.68,46.18],[-123.61,46.19],[-123.61,46.2],[-123.58,46.21],[-123.55,46.23],[-123.54,46.23],[-123.51,46.24],[-123.51,46.27],[-123.53,46.27],[-123.58,46.26],[-123.62,46.26],[-123.64,46.27],[-123.67,46.27],[-123.68,46.27],[-123.68,46.29],[-123.69,46.31],[-123.71,46.31],[-123.72,46.3],[-123.73,46.29],[-123.75,46.29],[-123.76,46.27],[-123.77,46.27],[-123.8,46.28],[-123.81,46.28],[-123.82,46.27],[-123.83,46.27],[-123.85,46.26],[-123.86,46.25],[-123.88,46.24],[-123.91,46.25],[-123.95,46.27],[-123.97,46.3],[-124,46.31],[-124.02,46.31],[-124.04,46.3],[-124.06,46.28],[-124.08,46.28],[-124.08,46.3],[-124.07,46.31],[-124.06,46.36],[-124.06,46.39],[-124.06,46.44],[-124.06,46.46],[-124.06,46.54],[-124.07,46.64],[-124.06,46.65],[-124.04,46.63],[-124.05,46.62],[-124.04,46.6],[-124.03,46.59],[-124.02,46.57],[-124.03,46.53],[-124.02,46.52],[-124.03,46.49],[-124.03,46.47],[-124.03,46.46],[-124.02,46.44],[-124.01,46.38],[-124,46.38],[-123.99,46.38],[-123.95,46.38],[-123.95,46.4],[-123.94,46.41],[-123.94,46.42],[-123.92,46.42],[-123.93,46.43],[-123.94,46.45],[-123.93,46.45],[-123.92,46.43],[-123.91,46.43],[-123.91,46.45],[-123.92,46.46],[-123.94,46.47],[-123.94,46.49],[-123.92,46.5],[-123.92,46.51],[-123.89,46.51],[-123.9,46.54],[-123.89,46.55],[-123.91,46.55],[-123.92,46.57],[-123.93,46.59],[-123.95,46.6],[-123.96,46.61],[-123.93,46.63],[-123.94,46.64],[-123.92,46.65],[-123.92,46.67],[-123.92,46.68],[-123.9,46.68],[-123.86,46.7],[-123.84,46.7],[-123.84,46.71],[-123.86,46.73],[-123.87,46.73],[-123.89,46.75],[-123.91,46.74],[-123.91,46.73],[-123.95,46.73],[-123.97,46.74],[-123.99,46.72],[-124.01,46.71],[-124.02,46.71],[-124.06,46.73],[-124.08,46.74],[-124.1,46.75],[-124.1,46.77],[-124.1,46.81],[-124.11,46.85],[-124.06,46.86],[-124.05,46.86],[-124.04,46.86],[-123.9,46.87],[-123.42,46.95],[-122.95,47.04],[-122.91,47.05],[-122.91,47.06],[-122.9,47.06],[-122.89,47.06],[-122.73,47.1],[-122.73,47.09],[-122.69,47.1],[-122.66,47.12],[-122.51,47.17],[-122.09,47.32],[-121.7,47.53],[-121.38,47.78],[-121.11,48.07],[-120.89,48.39],[-120.72,48.73],[-120.64,49],[-120.33,49],[-119.92,49],[-119.72,49],[-119.49,49],[-119.27,49],[-119,49],[-118.79,49],[-118.46,49],[-118.19,49],[-118,49],[-117.76,49],[-117.34,49],[-117.03,49],[-116.91,49],[-116.57,49],[-116.26,49],[-116.04,49],[-116.01,49],[-115.82,49],[-115.51,49],[-115.38,49],[-115.05,49],[-114.67,49],[-114.25,49],[-114.01,49],[-113.72,49],[-113.49,49],[-113.25,49],[-113.01,49],[-112.77,49],[-112.46,49],[-112.45,48.74],[-112.54,48.31],[-112.69,47.9],[-112.91,47.48],[-113.18,47.08],[-113.48,46.7],[-113.81,46.33],[-114.18,45.99],[-114.58,45.68],[-115.04,45.38],[-115.54,45.13],[-116.05,44.9],[-116.59,44.69],[-117.13,44.5],[-117.68,44.32],[-118.23,44.15],[-119.34,43.83],[-120.46,43.54],[-121.02,43.42],[-121.58,43.32],[-122.15,43.25],[-122.74,43.21],[-123.34,43.2],[-123.95,43.22],[-124.39,43.24],[-124.38,43.27],[-124.4,43.31],[-124.39,43.33],[-124.38,43.34],[-124.35,43.34],[-124.34,43.35],[-124.32,43.35],[-124.33,43.33],[-124.32,43.31]],[[-123.89,45.69],[-123.9,45.69],[-123.9,45.71],[-123.92,45.71],[-123.93,45.69],[-123.89,45.69]]]]},"properties":{"Cat":"Below","Prob":33}},{"type":"Feature","geometry":{"type":"Polygon","coordinates":[[[-108.86,41.35],[-108.54,41.28],[-108.25,41.17],[-107.97,41.02],[-107.7,40.84],[-107.46,40.64],[-107.25,40.42],[-107.07,40.18],[-106.93,39.91],[-106.85,39.64],[-106.81,39.35],[-106.81,39.04],[-106.83,38.74],[-106.89,38.43],[-106.97,38.13],[-107.08,37.83],[-107.24,37.51],[-107.44,37.21],[-107.65,36.93],[-107.89,36.66],[-108.14,36.41],[-108.4,36.19],[-108.68,36.01],[-108.97,35.88],[-109.26,35.82],[-109.55,35.8],[-109.85,35.81],[-110.15,35.86],[-110.45,35.93],[-110.73,36.03],[-111,36.15],[-111.24,36.3],[-111.44,36.49],[-111.61,36.72],[-111.74,36.99],[-111.83,37.29],[-111.9,37.6],[-111.94,37.93],[-111.96,38.26],[-111.95,38.59],[-111.91,38.92],[-111.83,39.27],[-111.72,39.6],[-111.58,39.93],[-111.41,40.24],[-111.22,40.52],[-111,40.78],[-110.76,40.99],[-110.48,41.14],[-110.18,41.25],[-109.86,41.33],[-109.53,41.37],[-109.19,41.38],[-108.86,41.35]]]},"properties":{"Cat":"Above","Prob":40}},{"type":"Feature","geometry":{"type":"MultiPolygon","coordinates":[[[[-168.8,63.18],[-169,63.17],[-169.05,63.17],[-169.13,63.18],[-169.24,63.17],[-169.27,63.17],[-169.37,63.15],[-169.38,63.15],[-169.43,63.15],[-169.95,63.13],[-169.98,63.14],[-170,63.14],[-170.03,63.15],[-170.04,63.17],[-170.09,63.18],[-170.09,63.19],[-170.12,63.19],[-170.17,63.18],[-170.22,63.18],[-170.24,63.19],[-170.28,63.19],[-170.3,63.19],[-170.28,63.21],[-170.29,63.22],[-170.35,63.28],[-170.38,63.29],[-170.43,63.32],[-170.49,63.34],[-170.54,63.35],[-170.61,63.37],[-170.69,63.38],[-170.85,63.41],[-170.89,63.42],[-170.96,63.42],[-171.04,63.42],[-171.1,63.42],[-171.13,63.42],[-171.16,63.4],[-171.19,63.4],[-171.25,63.39],[-171.29,63.38],[-171.29,63.36],[-171.32,63.35],[-171.34,63.33],[-171.35,63.34],[-171.39,63.33],[-171.44,63.31],[-171.47,63.31],[-171.49,63.32],[-171.52,63.33],[-171.56,63.32],[-171.57,63.34],[-171.59,63.34],[-171.64,63.35],[-171.67,63.36],[-171.69,63.36],[-171.72,63.37],[-171.74,63.37],[-171.77,63.4],[-171.79,63.41],[-171.83,63.44],[-171.82,63.46],[-171.85,63.49],[-171.84,63.51],[-171.83,63.53],[-171.84,63.55],[-171.83,63.58],[-171.82,63.59],[-171.8,63.6],[-171.79,63.61],[-171.8,63.63],[-171.75,63.65],[-171.75,63.67],[-171.76,63.69],[-171.76,63.7],[-171.73,63.73],[-171.73,63.74],[-171.75,63.78],[-171.74,63.79],[-171.7,63.78],[-171.66,63.79],[-171.64,63.77],[-171.63,63.75],[-171.65,63.74],[-171.65,63.72],[-171.66,63.71],[-171.63,63.69],[-171.6,63.67],[-171.53,63.66],[-171.39,63.63],[-171.37,63.63],[-171.35,63.63],[-171.3,63.62],[-171.27,63.61],[-171.23,63.61],[-171.18,63.6],[-171.1,63.59],[-171.07,63.59],[-171.07,63.58],[-171.1,63.59],[-171.17,63.6],[-171.19,63.59],[-171.12,63.59],[-171.08,63.58],[-171.05,63.58],[-171.04,63.58],[-170.97,63.58],[-170.99,63.56],[-170.96,63.56],[-170.95,63.57],[-170.9,63.58],[-170.89,63.59],[-170.85,63.59],[-170.83,63.6],[-170.8,63.61],[-170.76,63.62],[-170.74,63.64],[-170.69,63.65],[-170.65,63.67],[-170.6,63.66],[-170.55,63.66],[-170.54,63.67],[-170.54,63.68],[-170.5,63.69],[-170.49,63.7],[-170.37,63.68],[-170.35,63.69],[-170.33,63.69],[-170.3,63.69],[-170.21,63.65],[-170.18,63.63],[-170.16,63.62],[-170.1,63.61],[-170.1,63.6],[-170.08,63.59],[-170.08,63.57],[-170.06,63.56],[-170.07,63.54],[-170.05,63.52],[-170.05,63.51],[-170.06,63.5],[-170.05,63.49],[-170.05,63.47],[-170.03,63.48],[-170.04,63.49],[-169.98,63.47],[-169.94,63.47],[-169.9,63.46],[-169.86,63.44],[-169.84,63.44],[-169.81,63.43],[-169.79,63.43],[-169.74,63.43],[-169.73,63.43],[-169.66,63.43],[-169.63,63.42],[-169.58,63.4],[-169.57,63.39],[-169.57,63.36],[-169.53,63.36],[-169.5,63.35],[-169.47,63.34],[-169.42,63.35],[-169.48,63.36],[-169.49,63.36],[-169.38,63.35],[-169.33,63.35],[-169.26,63.35],[-169.14,63.34],[-169.08,63.34],[-169.06,63.34],[-169.01,63.34],[-168.99,63.34],[-168.95,63.34],[-168.93,63.33],[-168.89,63.33],[-168.86,63.32],[-168.79,63.31],[-168.7,63.3],[-168.69,63.29],[-168.72,63.27],[-168.73,63.25],[-168.72,63.23],[-168.76,63.22],[-168.8,63.18]]],[[[-166.2,64.47],[-166.22,64.49],[-166.21,64.5],[-166.19,64.49],[-166.2,64.47]]],[[[-168.04,64.97],[-168.05,64.96],[-168.09,64.96],[-168.07,64.98],[-168.04,64.98],[-168.04,64.97]]],[[[-168.9,65.74],[-168.94,65.75],[-168.94,65.77],[-168.92,65.77],[-168.89,65.75],[-168.9,65.74]]],[[[-169.07,65.75],[-169.09,65.75],[-169.12,65.76],[-169.11,65.79],[-169.09,65.82],[-169.07,65.82],[-169.05,65.82],[-169.01,65.81],[-169,65.8],[-169.01,65.79],[-169.02,65.78],[-169.04,65.76],[-169.07,65.75]]],[[[-161.8,66.21],[-161.83,66.21],[-161.84,66.23],[-161.8,66.22],[-161.8,66.21]]],[[[-162.46,67.02],[-162.49,67.01],[-162.5,67.03],[-162.48,67.04],[-162.44,67.04],[-162.46,67.02]]],[[[-158.36,70.82],[-158.37,70.82],[-158.45,70.83],[-158.52,70.84],[-158.44,70.83],[-158.36,70.82]]],[[[-158.81,70.91],[-158.83,70.91],[-158.93,70.89],[-158.97,70.89],[-159,70.88],[-159.03,70.89],[-158.86,70.91],[-158.81,70.91]]],[[[-155.63,70.95],[-155.63,70.94],[-155.67,70.93],[-155.7,70.94],[-155.72,70.95],[-155.63,70.95]]],[[[-155.6,71],[-155.63,71.01],[-155.6,71.02],[-155.6,71]]],[[[-156.04,70.83],[-156,70.83],[-155.98,70.84],[-155.93,70.84],[-155.97,70.83],[-155.98,70.82],[-155.95,70.79],[-155.98,70.76],[-155.92,70.75],[-155.89,70.76],[-155.89,70.78],[-155.91,70.78],[-155.93,70.81],[-155.89,70.82],[-155.87,70.83],[-155.84,70.83],[-155.81,70.84],[-155.78,70.83],[-155.71,70.84],[-155.67,70.85],[-155.66,70.83],[-155.62,70.82],[-155.6,70.82],[-155.58,70.83],[-155.54,70.83],[-155.54,70.84],[-155.57,70.84],[-155.53,70.86],[-155.51,70.86],[-155.51,70.84],[-155.44,70.82],[-155.38,70.81],[-155.39,70.8],[-155.37,70.79],[-155.34,70.79],[-155.32,70.79],[-155.32,70.81],[-155.32,70.82],[-155.3,70.83],[-155.26,70.83],[-155.29,70.85],[-155.34,70.85],[-155.38,70.84],[-155.43,70.85],[-155.44,70.84],[-155.47,70.85],[-155.5,70.86],[-155.49,70.89],[-155.52,70.93],[-155.51,70.95],[-155.46,70.95],[-155.39,70.98],[-155.38,71],[-155.28,71.02],[-155.26,71.02],[-155.25,71],[-155.23,70.99],[-155.2,70.98],[-155.18,70.98],[-155.16,71],[-154.67,70.75],[-154.21,70.47],[-153.8,70.18],[-153.44,69.87],[-153.17,69.55],[-153.01,69.19],[-152.98,68.82],[-153.07,68.44],[-153.24,68.04],[-153.49,67.65],[-153.8,67.28],[-154.16,66.94],[-154.6,66.62],[-155.08,66.35],[-155.6,66.1],[-156.13,65.87],[-156.68,65.65],[-157.81,65.25],[-158.95,64.87],[-160.65,64.33],[-160.98,64.23],[-161,64.25],[-161.09,64.29],[-161.19,64.35],[-161.27,64.4],[-161.32,64.41],[-161.32,64.4],[-161.38,64.42],[-161.39,64.43],[-161.46,64.42],[-161.52,64.4],[-161.53,64.42],[-161.5,64.43],[-161.48,64.45],[-161.47,64.47],[-161.48,64.48],[-161.46,64.49],[-161.46,64.51],[-161.43,64.51],[-161.4,64.53],[-161.38,64.54],[-161.33,64.52],[-161.29,64.51],[-161.27,64.51],[-161.23,64.5],[-161.17,64.5],[-161.11,64.5],[-161.09,64.5],[-161.03,64.5],[-161.01,64.51],[-161.03,64.53],[-161.08,64.54],[-161.03,64.54],[-160.96,64.55],[-160.92,64.56],[-160.92,64.57],[-160.88,64.59],[-160.85,64.6],[-160.8,64.61],[-160.79,64.63],[-160.79,64.66],[-160.78,64.72],[-160.79,64.72],[-160.87,64.79],[-160.87,64.8],[-160.89,64.82],[-160.93,64.82],[-160.96,64.83],[-160.97,64.84],[-160.99,64.85],[-161.02,64.85],[-161.09,64.87],[-161.13,64.9],[-161.14,64.91],[-161.14,64.92],[-161.15,64.93],[-161.19,64.92],[-161.2,64.9],[-161.23,64.87],[-161.3,64.85],[-161.3,64.84],[-161.32,64.83],[-161.36,64.8],[-161.37,64.78],[-161.4,64.77],[-161.42,64.76],[-161.49,64.76],[-161.51,64.75],[-161.52,64.74],[-161.54,64.75],[-161.54,64.76],[-161.56,64.76],[-161.59,64.77],[-161.64,64.77],[-161.66,64.79],[-161.72,64.77],[-161.78,64.77],[-161.87,64.75],[-161.9,64.74],[-161.92,64.73],[-161.93,64.71],[-161.93,64.7],[-161.88,64.72],[-161.86,64.73],[-161.78,64.75],[-161.76,64.75],[-161.84,64.73],[-161.87,64.71],[-161.92,64.7],[-161.97,64.7],[-162.03,64.7],[-162.1,64.69],[-162.17,64.68],[-162.21,64.66],[-162.23,64.62],[-162.24,64.62],[-162.33,64.6],[-162.41,64.57],[-162.44,64.56],[-162.46,64.55],[-162.5,64.54],[-162.53,64.53],[-162.57,64.5],[-162.6,64.47],[-162.6,64.45],[-162.61,64.42],[-162.63,64.41],[-162.63,64.39],[-162.66,64.38],[-162.67,64.38],[-162.69,64.37],[-162.74,64.35],[-162.77,64.33],[-162.79,64.33],[-162.8,64.35],[-162.8,64.39],[-162.8,64.4],[-162.82,64.43],[-162.83,64.44],[-162.86,64.45],[-162.85,64.46],[-162.86,64.47],[-162.83,64.48],[-162.83,64.49],[-162.86,64.5],[-162.9,64.51],[-162.93,64.54],[-162.94,64.54],[-163,64.55],[-163.01,64.55],[-163.01,64.57],[-163.03,64.59],[-163.08,64.6],[-163.1,64.6],[-163.14,64.62],[-163.12,64.62],[-163.13,64.65],[-163.15,64.65],[-163.19,64.65],[-163.23,64.64],[-163.26,64.62],[-163.28,64.63],[-163.31,64.61],[-163.34,64.62],[-163.35,64.6],[-163.37,64.6],[-163.37,64.58],[-163.28,64.56],[-163.25,64.54],[-163.2,64.54],[-163.18,64.54],[-163.16,64.52],[-163.12,64.51],[-163.07,64.52],[-163.05,64.51],[-163.02,64.51],[-163.04,64.49],[-163.03,64.48],[-163.04,64.48],[-163.08,64.47],[-163.1,64.45],[-163.09,64.44],[-163.09,64.42],[-163.11,64.4],[-163.15,64.4],[-163.19,64.41],[-163.2,64.42],[-163.22,64.43],[-163.22,64.44],[-163.25,64.45],[-163.25,64.47],[-163.34,64.49],[-163.36,64.51],[-163.45,64.53],[-163.53,64.55],[-163.58,64.56],[-163.65,64.57],[-163.69,64.57],[-163.74,64.57],[-163.77,64.57],[-163.83,64.58],[-163.87,64.57],[-163.9,64.56],[-163.93,64.56],[-163.97,64.55],[-163.99,64.55],[-164.03,64.56],[-164.1,64.56],[-164.17,64.56],[-164.22,64.56],[-164.27,64.56],[-164.3,64.56],[-164.35,64.56],[-164.42,64.54],[-164.48,64.53],[-164.61,64.5],[-164.72,64.47],[-164.78,64.45],[-164.83,64.44],[-164.91,64.44],[-164.97,64.44],[-165.01,64.43],[-165.14,64.46],[-165.28,64.48],[-165.29,64.49],[-165.32,64.48],[-165.41,64.5],[-165.53,64.51],[-165.68,64.53],[-165.78,64.54],[-165.84,64.54],[-165.89,64.55],[-165.95,64.55],[-166,64.56],[-166.04,64.56],[-166.15,64.58],[-166.21,64.58],[-166.33,64.62],[-166.34,64.63],[-166.36,64.63],[-166.4,64.65],[-166.41,64.66],[-166.44,64.7],[-166.47,64.74],[-166.46,64.76],[-166.47,64.79],[-166.42,64.81],[-166.39,64.81],[-166.37,64.82],[-166.38,64.84],[-166.4,64.85],[-166.41,64.87],[-166.46,64.91],[-166.5,64.93],[-166.54,64.94],[-166.58,64.95],[-166.64,64.97],[-166.66,64.98],[-166.69,65],[-166.69,65.02],[-166.7,65.04],[-166.75,65.06],[-166.81,65.08],[-166.87,65.1],[-166.94,65.15],[-166.95,65.16],[-166.93,65.21],[-166.9,65.24],[-166.88,65.26],[-166.86,65.27],[-166.84,65.28],[-166.84,65.26],[-166.85,65.24],[-166.89,65.23],[-166.92,65.21],[-166.93,65.19],[-166.93,65.17],[-166.91,65.16],[-166.92,65.14],[-166.87,65.14],[-166.84,65.13],[-166.83,65.12],[-166.78,65.12],[-166.75,65.11],[-166.7,65.11],[-166.66,65.11],[-166.57,65.12],[-166.54,65.12],[-166.55,65.13],[-166.53,65.13],[-166.51,65.15],[-166.47,65.17],[-166.46,65.2],[-166.47,65.22],[-166.46,65.23],[-166.39,65.25],[-166.35,65.27],[-166.35,65.28],[-166.4,65.31],[-166.49,65.33],[-166.52,65.33],[-166.6,65.33],[-166.62,65.32],[-166.65,65.32],[-166.78,65.33],[-166.86,65.35],[-166.91,65.36],[-167,65.38],[-167.07,65.39],[-167.16,65.39],[-167.21,65.4],[-167.27,65.39],[-167.31,65.4],[-167.4,65.4],[-167.47,65.42],[-167.55,65.44],[-167.61,65.45],[-167.62,65.47],[-167.75,65.51],[-167.77,65.51],[-167.82,65.52],[-167.85,65.54],[-167.91,65.55],[-167.98,65.55],[-168.06,65.57],[-168.09,65.59],[-168.09,65.61],[-168.12,65.63],[-168.13,65.65],[-168.12,65.67],[-168.08,65.69],[-168.02,65.72],[-167.9,65.75],[-167.83,65.76],[-167.8,65.76],[-167.77,65.77],[-167.72,65.78],[-167.69,65.79],[-167.64,65.8],[-167.6,65.81],[-167.55,65.81],[-167.53,65.81],[-167.53,65.82],[-167.35,65.87],[-167.3,65.89],[-167.26,65.9],[-167.21,65.93],[-167.17,65.94],[-167.08,65.97],[-167.02,65.99],[-166.91,66.02],[-166.87,66.04],[-166.8,66.05],[-166.78,66.06],[-166.7,66.09],[-166.64,66.11],[-166.61,66.11],[-166.55,66.13],[-166.49,66.15],[-166.35,66.18],[-166.27,66.21],[-166.19,66.22],[-166.17,66.22],[-166.15,66.23],[-166.1,66.25],[-166.04,66.26],[-165.95,66.29],[-165.88,66.31],[-165.84,66.32],[-165.78,66.33],[-165.75,66.34],[-165.69,66.36],[-165.6,66.38],[-165.58,66.38],[-165.49,66.4],[-165.46,66.41],[-165.37,66.43],[-165.14,66.47],[-165.04,66.49],[-164.75,66.54],[-164.73,66.53],[-164.69,66.54],[-164.64,66.55],[-164.49,66.57],[-164.4,66.58],[-164.39,66.58],[-164.19,66.59],[-164.11,66.59],[-163.97,66.6],[-163.79,66.59],[-163.74,66.59],[-163.65,66.57],[-163.6,66.56],[-163.65,66.56],[-163.75,66.57],[-163.78,66.57],[-163.83,66.58],[-163.88,66.57],[-163.93,66.58],[-163.92,66.56],[-163.9,66.56],[-163.87,66.56],[-163.84,66.55],[-163.79,66.56],[-163.75,66.55],[-163.75,66.54],[-163.74,66.52],[-163.72,66.52],[-163.72,66.5],[-163.74,66.47],[-163.75,66.46],[-163.8,66.43],[-163.84,66.42],[-163.86,66.4],[-163.87,66.38],[-163.86,66.36],[-163.86,66.34],[-163.87,66.32],[-163.84,66.3],[-163.83,66.28],[-163.83,66.27],[-163.92,66.22],[-163.94,66.22],[-164.05,66.21],[-164.12,66.2],[-164.18,66.19],[-164.18,66.18],[-164.14,66.18],[-164.1,66.19],[-164.07,66.18],[-164.03,66.19],[-164.01,66.18],[-163.98,66.19],[-163.96,66.17],[-163.94,66.18],[-163.91,66.19],[-163.89,66.19],[-163.84,66.12],[-163.77,66.08],[-163.76,66.06],[-163.73,66.06],[-163.7,66.07],[-163.67,66.06],[-163.63,66.06],[-163.58,66.07],[-163.56,66.07],[-163.51,66.08],[-163.49,66.09],[-163.47,66.09],[-163.43,66.08],[-163.4,66.09],[-163.37,66.08],[-163.34,66.09],[-163.3,66.07],[-163.28,66.07],[-163.22,66.07],[-163.16,66.06],[-163.13,66.06],[-163.06,66.07],[-162.98,66.08],[-162.95,66.1],[-162.91,66.09],[-162.86,66.08],[-162.83,66.09],[-162.78,66.09],[-162.75,66.09],[-162.72,66.08],[-162.69,66.07],[-162.66,66.05],[-162.63,66.04],[-162.61,66.04],[-162.52,66.05],[-162.45,66.06],[-162.42,66.05],[-162.41,66.04],[-162.38,66.03],[-162.32,66.03],[-162.21,66.05],[-162.13,66.08],[-162.12,66.07],[-162.06,66.07],[-162.03,66.07],[-162.02,66.06],[-161.97,66.05],[-161.85,66.03],[-161.82,66.04],[-161.82,66.05],[-161.79,66.06],[-161.76,66.08],[-161.68,66.12],[-161.64,66.15],[-161.62,66.18],[-161.59,66.19],[-161.57,66.22],[-161.56,66.24],[-161.49,66.26],[-161.47,66.26],[-161.39,66.26],[-161.34,66.26],[-161.34,66.25],[-161.31,66.22],[-161.24,66.21],[-161.19,66.21],[-161.13,66.22],[-161.1,66.23],[-161.06,66.23],[-161.08,66.21],[-161.08,66.2],[-161.1,66.18],[-161.09,66.18],[-161.04,66.18],[-161,66.19],[-160.99,66.2],[-161,66.21],[-160.98,66.22],[-160.99,66.24],[-161.05,66.27],[-161.08,66.3],[-161.08,66.31],[-161.11,66.33],[-161.17,66.34],[-161.25,66.35],[-161.31,66.37],[-161.35,66.37],[-161.43,66.38],[-161.49,66.39],[-161.55,66.4],[-161.59,66.4],[-161.66,66.4],[-161.7,66.39],[-161.74,66.38],[-161.83,66.36],[-161.87,66.36],[-161.9,66.35],[-161.91,66.34],[-161.89,66.34],[-161.91,66.32],[-161.9,66.31],[-161.86,66.31],[-161.87,66.29],[-161.84,66.28],[-161.82,66.27],[-161.86,66.26],[-161.9,66.27],[-161.9,66.3],[-161.91,66.31],[-161.93,66.33],[-161.9,66.37],[-161.87,66.42],[-161.86,66.49],[-161.88,66.51],[-161.9,66.53],[-161.97,66.57],[-161.99,66.58],[-162.07,66.6],[-162.1,66.62],[-162.11,66.65],[-162.13,66.66],[-162.17,66.69],[-162.22,66.71],[-162.31,66.72],[-162.33,66.72],[-162.43,66.73],[-162.48,66.73],[-162.5,66.74],[-162.5,66.77],[-162.54,66.81],[-162.57,66.83],[-162.61,66.85],[-162.62,66.88],[-162.6,66.9],[-162.58,66.91],[-162.52,66.91],[-162.5,66.92],[-162.49,66.95],[-162.46,66.95],[-162.45,66.94],[-162.42,66.92],[-162.4,66.92],[-162.34,66.94],[-162.32,66.95],[-162.28,66.93],[-162.27,66.91],[-162.25,66.9],[-162.24,66.88],[-162.21,66.87],[-162.16,66.84],[-162.13,66.82],[-162.11,66.8],[-162.08,66.79],[-162.01,66.78],[-162,66.77],[-162.02,66.73],[-162.05,66.71],[-162.07,66.7],[-162.06,66.68],[-162.06,66.66],[-162.05,66.65],[-162.03,66.64],[-162.01,66.62],[-161.97,66.6],[-161.95,66.59],[-161.91,66.55],[-161.9,66.54],[-161.8,66.51],[-161.72,66.48],[-161.68,66.47],[-161.65,66.46],[-161.58,66.44],[-161.51,66.44],[-161.47,66.45],[-161.43,66.46],[-161.37,66.47],[-161.34,66.48],[-161.31,66.49],[-161.3,66.5],[-161.25,66.52],[-161.25,66.53],[-161.31,66.52],[-161.39,66.52],[-161.42,66.53],[-161.47,66.52],[-161.51,66.55],[-161.55,66.55],[-161.54,66.57],[-161.53,66.57],[-161.54,66.59],[-161.58,66.59],[-161.63,66.61],[-161.68,66.62],[-161.73,66.65],[-161.77,66.66],[-161.82,66.69],[-161.86,66.71],[-161.88,66.72],[-161.84,66.76],[-161.86,66.78],[-161.84,66.8],[-161.84,66.81],[-161.81,66.82],[-161.78,66.86],[-161.79,66.88],[-161.76,66.9],[-161.73,66.91],[-161.71,66.92],[-161.71,66.94],[-161.68,66.95],[-161.65,66.94],[-161.63,66.96],[-161.59,66.95],[-161.57,66.94],[-161.53,66.94],[-161.48,66.94],[-161.48,66.95],[-161.48,66.97],[-161.5,66.98],[-161.54,66.99],[-161.58,66.99],[-161.62,67.01],[-161.66,67.01],[-161.67,67.02],[-161.69,67.01],[-161.71,67],[-161.75,67.03],[-161.78,67.04],[-161.79,67.04],[-161.81,67.05],[-161.85,67.05],[-161.89,67.05],[-161.9,67.04],[-161.95,67.04],[-161.99,67.04],[-162.13,67.02],[-162.23,67],[-162.34,67],[-162.4,66.99],[-162.43,66.99],[-162.44,66.99],[-162.47,66.99],[-162.47,67.01],[-162.42,67.05],[-162.45,67.06],[-162.49,67.05],[-162.48,67.04],[-162.51,67.03],[-162.52,67.01],[-162.57,67.01],[-162.69,67.04],[-162.68,67.04],[-162.7,67.05],[-162.72,67.05],[-162.77,67.05],[-162.8,67.04],[-162.84,67.03],[-162.85,67.04],[-162.89,67.05],[-162.92,67.04],[-162.95,67.03],[-162.92,67.02],[-162.81,67],[-162.84,66.99],[-162.93,67.01],[-162.98,67.03],[-163.07,67.04],[-163.12,67.04],[-163.22,67.06],[-163.33,67.06],[-163.46,67.08],[-163.59,67.09],[-163.64,67.1],[-163.7,67.11],[-163.73,67.12],[-163.74,67.13],[-163.74,67.17],[-163.74,67.2],[-163.76,67.25],[-163.78,67.29],[-163.8,67.31],[-163.82,67.34],[-163.88,67.41],[-163.93,67.46],[-163.97,67.5],[-164.07,67.58],[-164.14,67.61],[-164.22,67.64],[-164.34,67.67],[-164.5,67.72],[-164.54,67.73],[-164.61,67.75],[-164.67,67.78],[-164.7,67.79],[-164.83,67.84],[-165.02,67.91],[-165.06,67.93],[-165.13,67.95],[-165.16,67.95],[-165.21,67.98],[-165.23,67.99],[-165.27,68],[-165.35,68.03],[-165.4,68.04],[-165.44,68.05],[-165.5,68.06],[-165.51,68.06],[-165.63,68.09],[-165.71,68.1],[-165.81,68.1],[-165.88,68.11],[-165.96,68.14],[-165.98,68.14],[-166.01,68.18],[-166.03,68.2],[-166.07,68.22],[-166.15,68.25],[-166.2,68.27],[-166.29,68.29],[-166.4,68.31],[-166.56,68.33],[-166.67,68.35],[-166.76,68.35],[-166.84,68.34],[-166.81,68.35],[-166.76,68.37],[-166.61,68.39],[-166.54,68.4],[-166.4,68.42],[-166.39,68.42],[-166.32,68.44],[-166.3,68.47],[-166.31,68.49],[-166.29,68.5],[-166.3,68.52],[-166.28,68.53],[-166.23,68.57],[-166.22,68.59],[-166.23,68.61],[-166.22,68.64],[-166.23,68.65],[-166.2,68.68],[-166.19,68.7],[-166.2,68.71],[-166.19,68.77],[-166.2,68.8],[-166.23,68.87],[-166.21,68.88],[-166.08,68.87],[-166.03,68.87],[-165.96,68.87],[-165.89,68.87],[-165.83,68.86],[-165.79,68.86],[-165.66,68.85],[-165.56,68.85],[-165.41,68.86],[-165.33,68.86],[-165.22,68.87],[-165.17,68.87],[-165.12,68.88],[-165.09,68.88],[-164.94,68.89],[-164.85,68.9],[-164.81,68.9],[-164.72,68.9],[-164.6,68.92],[-164.44,68.92],[-164.42,68.92],[-164.28,68.93],[-164.19,68.94],[-164.16,68.94],[-164.07,68.97],[-163.96,68.99],[-163.9,69.01],[-163.84,69.04],[-163.69,69.08],[-163.62,69.11],[-163.56,69.14],[-163.51,69.16],[-163.49,69.18],[-163.46,69.2],[-163.44,69.21],[-163.37,69.24],[-163.29,69.28],[-163.23,69.32],[-163.19,69.36],[-163.16,69.41],[-163.15,69.42],[-163.15,69.43],[-163.15,69.55],[-163.16,69.58],[-163.15,69.63],[-163.14,69.65],[-163.11,69.67],[-163.11,69.69],[-163.09,69.72],[-163.06,69.76],[-163.05,69.77],[-163.01,69.82],[-162.96,69.84],[-162.94,69.86],[-162.84,69.9],[-162.77,69.95],[-162.74,69.96],[-162.69,69.98],[-162.65,70.01],[-162.63,70.02],[-162.56,70.08],[-162.52,70.08],[-162.52,70.1],[-162.48,70.13],[-162.43,70.15],[-162.37,70.19],[-162.27,70.22],[-162.24,70.23],[-162.09,70.27],[-162.08,70.28],[-161.94,70.31],[-161.89,70.33],[-161.81,70.33],[-161.68,70.32],[-161.58,70.31],[-161.44,70.3],[-161.29,70.3],[-161.19,70.32],[-161.03,70.34],[-160.93,70.35],[-160.87,70.37],[-160.83,70.37],[-160.78,70.39],[-160.54,70.45],[-160.45,70.48],[-160.37,70.51],[-160.34,70.52],[-160.18,70.58],[-160.16,70.59],[-160.1,70.62],[-160.06,70.63],[-160,70.66],[-159.92,70.69],[-159.83,70.72],[-159.7,70.78],[-159.66,70.8],[-159.56,70.82],[-159.42,70.84],[-159.28,70.86],[-159.16,70.88],[-159.18,70.86],[-159.17,70.85],[-159.12,70.82],[-159.07,70.82],[-159,70.8],[-158.91,70.79],[-158.73,70.79],[-158.63,70.79],[-158.57,70.8],[-158.53,70.79],[-158.46,70.81],[-158.44,70.8],[-158.4,70.8],[-158.37,70.81],[-158.32,70.81],[-158.28,70.82],[-158.22,70.82],[-158.13,70.82],[-158.06,70.83],[-158.02,70.83],[-157.95,70.85],[-157.9,70.86],[-157.7,70.9],[-157.6,70.93],[-157.49,70.95],[-157.42,70.98],[-157.35,71.01],[-157.31,71.03],[-157.25,71.06],[-157.16,71.1],[-157.13,71.13],[-157.04,71.17],[-157.03,71.18],[-156.93,71.23],[-156.92,71.24],[-156.87,71.26],[-156.84,71.27],[-156.79,71.3],[-156.72,71.32],[-156.64,71.34],[-156.6,71.34],[-156.56,71.33],[-156.57,71.32],[-156.55,71.31],[-156.54,71.29],[-156.52,71.3],[-156.48,71.29],[-156.44,71.29],[-156.4,71.27],[-156.36,71.26],[-156.33,71.26],[-156.28,71.27],[-156.2,71.26],[-156.15,71.25],[-156.08,71.25],[-156.11,71.23],[-156.08,71.23],[-156.03,71.2],[-156.05,71.19],[-156.05,71.18],[-156.09,71.18],[-156.07,71.17],[-156.02,71.18],[-155.99,71.19],[-155.96,71.19],[-155.94,71.22],[-155.92,71.21],[-155.9,71.2],[-155.84,71.19],[-155.79,71.2],[-155.74,71.2],[-155.72,71.19],[-155.66,71.19],[-155.62,71.18],[-155.59,71.18],[-155.58,71.17],[-155.56,71.16],[-155.56,71.13],[-155.52,71.11],[-155.51,71.09],[-155.55,71.06],[-155.59,71.06],[-155.6,71.05],[-155.65,71.04],[-155.67,71.02],[-155.7,71.03],[-155.72,71.01],[-155.72,70.99],[-155.73,70.99],[-155.78,70.99],[-155.83,70.96],[-155.87,70.97],[-155.91,70.97],[-156,70.97],[-156.02,70.96],[-156.06,70.96],[-156.07,70.95],[-156,70.95],[-155.99,70.93],[-156.02,70.92],[-156.02,70.91],[-155.95,70.89],[-155.93,70.87],[-155.97,70.87],[-155.97,70.86],[-156,70.84],[-156.04,70.83]]]]},"properties":{"Cat":"Above","Prob":40}},{"type":"Feature","geometry":{"type":"MultiPolygon","coordinates":[[[[-97.16,25.96],[-97.15,25.97],[-97.16,25.99],[-97.18,25.99],[-97.16,26.02],[-97.15,26.01],[-97.15,25.96],[-97.16,25.95],[-97.16,25.96]]],[[[-97.16,26.02],[-97.17,26.03],[-97.17,26.05],[-97.18,26.05],[-97.16,26.06],[-97.15,26.06],[-97.15,26.05],[-97.15,26.02],[-97.16,26.02]]],[[[-97.36,26.44],[-97.38,26.47],[-97.38,26.48],[-97.36,26.44]]],[[[-97.26,26.43],[-97.25,26.42],[-97.25,26.41],[-97.24,26.4],[-97.24,26.39],[-97.23,26.41],[-97.22,26.4],[-97.21,26.35],[-97.19,26.28],[-97.18,26.21],[-97.18,26.18],[-97.17,26.16],[-97.16,26.1],[-97.16,26.07],[-97.17,26.08],[-97.17,26.09],[-97.18,26.15],[-97.18,26.17],[-97.19,26.2],[-97.2,26.23],[-97.2,26.24],[-97.21,26.27],[-97.22,26.3],[-97.23,26.32],[-97.24,26.34],[-97.25,26.37],[-97.27,26.41],[-97.28,26.43],[-97.29,26.46],[-97.31,26.47],[-97.32,26.49],[-97.34,26.51],[-97.34,26.53],[-97.33,26.54],[-97.32,26.54],[-97.3,26.51],[-97.27,26.44],[-97.26,26.43]]],[[[-97.45,26.95],[-97.47,26.95],[-97.46,26.96],[-97.45,26.95]]],[[[-97.5,26.95],[-97.51,26.96],[-97.5,26.97],[-97.49,26.96],[-97.5,26.95]]],[[[-97.45,26.97],[-97.46,26.96],[-97.46,26.97],[-97.45,26.97]]],[[[-97.43,27.07],[-97.44,27.07],[-97.44,27.06],[-97.44,27.08],[-97.43,27.07]]],[[[-97.49,27.31],[-97.48,27.3],[-97.51,27.28],[-97.54,27.28],[-97.53,27.29],[-97.52,27.3],[-97.49,27.31]]],[[[-97.08,27.89],[-97.07,27.91],[-97.05,27.9],[-97.05,27.88],[-97.06,27.85],[-97.07,27.84],[-97.09,27.85],[-97.09,27.86],[-97.1,27.87],[-97.08,27.88],[-97.08,27.89]]],[[[-96.41,28.36],[-96.4,28.36],[-96.41,28.34],[-96.43,28.33],[-96.45,28.31],[-96.51,28.29],[-96.57,28.26],[-96.64,28.22],[-96.72,28.17],[-96.78,28.12],[-96.84,28.07],[-96.86,28.06],[-96.89,28.03],[-96.93,27.99],[-96.97,27.94],[-97.02,27.89],[-97.04,27.86],[-97.05,27.84],[-97.06,27.85],[-97.04,27.87],[-97.04,27.9],[-97,27.93],[-96.98,27.97],[-96.98,27.98],[-96.98,28],[-96.97,28],[-96.96,28],[-96.97,28],[-96.98,28],[-96.97,28.01],[-96.94,28.02],[-96.94,28.03],[-96.95,28.04],[-96.93,28.06],[-96.93,28.07],[-96.92,28.09],[-96.9,28.1],[-96.88,28.11],[-96.89,28.12],[-96.87,28.13],[-96.85,28.12],[-96.84,28.11],[-96.83,28.11],[-96.81,28.13],[-96.8,28.14],[-96.81,28.15],[-96.82,28.17],[-96.8,28.19],[-96.79,28.19],[-96.75,28.19],[-96.72,28.19],[-96.7,28.2],[-96.69,28.22],[-96.66,28.23],[-96.65,28.25],[-96.62,28.27],[-96.61,28.27],[-96.58,28.3],[-96.55,28.3],[-96.54,28.32],[-96.53,28.32],[-96.51,28.33],[-96.47,28.33],[-96.44,28.34],[-96.44,28.35],[-96.43,28.37],[-96.43,28.39],[-96.44,28.39],[-96.42,28.4],[-96.41,28.4],[-96.4,28.39],[-96.41,28.36]]],[[[-90.83,29.09],[-90.83,29.08],[-90.84,29.07],[-90.85,29.08],[-90.83,29.09]]],[[[-90.85,29.11],[-90.86,29.1],[-90.87,29.11],[-90.87,29.12],[-90.85,29.11]]],[[[-90.82,29.12],[-90.83,29.11],[-90.84,29.11],[-90.84,29.12],[-90.83,29.12],[-90.82,29.12]]],[[[-90.76,29.13],[-90.77,29.1],[-90.78,29.11],[-90.77,29.13],[-90.76,29.13]]],[[[-90.85,29.13],[-90.86,29.12],[-90.87,29.13],[-90.85,29.13]]],[[[-90.79,29.13],[-90.8,29.12],[-90.81,29.12],[-90.81,29.14],[-90.8,29.15],[-90.79,29.13]]],[[[-90.61,29.23],[-90.62,29.22],[-90.63,29.24],[-90.61,29.23]]],[[[-94.8,29.34],[-94.78,29.33],[-94.78,29.32],[-94.79,29.31],[-94.82,29.31],[-94.82,29.34],[-94.81,29.35],[-94.8,29.34]]],[[[-94.9,29.36],[-94.89,29.36],[-94.88,29.38],[-94.87,29.37],[-94.88,29.36],[-94.89,29.35],[-94.9,29.36]]],[[[-91.31,29.43],[-91.31,29.42],[-91.33,29.41],[-91.33,29.42],[-91.32,29.43],[-91.31,29.43]]],[[[-91.26,29.45],[-91.27,29.44],[-91.27,29.43],[-91.28,29.42],[-91.28,29.45],[-91.27,29.47],[-91.26,29.46],[-91.26,29.45]]],[[[-91.32,29.46],[-91.33,29.47],[-91.3,29.47],[-91.28,29.48],[-91.29,29.46],[-91.31,29.45],[-91.33,29.45],[-91.33,29.43],[-91.34,29.44],[-91.34,29.45],[-91.33,29.45],[-91.32,29.46]]],[[[-91.44,29.54],[-91.44,29.53],[-91.47,29.51],[-91.47,29.53],[-91.45,29.53],[-91.44,29.54]]],[[[-91.8,29.59],[-91.8,29.58],[-91.81,29.59],[-91.8,29.59]]],[[[-91.81,29.59],[-91.83,29.57],[-91.81,29.56],[-91.81,29.58],[-91.8,29.58],[-91.8,29.59],[-91.78,29.59],[-91.77,29.59],[-91.77,29.57],[-91.76,29.57],[-91.76,29.56],[-91.74,29.56],[-91.71,29.56],[-91.72,29.55],[-91.74,29.54],[-91.75,29.53],[-91.77,29.52],[-91.77,29.5],[-91.77,29.49],[-91.79,29.48],[-91.8,29.49],[-91.82,29.47],[-91.85,29.48],[-91.86,29.5],[-91.88,29.5],[-91.91,29.52],[-91.93,29.52],[-91.95,29.54],[-91.97,29.54],[-92,29.56],[-92.03,29.57],[-92.03,29.58],[-92.02,29.58],[-92.02,29.59],[-92.01,29.59],[-92,29.6],[-91.98,29.61],[-91.97,29.61],[-91.94,29.61],[-91.93,29.61],[-91.92,29.63],[-91.9,29.64],[-91.89,29.63],[-91.86,29.63],[-91.84,29.62],[-91.81,29.59]]],[[[-94.97,29.69],[-94.97,29.68],[-94.96,29.66],[-94.95,29.65],[-94.95,29.64],[-94.95,29.63],[-94.97,29.66],[-94.97,29.67],[-94.98,29.68],[-94.97,29.69]]],[[[-95.03,29.73],[-95.02,29.72],[-95.03,29.71],[-95.04,29.71],[-95.04,29.73],[-95.03,29.73]]],[[[-92.12,29.75],[-92.12,29.74],[-92.14,29.72],[-92.14,29.73],[-92.12,29.75]]],[[[-90.48,29.3],[-90.49,29.3],[-90.5,29.31],[-90.51,29.3],[-90.53,29.31],[-90.53,29.3],[-90.54,29.31],[-90.53,29.32],[-90.54,29.33],[-90.55,29.32],[-90.56,29.31],[-90.58,29.32],[-90.6,29.31],[-90.6,29.3],[-90.61,29.3],[-90.62,29.29],[-90.62,29.28],[-90.63,29.27],[-90.63,29.25],[-90.63,29.24],[-90.65,29.24],[-90.66,29.24],[-90.66,29.23],[-90.67,29.23],[-90.67,29.21],[-90.68,29.22],[-90.69,29.22],[-90.69,29.2],[-90.69,29.19],[-90.69,29.18],[-90.7,29.2],[-90.71,29.2],[-90.71,29.19],[-90.72,29.18],[-90.71,29.17],[-90.72,29.17],[-90.73,29.15],[-90.72,29.15],[-90.73,29.14],[-90.74,29.14],[-90.75,29.13],[-90.74,29.14],[-90.74,29.13],[-90.75,29.12],[-90.76,29.14],[-90.78,29.14],[-90.79,29.13],[-90.78,29.14],[-90.8,29.15],[-90.81,29.15],[-90.81,29.16],[-90.82,29.15],[-90.84,29.17],[-90.85,29.18],[-90.85,29.17],[-90.85,29.15],[-90.85,29.14],[-90.87,29.13],[-90.87,29.12],[-90.88,29.12],[-90.89,29.13],[-90.89,29.14],[-90.89,29.15],[-90.89,29.14],[-90.89,29.13],[-90.9,29.13],[-90.9,29.15],[-90.91,29.15],[-90.92,29.15],[-90.94,29.17],[-90.94,29.18],[-90.92,29.19],[-90.92,29.2],[-90.93,29.19],[-90.95,29.18],[-90.96,29.19],[-90.98,29.2],[-90.98,29.17],[-91,29.17],[-91.01,29.18],[-91.02,29.18],[-91.02,29.2],[-91.01,29.19],[-91.01,29.2],[-90.99,29.2],[-91.01,29.22],[-91.02,29.21],[-91.01,29.24],[-91.04,29.22],[-91.05,29.19],[-91.06,29.18],[-91.08,29.19],[-91.09,29.19],[-91.1,29.2],[-91.13,29.22],[-91.14,29.22],[-91.16,29.22],[-91.2,29.22],[-91.21,29.23],[-91.28,29.25],[-91.3,29.26],[-91.34,29.31],[-91.33,29.31],[-91.31,29.31],[-91.3,29.31],[-91.29,29.32],[-91.28,29.33],[-91.28,29.34],[-91.27,29.36],[-91.25,29.37],[-91.24,29.37],[-91.24,29.35],[-91.23,29.34],[-91.22,29.33],[-91.2,29.31],[-91.19,29.31],[-91.17,29.33],[-91.16,29.32],[-91.17,29.31],[-91.17,29.29],[-91.17,29.27],[-91.19,29.27],[-91.19,29.29],[-91.19,29.3],[-91.21,29.28],[-91.19,29.26],[-91.18,29.27],[-91.17,29.27],[-91.16,29.26],[-91.17,29.24],[-91.15,29.24],[-91.14,29.25],[-91.13,29.25],[-91.12,29.26],[-91.12,29.28],[-91.13,29.28],[-91.12,29.3],[-91.12,29.31],[-91.13,29.32],[-91.13,29.33],[-91.13,29.34],[-91.15,29.34],[-91.15,29.36],[-91.18,29.36],[-91.2,29.38],[-91.21,29.39],[-91.22,29.4],[-91.22,29.41],[-91.21,29.42],[-91.22,29.44],[-91.23,29.44],[-91.26,29.45],[-91.26,29.46],[-91.27,29.48],[-91.28,29.48],[-91.29,29.48],[-91.31,29.48],[-91.32,29.49],[-91.34,29.49],[-91.36,29.52],[-91.38,29.52],[-91.4,29.51],[-91.4,29.5],[-91.41,29.5],[-91.43,29.52],[-91.43,29.54],[-91.44,29.54],[-91.47,29.53],[-91.47,29.54],[-91.5,29.54],[-91.52,29.53],[-91.54,29.53],[-91.53,29.54],[-91.53,29.55],[-91.54,29.57],[-91.54,29.59],[-91.55,29.61],[-91.55,29.63],[-91.56,29.64],[-91.58,29.64],[-91.6,29.63],[-91.63,29.63],[-91.64,29.63],[-91.64,29.65],[-91.63,29.65],[-91.62,29.67],[-91.62,29.68],[-91.62,29.71],[-91.62,29.74],[-91.61,29.75],[-91.64,29.74],[-91.67,29.75],[-91.7,29.74],[-91.71,29.74],[-91.73,29.75],[-91.75,29.75],[-91.77,29.75],[-91.81,29.73],[-91.83,29.72],[-91.85,29.72],[-91.86,29.71],[-91.88,29.72],[-91.85,29.73],[-91.85,29.74],[-91.86,29.75],[-91.88,29.75],[-91.87,29.76],[-91.87,29.77],[-91.86,29.78],[-91.84,29.77],[-91.83,29.78],[-91.82,29.8],[-91.82,29.82],[-91.83,29.82],[-91.83,29.83],[-91.86,29.83],[-91.89,29.84],[-91.91,29.83],[-91.92,29.82],[-91.93,29.82],[-91.94,29.82],[-91.96,29.83],[-91.97,29.83],[-91.98,29.83],[-91.98,29.82],[-91.98,29.8],[-92,29.79],[-92.02,29.79],[-92.04,29.78],[-92.08,29.76],[-92.11,29.74],[-92.12,29.75],[-92.13,29.76],[-92.14,29.77],[-92.15,29.76],[-92.16,29.75],[-92.17,29.76],[-92.18,29.76],[-92.17,29.74],[-92.2,29.75],[-92.21,29.75],[-92.2,29.72],[-92.19,29.72],[-92.17,29.7],[-92.15,29.7],[-92.14,29.7],[-92.1,29.7],[-92.11,29.69],[-92.13,29.67],[-92.14,29.66],[-92.13,29.65],[-92.13,29.64],[-92.11,29.62],[-92.11,29.61],[-92.08,29.62],[-92.07,29.62],[-92.05,29.62],[-92.03,29.63],[-92.02,29.62],[-92.05,29.61],[-92.07,29.6],[-92.07,29.59],[-92.05,29.59],[-92.05,29.58],[-92.08,29.58],[-92.11,29.59],[-92.14,29.59],[-92.17,29.58],[-92.21,29.56],[-92.25,29.54],[-92.28,29.53],[-92.32,29.53],[-92.34,29.53],[-92.47,29.56],[-92.52,29.57],[-92.56,29.58],[-92.56,29.59],[-92.57,29.59],[-92.58,29.58],[-92.62,29.59],[-92.63,29.59],[-92.64,29.59],[-92.66,29.59],[-92.69,29.61],[-92.74,29.62],[-92.76,29.63],[-92.84,29.66],[-92.86,29.67],[-92.93,29.7],[-92.97,29.71],[-93,29.72],[-93.03,29.73],[-93.11,29.75],[-93.19,29.77],[-93.22,29.78],[-93.28,29.78],[-93.31,29.77],[-93.34,29.76],[-93.4,29.77],[-93.46,29.77],[-93.51,29.77],[-93.57,29.76],[-93.6,29.76],[-93.66,29.75],[-93.72,29.74],[-93.75,29.73],[-93.81,29.71],[-93.84,29.69],[-93.84,29.68],[-93.87,29.68],[-93.94,29.68],[-93.97,29.68],[-94.01,29.68],[-94.07,29.67],[-94.12,29.65],[-94.26,29.6],[-94.31,29.58],[-94.4,29.54],[-94.51,29.51],[-94.58,29.47],[-94.63,29.45],[-94.66,29.44],[-94.71,29.4],[-94.73,29.37],[-94.75,29.37],[-94.76,29.36],[-94.77,29.37],[-94.78,29.36],[-94.77,29.38],[-94.76,29.4],[-94.75,29.4],[-94.74,29.41],[-94.72,29.43],[-94.71,29.43],[-94.7,29.44],[-94.69,29.46],[-94.67,29.48],[-94.65,29.48],[-94.65,29.47],[-94.62,29.48],[-94.61,29.48],[-94.6,29.5],[-94.59,29.51],[-94.58,29.53],[-94.56,29.53],[-94.53,29.52],[-94.51,29.52],[-94.51,29.51],[-94.49,29.52],[-94.49,29.54],[-94.47,29.55],[-94.47,29.56],[-94.5,29.55],[-94.5,29.54],[-94.52,29.54],[-94.53,29.56],[-94.55,29.57],[-94.57,29.57],[-94.59,29.56],[-94.64,29.55],[-94.66,29.55],[-94.69,29.54],[-94.7,29.54],[-94.74,29.53],[-94.77,29.52],[-94.78,29.53],[-94.79,29.55],[-94.76,29.54],[-94.75,29.55],[-94.75,29.56],[-94.74,29.57],[-94.71,29.61],[-94.7,29.64],[-94.7,29.68],[-94.69,29.69],[-94.69,29.71],[-94.7,29.73],[-94.69,29.74],[-94.71,29.77],[-94.72,29.77],[-94.73,29.78],[-94.74,29.78],[-94.74,29.79],[-94.81,29.76],[-94.82,29.75],[-94.85,29.72],[-94.86,29.7],[-94.87,29.68],[-94.87,29.67],[-94.9,29.66],[-94.91,29.66],[-94.92,29.66],[-94.94,29.68],[-94.94,29.69],[-94.95,29.7],[-94.97,29.7],[-94.98,29.71],[-95,29.71],[-95.02,29.72],[-95.03,29.74],[-95.04,29.75],[-95.05,29.75],[-95.04,29.76],[-95.04,29.77],[-95.05,29.78],[-95.06,29.78],[-95.06,29.79],[-95.06,29.8],[-95.08,29.82],[-95.1,29.81],[-95.09,29.8],[-95.07,29.8],[-95.06,29.79],[-95.07,29.78],[-95.08,29.77],[-95.1,29.77],[-95.1,29.76],[-95.08,29.76],[-95.07,29.76],[-95.07,29.74],[-95.05,29.73],[-95.06,29.72],[-95.05,29.71],[-95.02,29.7],[-95,29.7],[-94.98,29.68],[-95,29.66],[-95.02,29.64],[-95.01,29.61],[-94.99,29.61],[-94.98,29.6],[-95.01,29.58],[-95.02,29.56],[-95.01,29.54],[-95,29.52],[-94.98,29.51],[-94.92,29.5],[-94.91,29.49],[-94.92,29.47],[-94.93,29.48],[-94.95,29.47],[-94.94,29.46],[-94.89,29.43],[-94.89,29.42],[-94.89,29.39],[-94.89,29.36],[-94.9,29.36],[-94.91,29.36],[-94.91,29.34],[-94.89,29.32],[-94.9,29.3],[-94.87,29.29],[-94.85,29.3],[-94.83,29.3],[-94.82,29.31],[-94.8,29.31],[-94.77,29.32],[-94.77,29.34],[-94.75,29.34],[-94.73,29.34],[-94.73,29.33],[-94.76,29.31],[-94.79,29.29],[-94.81,29.27],[-94.87,29.24],[-94.91,29.22],[-94.97,29.18],[-95.05,29.14],[-95.08,29.11],[-95.11,29.1],[-95.09,29.12],[-95.08,29.13],[-95.04,29.15],[-95.03,29.16],[-95.01,29.17],[-95.01,29.18],[-94.99,29.19],[-94.99,29.2],[-94.97,29.2],[-94.96,29.21],[-94.96,29.22],[-94.95,29.22],[-94.94,29.24],[-94.93,29.24],[-94.92,29.25],[-94.92,29.26],[-94.89,29.27],[-94.87,29.27],[-94.87,29.28],[-94.87,29.29],[-94.9,29.3],[-94.91,29.3],[-94.91,29.31],[-94.93,29.31],[-94.94,29.32],[-94.94,29.31],[-94.96,29.29],[-94.99,29.28],[-95,29.28],[-95,29.27],[-95,29.26],[-95,29.25],[-95.02,29.23],[-95.03,29.21],[-95.04,29.21],[-95.07,29.19],[-95.1,29.18],[-95.11,29.2],[-95.13,29.19],[-95.15,29.2],[-95.17,29.2],[-95.17,29.21],[-95.19,29.21],[-95.2,29.21],[-95.19,29.2],[-95.18,29.19],[-95.17,29.19],[-95.15,29.18],[-95.16,29.15],[-95.17,29.13],[-95.17,29.11],[-95.16,29.1],[-95.15,29.1],[-95.14,29.08],[-95.14,29.07],[-95.16,29.07],[-95.17,29.08],[-95.16,29.1],[-95.18,29.11],[-95.19,29.11],[-95.2,29.1],[-95.19,29.08],[-95.18,29.08],[-95.2,29.07],[-95.22,29.05],[-95.24,29.01],[-95.23,29],[-95.22,29.01],[-95.22,29.02],[-95.21,29.02],[-95.2,29.03],[-95.17,29.05],[-95.16,29.06],[-95.17,29.06],[-95.16,29.07],[-95.15,29.07],[-95.12,29.07],[-95.17,29.04],[-95.22,29],[-95.27,28.96],[-95.28,28.95],[-95.3,28.93],[-95.33,28.92],[-95.35,28.9],[-95.38,28.88],[-95.38,28.87],[-95.44,28.85],[-95.45,28.86],[-95.46,28.85],[-95.49,28.84],[-95.52,28.82],[-95.59,28.78],[-95.64,28.76],[-95.66,28.75],[-95.66,28.74],[-95.75,28.69],[-95.81,28.67],[-95.84,28.65],[-95.9,28.63],[-95.97,28.6],[-96.01,28.58],[-96.09,28.55],[-96.14,28.53],[-96.2,28.5],[-96.26,28.47],[-96.29,28.45],[-96.32,28.43],[-96.33,28.43],[-96.32,28.44],[-96.31,28.46],[-96.28,28.47],[-96.24,28.49],[-96.24,28.5],[-96.22,28.5],[-96.2,28.52],[-96.18,28.52],[-96.14,28.54],[-96.1,28.56],[-96.05,28.58],[-96.04,28.59],[-96.03,28.59],[-95.99,28.6],[-95.99,28.62],[-95.98,28.64],[-95.99,28.65],[-96.01,28.64],[-96.03,28.65],[-96.05,28.65],[-96.07,28.64],[-96.1,28.62],[-96.14,28.61],[-96.18,28.6],[-96.21,28.58],[-96.23,28.58],[-96.24,28.6],[-96.21,28.61],[-96.2,28.6],[-96.16,28.61],[-96.17,28.62],[-96.18,28.63],[-96.2,28.62],[-96.21,28.61],[-96.21,28.62],[-96.23,28.64],[-96.22,28.65],[-96.22,28.66],[-96.19,28.69],[-96.19,28.7],[-96.18,28.71],[-96.19,28.73],[-96.17,28.75],[-96.18,28.75],[-96.19,28.74],[-96.21,28.73],[-96.2,28.71],[-96.21,28.71],[-96.21,28.7],[-96.22,28.7],[-96.24,28.69],[-96.26,28.68],[-96.26,28.7],[-96.26,28.72],[-96.27,28.72],[-96.26,28.7],[-96.27,28.69],[-96.29,28.68],[-96.3,28.67],[-96.31,28.66],[-96.31,28.65],[-96.33,28.64],[-96.36,28.63],[-96.36,28.64],[-96.36,28.66],[-96.39,28.67],[-96.39,28.68],[-96.39,28.69],[-96.39,28.7],[-96.38,28.71],[-96.39,28.72],[-96.4,28.74],[-96.43,28.73],[-96.43,28.74],[-96.45,28.75],[-96.45,28.76],[-96.45,28.75],[-96.45,28.74],[-96.44,28.74],[-96.44,28.72],[-96.43,28.71],[-96.41,28.72],[-96.41,28.7],[-96.42,28.68],[-96.41,28.67],[-96.42,28.65],[-96.41,28.64],[-96.41,28.63],[-96.4,28.63],[-96.4,28.62],[-96.39,28.62],[-96.47,28.57],[-96.48,28.57],[-96.48,28.59],[-96.46,28.58],[-96.44,28.59],[-96.44,28.61],[-96.45,28.63],[-96.45,28.64],[-96.46,28.64],[-96.46,28.65],[-96.46,28.66],[-96.47,28.67],[-96.46,28.66],[-96.47,28.63],[-96.49,28.61],[-96.51,28.62],[-96.5,28.63],[-96.51,28.64],[-96.54,28.65],[-96.55,28.64],[-96.56,28.64],[-96.57,28.66],[-96.57,28.67],[-96.56,28.69],[-96.57,28.69],[-96.59,28.72],[-96.61,28.72],[-96.65,28.71],[-96.66,28.72],[-96.66,28.71],[-96.66,28.69],[-96.64,28.67],[-96.63,28.65],[-96.62,28.65],[-96.61,28.64],[-96.62,28.62],[-96.61,28.59],[-96.62,28.59],[-96.62,28.57],[-96.6,28.57],[-96.59,28.58],[-96.57,28.58],[-96.56,28.57],[-96.53,28.56],[-96.51,28.53],[-96.49,28.51],[-96.46,28.5],[-96.43,28.47],[-96.41,28.45],[-96.4,28.44],[-96.4,28.41],[-96.42,28.4],[-96.42,28.42],[-96.41,28.43],[-96.42,28.43],[-96.48,28.41],[-96.48,28.4],[-96.5,28.4],[-96.55,28.37],[-96.61,28.35],[-96.62,28.34],[-96.63,28.34],[-96.62,28.34],[-96.61,28.35],[-96.64,28.33],[-96.65,28.32],[-96.67,28.32],[-96.69,28.33],[-96.7,28.34],[-96.7,28.38],[-96.71,28.39],[-96.71,28.4],[-96.73,28.41],[-96.75,28.42],[-96.75,28.43],[-96.76,28.44],[-96.78,28.46],[-96.79,28.46],[-96.79,28.48],[-96.81,28.48],[-96.82,28.47],[-96.83,28.46],[-96.81,28.46],[-96.79,28.46],[-96.78,28.44],[-96.76,28.43],[-96.76,28.41],[-96.78,28.4],[-96.79,28.4],[-96.82,28.43],[-96.84,28.43],[-96.86,28.42],[-96.86,28.41],[-96.83,28.38],[-96.79,28.36],[-96.79,28.34],[-96.79,28.32],[-96.79,28.31],[-96.81,28.29],[-96.81,28.28],[-96.79,28.26],[-96.79,28.24],[-96.79,28.23],[-96.8,28.23],[-96.82,28.21],[-96.83,28.2],[-96.85,28.18],[-96.86,28.18],[-96.89,28.15],[-96.88,28.14],[-96.9,28.14],[-96.91,28.15],[-96.93,28.12],[-96.96,28.12],[-96.96,28.13],[-96.95,28.14],[-96.95,28.15],[-96.95,28.17],[-96.94,28.17],[-96.93,28.19],[-96.92,28.2],[-96.94,28.22],[-96.93,28.23],[-96.93,28.24],[-96.92,28.26],[-96.94,28.25],[-96.95,28.24],[-96.95,28.23],[-96.97,28.22],[-96.95,28.2],[-96.95,28.19],[-96.97,28.17],[-96.97,28.16],[-96.98,28.13],[-97,28.14],[-97.01,28.14],[-97.02,28.15],[-97.02,28.16],[-97.02,28.18],[-97.01,28.19],[-97.01,28.2],[-97.02,28.2],[-97.03,28.19],[-97.07,28.18],[-97.09,28.17],[-97.14,28.14],[-97.14,28.17],[-97.15,28.17],[-97.18,28.16],[-97.18,28.15],[-97.17,28.14],[-97.17,28.12],[-97.21,28.09],[-97.22,28.08],[-97.23,28.07],[-97.22,28.06],[-97.2,28.06],[-97.21,28.07],[-97.18,28.06],[-97.18,28.05],[-97.16,28.05],[-97.15,28.03],[-97.17,27.99],[-97.15,28],[-97.14,28.03],[-97.13,28.03],[-97.12,28.04],[-97.13,28.04],[-97.13,28.05],[-97.11,28.06],[-97.11,28.07],[-97.1,28.08],[-97.09,28.08],[-97.06,28.09],[-97.05,28.1],[-97.05,28.12],[-97.04,28.12],[-97.02,28.1],[-97.03,28.09],[-97.04,28.07],[-97.03,28.05],[-97.03,28.04],[-97.03,28.03],[-97.05,28.02],[-97.07,27.98],[-97.09,27.97],[-97.12,27.92],[-97.13,27.92],[-97.13,27.9],[-97.14,27.89],[-97.16,27.87],[-97.19,27.82],[-97.21,27.82],[-97.22,27.82],[-97.22,27.84],[-97.24,27.86],[-97.25,27.88],[-97.27,27.88],[-97.3,27.88],[-97.33,27.87],[-97.34,27.87],[-97.34,27.88],[-97.35,27.88],[-97.36,27.88],[-97.4,27.88],[-97.42,27.87],[-97.43,27.87],[-97.46,27.87],[-97.48,27.86],[-97.49,27.88],[-97.52,27.87],[-97.52,27.86],[-97.51,27.85],[-97.5,27.85],[-97.49,27.84],[-97.48,27.83],[-97.45,27.83],[-97.44,27.83],[-97.42,27.82],[-97.41,27.83],[-97.39,27.84],[-97.38,27.83],[-97.39,27.81],[-97.4,27.81],[-97.41,27.81],[-97.4,27.81],[-97.39,27.79],[-97.39,27.78],[-97.38,27.76],[-97.37,27.74],[-97.36,27.73],[-97.33,27.72],[-97.34,27.71],[-97.33,27.69],[-97.32,27.69],[-97.32,27.67],[-97.34,27.66],[-97.35,27.65],[-97.34,27.64],[-97.33,27.66],[-97.32,27.66],[-97.31,27.67],[-97.31,27.68],[-97.3,27.68],[-97.3,27.69],[-97.3,27.71],[-97.26,27.7],[-97.26,27.68],[-97.27,27.68],[-97.27,27.66],[-97.29,27.64],[-97.3,27.6],[-97.29,27.59],[-97.31,27.58],[-97.32,27.57],[-97.33,27.54],[-97.34,27.52],[-97.35,27.48],[-97.36,27.47],[-97.37,27.45],[-97.37,27.41],[-97.38,27.38],[-97.4,27.34],[-97.4,27.33],[-97.41,27.32],[-97.43,27.31],[-97.45,27.31],[-97.48,27.3],[-97.49,27.31],[-97.5,27.33],[-97.48,27.33],[-97.48,27.35],[-97.48,27.37],[-97.49,27.38],[-97.47,27.39],[-97.47,27.4],[-97.48,27.42],[-97.48,27.44],[-97.49,27.45],[-97.49,27.46],[-97.5,27.46],[-97.5,27.45],[-97.5,27.43],[-97.51,27.43],[-97.53,27.43],[-97.54,27.44],[-97.54,27.46],[-97.54,27.48],[-97.55,27.48],[-97.54,27.46],[-97.54,27.45],[-97.53,27.42],[-97.53,27.41],[-97.52,27.42],[-97.5,27.42],[-97.49,27.41],[-97.48,27.41],[-97.48,27.4],[-97.49,27.39],[-97.5,27.37],[-97.52,27.36],[-97.53,27.35],[-97.53,27.34],[-97.57,27.32],[-97.58,27.32],[-97.6,27.31],[-97.61,27.32],[-97.62,27.33],[-97.63,27.33],[-97.62,27.32],[-97.59,27.3],[-97.61,27.29],[-97.63,27.29],[-97.64,27.3],[-97.63,27.32],[-97.65,27.32],[-97.65,27.33],[-97.67,27.35],[-97.66,27.36],[-97.68,27.37],[-97.68,27.38],[-97.7,27.39],[-97.72,27.41],[-97.73,27.42],[-97.74,27.42],[-97.73,27.41],[-97.72,27.4],[-97.71,27.38],[-97.72,27.37],[-97.71,27.37],[-97.69,27.34],[-97.67,27.31],[-97.66,27.3],[-97.66,27.29],[-97.68,27.28],[-97.7,27.28],[-97.71,27.28],[-97.72,27.27],[-97.71,27.26],[-97.7,27.27],[-97.65,27.28],[-97.64,27.27],[-97.64,27.26],[-97.63,27.24],[-97.6,27.24],[-97.57,27.24],[-97.55,27.23],[-97.53,27.23],[-97.51,27.23],[-97.49,27.24],[-97.45,27.26],[-97.42,27.26],[-97.44,27.19],[-97.44,27.18],[-97.45,27.16],[-97.45,27.15],[-97.44,27.12],[-97.45,27.1],[-97.46,27.1],[-97.49,27.1],[-97.49,27.08],[-97.48,27.07],[-97.47,27.07],[-97.46,27.04],[-97.45,27.02],[-97.44,27.06],[-97.44,27.03],[-97.44,26.98],[-97.45,26.95],[-97.46,26.88],[-97.42,26.88],[-97.41,26.88],[-97.42,26.89],[-97.41,26.9],[-97.4,26.89],[-97.39,26.89],[-97.39,26.9],[-97.39,26.92],[-97.4,26.93],[-97.41,26.93],[-97.42,26.95],[-97.42,26.96],[-97.41,26.97],[-97.4,26.95],[-97.39,26.95],[-97.39,26.96],[-97.39,27.01],[-97.39,27.02],[-97.39,27.05],[-97.39,27.08],[-97.39,27.11],[-97.39,27.12],[-97.39,27.13],[-97.39,27.14],[-97.39,27.17],[-97.38,27.18],[-97.38,27.2],[-97.39,27.2],[-97.39,27.21],[-97.38,27.24],[-97.38,27.25],[-97.38,27.26],[-97.38,27.27],[-97.37,27.28],[-97.37,27.3],[-97.35,27.31],[-97.37,27.33],[-97.36,27.36],[-97.35,27.39],[-97.34,27.4],[-97.33,27.42],[-97.33,27.44],[-97.31,27.48],[-97.3,27.49],[-97.27,27.54],[-97.26,27.56],[-97.26,27.57],[-97.25,27.58],[-97.26,27.6],[-97.25,27.61],[-97.24,27.62],[-97.23,27.63],[-97.21,27.64],[-97.2,27.65],[-97.2,27.68],[-97.18,27.69],[-97.17,27.73],[-97.16,27.73],[-97.15,27.74],[-97.15,27.75],[-97.13,27.76],[-97.11,27.79],[-97.11,27.82],[-97.13,27.82],[-97.13,27.83],[-97.06,27.84],[-97.05,27.83],[-97.06,27.82],[-97.1,27.77],[-97.16,27.69],[-97.2,27.62],[-97.26,27.51],[-97.29,27.45],[-97.31,27.39],[-97.34,27.32],[-97.35,27.27],[-97.37,27.19],[-97.37,27.16],[-97.38,27.1],[-97.38,27.04],[-97.38,27],[-97.37,26.9],[-97.36,26.85],[-97.34,26.78],[-97.32,26.7],[-97.29,26.59],[-97.26,26.54],[-97.24,26.47],[-97.23,26.41],[-97.24,26.4],[-97.24,26.41],[-97.24,26.43],[-97.25,26.46],[-97.25,26.47],[-97.26,26.49],[-97.26,26.51],[-97.27,26.52],[-97.27,26.53],[-97.29,26.55],[-97.3,26.55],[-97.31,26.56],[-97.31,26.57],[-97.3,26.57],[-97.3,26.59],[-97.31,26.62],[-97.32,26.63],[-97.31,26.64],[-97.32,26.65],[-97.33,26.66],[-97.34,26.7],[-97.35,26.72],[-97.36,26.73],[-97.35,26.75],[-97.37,26.77],[-97.37,26.8],[-97.37,26.81],[-97.38,26.81],[-97.39,26.83],[-97.39,26.85],[-97.4,26.87],[-97.46,26.87],[-97.46,26.84],[-97.46,26.83],[-97.45,26.82],[-97.45,26.81],[-97.43,26.81],[-97.43,26.8],[-97.43,26.78],[-97.44,26.79],[-97.47,26.81],[-97.48,26.82],[-97.51,26.82],[-97.52,26.81],[-97.51,26.82],[-97.48,26.82],[-97.48,26.84],[-97.52,26.84],[-97.47,26.84],[-97.49,26.85],[-97.51,26.86],[-97.54,26.89],[-97.55,26.89],[-97.55,26.87],[-97.56,26.86],[-97.55,26.84],[-97.53,26.82],[-97.52,26.81],[-97.5,26.81],[-97.48,26.81],[-97.48,26.8],[-97.48,26.78],[-97.47,26.76],[-97.46,26.69],[-97.45,26.64],[-97.45,26.61],[-97.43,26.59],[-97.42,26.56],[-97.42,26.55],[-97.42,26.53],[-97.42,26.52],[-97.41,26.5],[-97.41,26.49],[-97.42,26.48],[-97.43,26.48],[-97.42,26.48],[-97.4,26.48],[-97.4,26.46],[-97.39,26.45],[-97.38,26.44],[-97.37,26.42],[-97.36,26.42],[-97.36,26.44],[-97.34,26.4],[-97.34,26.38],[-97.33,26.37],[-97.33,26.35],[-97.34,26.33],[-97.35,26.31],[-97.35,26.29],[-97.34,26.28],[-97.34,26.27],[-97.33,26.27],[-97.32,26.27],[-97.32,26.26],[-97.3,26.25],[-97.31,26.23],[-97.32,26.23],[-97.3,26.2],[-97.3,26.19],[-97.3,26.18],[-97.31,26.17],[-97.3,26.15],[-97.3,26.14],[-97.28,26.12],[-97.29,26.11],[-97.27,26.09],[-97.25,26.08],[-97.21,26.08],[-97.2,26.07],[-97.2,26.05],[-97.19,26.04],[-97.2,26.03],[-97.22,26.02],[-97.22,26.01],[-97.22,25.99],[-97.22,25.98],[-97.22,25.97],[-97.21,25.97],[-97.19,25.97],[-97.16,25.96],[-97.18,25.96],[-97.19,25.96],[-97.21,25.96],[-97.24,25.96],[-97.25,25.95],[-97.26,25.95],[-97.29,25.95],[-97.28,25.94],[-97.28,25.93],[-97.31,25.94],[-97.31,25.93],[-97.32,25.93],[-97.33,25.92],[-97.35,25.93],[-97.36,25.92],[-97.37,25.91],[-97.36,25.89],[-97.37,25.89],[-97.37,25.88],[-97.36,25.88],[-97.36,25.87],[-97.37,25.86],[-97.37,25.85],[-97.38,25.84],[-97.41,25.84],[-97.4,25.85],[-97.42,25.86],[-97.42,25.84],[-97.43,25.84],[-97.45,25.86],[-97.45,25.87],[-97.46,25.87],[-97.46,25.88],[-97.46,25.89],[-97.48,25.89],[-97.48,25.88],[-97.5,25.88],[-97.5,25.9],[-97.51,25.89],[-97.52,25.89],[-97.53,25.91],[-97.53,25.92],[-97.55,25.94],[-97.57,25.93],[-97.58,25.94],[-97.58,25.95],[-97.59,25.96],[-97.6,25.96],[-97.61,25.96],[-97.61,25.98],[-97.62,25.98],[-97.63,26],[-97.65,26.01],[-97.64,26.02],[-97.65,26.03],[-97.66,26.02],[-97.67,26.02],[-97.67,26.03],[-97.7,26.02],[-97.71,26.03],[-97.75,26.03],[-97.77,26.03],[-97.77,26.05],[-97.78,26.04],[-97.78,26.03],[-97.8,26.03],[-97.8,26.05],[-97.79,26.05],[-97.81,26.06],[-97.81,26.05],[-97.82,26.06],[-97.84,26.05],[-97.85,26.06],[-97.86,26.06],[-97.89,26.06],[-97.89,26.05],[-97.9,26.05],[-97.9,26.06],[-97.95,26.06],[-97.97,26.05],[-97.98,26.07],[-98.02,26.06],[-98.03,26.06],[-98.04,26.04],[-98.07,26.04],[-98.08,26.07],[-98.09,26.06],[-98.1,26.07],[-98.13,26.06],[-98.14,26.07],[-98.14,26.06],[-98.15,26.05],[-98.16,26.06],[-98.18,26.07],[-98.18,26.06],[-98.2,26.05],[-98.21,26.07],[-98.23,26.08],[-98.25,26.07],[-98.26,26.08],[-98.27,26.09],[-98.29,26.1],[-98.27,26.11],[-98.28,26.12],[-98.28,26.13],[-98.29,26.12],[-98.31,26.12],[-98.3,26.11],[-98.31,26.1],[-98.33,26.13],[-98.34,26.16],[-98.35,26.15],[-98.37,26.16],[-98.39,26.15],[-98.41,26.18],[-98.42,26.19],[-98.44,26.2],[-98.44,26.21],[-98.44,26.22],[-98.46,26.22],[-98.5,26.21],[-98.5,26.22],[-98.53,26.23],[-98.54,26.23],[-98.54,26.24],[-98.56,26.23],[-98.56,26.24],[-98.58,26.24],[-98.58,26.26],[-98.6,26.26],[-98.61,26.25],[-98.62,26.26],[-98.63,26.26],[-98.64,26.26],[-98.65,26.25],[-98.63,26.25],[-98.66,26.24],[-98.66,26.25],[-98.68,26.25],[-98.68,26.26],[-98.71,26.27],[-98.71,26.28],[-98.72,26.3],[-98.75,26.3],[-98.73,26.32],[-98.74,26.33],[-98.75,26.33],[-98.77,26.32],[-98.78,26.33],[-98.79,26.33],[-98.8,26.37],[-98.82,26.37],[-98.84,26.36],[-98.88,26.37],[-98.89,26.36],[-98.9,26.36],[-98.9,26.37],[-98.92,26.38],[-98.92,26.39],[-98.93,26.39],[-98.93,26.38],[-98.94,26.37],[-98.95,26.37],[-98.95,26.39],[-98.96,26.4],[-98.98,26.4],[-98.99,26.39],[-99.01,26.39],[-99.02,26.41],[-99.04,26.41],[-99.06,26.4],[-99.07,26.4],[-99.09,26.4],[-99.1,26.41],[-99.11,26.42],[-99.11,26.43],[-99.11,26.44],[-99.09,26.47],[-99.1,26.49],[-99.11,26.51],[-99.12,26.52],[-99.14,26.53],[-99.16,26.53],[-99.17,26.54],[-99.17,26.55],[-99.16,26.57],[-99.18,26.59],[-99.17,26.62],[-99.18,26.63],[-99.19,26.64],[-99.2,26.65],[-99.21,26.69],[-99.21,26.72],[-99.22,26.73],[-99.23,26.74],[-99.25,26.76],[-99.24,26.78],[-99.26,26.81],[-99.28,26.85],[-99.28,26.86],[-99.32,26.87],[-99.32,26.88],[-99.33,26.89],[-99.32,26.91],[-99.33,26.92],[-99.35,26.93],[-99.37,26.93],[-99.39,26.95],[-99.39,26.96],[-99.38,26.97],[-99.38,26.98],[-99.4,26.99],[-99.41,27.02],[-99.42,27.02],[-99.43,27.01],[-99.45,27.02],[-99.45,27.04],[-99.45,27.07],[-99.44,27.08],[-99.43,27.09],[-99.44,27.11],[-99.43,27.13],[-99.44,27.14],[-99.44,27.15],[-99.43,27.17],[-99.43,27.18],[-99.44,27.21],[-99.45,27.22],[-99.44,27.25],[-99.45,27.26],[-99.46,27.27],[-99.47,27.27],[-99.49,27.26],[-99.5,27.27],[-99.49,27.29],[-99.49,27.3],[-99.51,27.31],[-99.52,27.3],[-99.54,27.31],[-99.54,27.32],[-99.54,27.33],[-99.51,27.33],[-99.51,27.34],[-99.51,27.36],[-99.5,27.37],[-99.5,27.38],[-99.49,27.41],[-99.5,27.43],[-99.5,27.45],[-99.48,27.47],[-99.48,27.48],[-99.49,27.5],[-99.5,27.5],[-99.52,27.5],[-99.53,27.5],[-99.52,27.54],[-99.52,27.56],[-99.52,27.57],[-99.53,27.58],[-99.54,27.61],[-99.56,27.61],[-99.57,27.6],[-99.59,27.6],[-99.58,27.62],[-99.59,27.63],[-99.6,27.64],[-99.62,27.64],[-99.63,27.64],[-99.64,27.63],[-99.66,27.63],[-99.66,27.64],[-99.67,27.66],[-99.69,27.66],[-99.71,27.65],[-99.73,27.66],[-99.73,27.68],[-99.76,27.71],[-99.77,27.72],[-99.77,27.73],[-99.79,27.73],[-99.8,27.74],[-99.81,27.77],[-99.82,27.77],[-99.84,27.76],[-99.85,27.77],[-99.85,27.79],[-99.88,27.79],[-99.88,27.8],[-99.88,27.84],[-99.89,27.85],[-99.9,27.86],[-99.91,27.87],[-99.9,27.89],[-99.9,27.91],[-99.92,27.92],[-99.94,27.95],[-99.94,27.98],[-99.96,27.98],[-99.98,27.99],[-99.89,28.31],[-99.7,28.77],[-99.46,29.23],[-99.17,29.68],[-98.86,30.12],[-98.5,30.53],[-98.12,30.92],[-97.71,31.28],[-97.23,31.6],[-96.72,31.87],[-96.19,32.09],[-95.65,32.28],[-95.11,32.42],[-94.57,32.51],[-94.04,32.53],[-93.52,32.47],[-93.06,32.32],[-92.63,32.09],[-92.21,31.8],[-91.82,31.47],[-91.45,31.1],[-91.11,30.71],[-90.81,30.29],[-90.57,29.85],[-90.39,29.38],[-90.37,29.29],[-90.38,29.28],[-90.38,29.27],[-90.4,29.26],[-90.4,29.28],[-90.39,29.3],[-90.4,29.31],[-90.41,29.32],[-90.42,29.33],[-90.43,29.35],[-90.45,29.35],[-90.46,29.34],[-90.45,29.32],[-90.47,29.31],[-90.47,29.3],[-90.48,29.29],[-90.48,29.3]],[[-97.45,26.95],[-97.45,26.97],[-97.46,26.98],[-97.47,26.97],[-97.5,26.98],[-97.52,26.99],[-97.53,26.98],[-97.54,26.99],[-97.54,26.97],[-97.55,26.97],[-97.55,26.94],[-97.55,26.93],[-97.55,26.92],[-97.53,26.92],[-97.51,26.91],[-97.5,26.91],[-97.5,26.93],[-97.49,26.93],[-97.49,26.96],[-97.48,26.96],[-97.48,26.94],[-97.46,26.94],[-97.45,26.95]],[[-97.36,26.34],[-97.35,26.33],[-97.34,26.33],[-97.34,26.35],[-97.35,26.35],[-97.36,26.34]],[[-95.68,28.76],[-95.71,28.75],[-95.74,28.74],[-95.75,28.75],[-95.77,28.74],[-95.78,28.75],[-95.81,28.74],[-95.83,28.73],[-95.89,28.71],[-95.92,28.7],[-95.94,28.69],[-95.94,28.68],[-95.94,28.67],[-95.94,28.66],[-95.95,28.65],[-95.95,28.64],[-95.96,28.63],[-95.93,28.63],[-95.92,28.64],[-95.9,28.64],[-95.85,28.66],[-95.84,28.67],[-95.81,28.69],[-95.8,28.69],[-95.79,28.7],[-95.77,28.7],[-95.73,28.72],[-95.71,28.73],[-95.7,28.74],[-95.69,28.74],[-95.67,28.75],[-95.67,28.76],[-95.68,28.76]],[[-90.78,29.18],[-90.81,29.18],[-90.81,29.17],[-90.8,29.16],[-90.77,29.17],[-90.77,29.18],[-90.78,29.18]]]]},"properties":{"Cat":"Below","Prob":40}},{"type":"Feature","geometry":{"type":"MultiPolygon","coordinates":[[[[-124.06,46.86],[-124.11,46.85],[-124.13,46.9],[-124.11,46.91],[-124.09,46.9],[-124.09,46.89],[-124.1,46.88],[-124.09,46.87],[-124.07,46.86],[-124.06,46.86]]],[[[-122.83,47.11],[-122.83,47.12],[-122.83,47.16],[-122.81,47.16],[-122.8,47.16],[-122.79,47.14],[-122.79,47.13],[-122.77,47.12],[-122.73,47.1],[-122.89,47.06],[-122.9,47.08],[-122.89,47.11],[-122.91,47.14],[-122.9,47.14],[-122.88,47.15],[-122.86,47.16],[-122.84,47.16],[-122.84,47.15],[-122.85,47.14],[-122.83,47.11]]],[[[-122.67,47.16],[-122.68,47.14],[-122.69,47.15],[-122.7,47.12],[-122.72,47.13],[-122.74,47.15],[-122.73,47.17],[-122.71,47.19],[-122.69,47.18],[-122.67,47.17],[-122.67,47.16]]],[[[-122.91,47.2],[-122.9,47.18],[-122.91,47.18],[-122.92,47.2],[-122.92,47.22],[-122.91,47.2]]],[[[-122.68,47.23],[-122.67,47.22],[-122.65,47.22],[-122.64,47.2],[-122.65,47.2],[-122.68,47.19],[-122.72,47.2],[-122.72,47.21],[-122.7,47.23],[-122.68,47.23]]],[[[-122.64,47.27],[-122.63,47.26],[-122.59,47.24],[-122.59,47.23],[-122.61,47.22],[-122.63,47.24],[-122.67,47.27],[-122.65,47.27],[-122.64,47.27]]],[[[-122.87,47.28],[-122.86,47.27],[-122.87,47.25],[-122.84,47.21],[-122.85,47.18],[-122.86,47.17],[-122.88,47.17],[-122.89,47.2],[-122.92,47.23],[-122.92,47.24],[-122.92,47.25],[-122.92,47.27],[-122.91,47.28],[-122.89,47.29],[-122.86,47.3],[-122.87,47.28]]],[[[-122.44,47.41],[-122.43,47.4],[-122.39,47.4],[-122.37,47.39],[-122.4,47.38],[-122.44,47.36],[-122.46,47.34],[-122.47,47.35],[-122.48,47.35],[-122.46,47.37],[-122.45,47.37],[-122.43,47.39],[-122.44,47.4],[-122.46,47.4],[-122.45,47.39],[-122.47,47.39],[-122.48,47.38],[-122.49,47.37],[-122.49,47.33],[-122.52,47.33],[-122.53,47.34],[-122.52,47.36],[-122.52,47.38],[-122.53,47.39],[-122.51,47.42],[-122.51,47.45],[-122.5,47.48],[-122.48,47.48],[-122.48,47.51],[-122.45,47.5],[-122.46,47.49],[-122.43,47.47],[-122.44,47.46],[-122.44,47.44],[-122.43,47.42],[-122.44,47.41]]],[[[-122.48,47.53],[-122.5,47.53],[-122.5,47.54],[-122.48,47.54],[-122.48,47.53]]],[[[-122.54,47.7],[-122.53,47.71],[-122.51,47.71],[-122.5,47.7],[-122.51,47.68],[-122.5,47.66],[-122.52,47.65],[-122.49,47.63],[-122.52,47.62],[-122.53,47.62],[-122.52,47.62],[-122.5,47.62],[-122.5,47.59],[-122.48,47.58],[-122.51,47.57],[-122.52,47.58],[-122.54,47.59],[-122.56,47.6],[-122.57,47.59],[-122.58,47.6],[-122.58,47.65],[-122.59,47.66],[-122.58,47.67],[-122.56,47.68],[-122.57,47.69],[-122.57,47.71],[-122.55,47.72],[-122.53,47.7],[-122.54,47.7]]],[[[-122.69,47.92],[-122.67,47.92],[-122.66,47.93],[-122.65,47.92],[-122.65,47.9],[-122.64,47.89],[-122.63,47.89],[-122.64,47.87],[-122.65,47.86],[-122.67,47.87],[-122.69,47.87],[-122.68,47.84],[-122.69,47.83],[-122.71,47.82],[-122.74,47.81],[-122.75,47.8],[-122.75,47.78],[-122.76,47.76],[-122.76,47.75],[-122.77,47.74],[-122.78,47.72],[-122.78,47.7],[-122.77,47.69],[-122.79,47.69],[-122.81,47.68],[-122.83,47.69],[-122.82,47.71],[-122.81,47.71],[-122.81,47.73],[-122.81,47.75],[-122.8,47.76],[-122.79,47.79],[-122.79,47.81],[-122.79,47.82],[-122.81,47.84],[-122.82,47.84],[-122.83,47.82],[-122.82,47.81],[-122.82,47.79],[-122.84,47.78],[-122.85,47.78],[-122.85,47.8],[-122.86,47.82],[-122.87,47.81],[-122.87,47.79],[-122.86,47.77],[-122.85,47.76],[-122.85,47.75],[-122.87,47.74],[-122.88,47.73],[-122.89,47.71],[-122.9,47.7],[-122.89,47.69],[-122.91,47.67],[-122.9,47.65],[-122.92,47.65],[-122.94,47.64],[-122.94,47.63],[-122.98,47.61],[-122.99,47.6],[-123,47.58],[-123.02,47.56],[-123.03,47.55],[-123.05,47.53],[-123.06,47.51],[-123.1,47.46],[-123.11,47.46],[-123.14,47.4],[-123.15,47.38],[-123.16,47.37],[-123.16,47.35],[-123.13,47.34],[-123.11,47.34],[-123.1,47.36],[-123.08,47.36],[-123.07,47.35],[-123.04,47.35],[-123.02,47.35],[-122.99,47.37],[-122.93,47.39],[-122.91,47.39],[-122.89,47.4],[-122.88,47.41],[-122.84,47.44],[-122.86,47.44],[-122.87,47.43],[-122.9,47.42],[-122.94,47.4],[-122.98,47.4],[-122.99,47.39],[-123.01,47.38],[-123.02,47.36],[-123.04,47.36],[-123.05,47.37],[-123.08,47.38],[-123.11,47.38],[-123.12,47.39],[-123.1,47.41],[-123.08,47.44],[-123.06,47.47],[-123.04,47.48],[-123.03,47.5],[-123.03,47.51],[-123.02,47.53],[-123.01,47.53],[-122.98,47.56],[-122.96,47.58],[-122.94,47.59],[-122.92,47.6],[-122.92,47.62],[-122.88,47.63],[-122.87,47.63],[-122.85,47.65],[-122.83,47.65],[-122.84,47.64],[-122.81,47.65],[-122.75,47.67],[-122.75,47.68],[-122.75,47.72],[-122.74,47.74],[-122.72,47.75],[-122.71,47.77],[-122.69,47.78],[-122.68,47.8],[-122.65,47.83],[-122.62,47.84],[-122.61,47.86],[-122.58,47.86],[-122.59,47.84],[-122.58,47.82],[-122.57,47.83],[-122.57,47.84],[-122.57,47.85],[-122.57,47.88],[-122.59,47.9],[-122.59,47.91],[-122.6,47.92],[-122.62,47.92],[-122.62,47.94],[-122.6,47.94],[-122.59,47.92],[-122.55,47.92],[-122.53,47.91],[-122.53,47.9],[-122.51,47.88],[-122.51,47.86],[-122.51,47.85],[-122.51,47.83],[-122.48,47.82],[-122.48,47.81],[-122.5,47.79],[-122.48,47.78],[-122.47,47.76],[-122.48,47.75],[-122.51,47.74],[-122.55,47.75],[-122.55,47.73],[-122.57,47.71],[-122.58,47.7],[-122.59,47.69],[-122.6,47.7],[-122.61,47.71],[-122.66,47.74],[-122.66,47.73],[-122.65,47.71],[-122.62,47.69],[-122.61,47.66],[-122.62,47.65],[-122.59,47.63],[-122.6,47.6],[-122.59,47.6],[-122.61,47.57],[-122.64,47.58],[-122.65,47.59],[-122.66,47.6],[-122.66,47.62],[-122.68,47.62],[-122.67,47.64],[-122.68,47.65],[-122.7,47.64],[-122.71,47.61],[-122.71,47.6],[-122.69,47.6],[-122.69,47.58],[-122.68,47.58],[-122.66,47.59],[-122.65,47.58],[-122.63,47.58],[-122.62,47.56],[-122.63,47.56],[-122.67,47.55],[-122.65,47.54],[-122.64,47.54],[-122.61,47.55],[-122.6,47.56],[-122.57,47.58],[-122.56,47.59],[-122.53,47.56],[-122.54,47.55],[-122.54,47.54],[-122.55,47.53],[-122.5,47.52],[-122.5,47.51],[-122.52,47.49],[-122.53,47.47],[-122.54,47.45],[-122.53,47.43],[-122.55,47.41],[-122.55,47.39],[-122.54,47.38],[-122.55,47.36],[-122.56,47.35],[-122.58,47.33],[-122.57,47.31],[-122.55,47.28],[-122.57,47.26],[-122.59,47.25],[-122.6,47.26],[-122.6,47.27],[-122.61,47.27],[-122.67,47.29],[-122.68,47.28],[-122.7,47.28],[-122.69,47.31],[-122.67,47.32],[-122.67,47.34],[-122.65,47.36],[-122.64,47.36],[-122.62,47.37],[-122.63,47.39],[-122.64,47.38],[-122.68,47.36],[-122.69,47.35],[-122.72,47.34],[-122.73,47.32],[-122.75,47.29],[-122.75,47.26],[-122.74,47.26],[-122.74,47.25],[-122.72,47.25],[-122.72,47.22],[-122.74,47.21],[-122.75,47.18],[-122.77,47.17],[-122.78,47.18],[-122.79,47.19],[-122.8,47.21],[-122.81,47.23],[-122.82,47.23],[-122.83,47.25],[-122.82,47.27],[-122.8,47.29],[-122.79,47.3],[-122.79,47.32],[-122.79,47.34],[-122.8,47.35],[-122.79,47.36],[-122.81,47.36],[-122.82,47.38],[-122.81,47.4],[-122.82,47.4],[-122.83,47.38],[-122.82,47.37],[-122.83,47.35],[-122.82,47.34],[-122.83,47.33],[-122.85,47.31],[-122.86,47.31],[-122.89,47.29],[-122.9,47.29],[-122.93,47.28],[-122.93,47.25],[-122.94,47.24],[-122.93,47.23],[-122.94,47.22],[-122.94,47.21],[-122.96,47.21],[-122.99,47.2],[-123.01,47.21],[-123.04,47.21],[-123.06,47.21],[-123.07,47.22],[-123.05,47.22],[-123.05,47.24],[-123.08,47.22],[-123.09,47.21],[-123.07,47.2],[-123.04,47.2],[-123.01,47.2],[-122.99,47.2],[-122.95,47.2],[-122.94,47.2],[-122.95,47.18],[-122.97,47.17],[-122.98,47.17],[-123,47.16],[-123.02,47.15],[-123.02,47.12],[-123.03,47.12],[-123.06,47.12],[-123.08,47.11],[-123.04,47.11],[-123.03,47.11],[-123.01,47.12],[-123,47.13],[-123,47.15],[-122.98,47.14],[-122.94,47.17],[-122.94,47.18],[-122.92,47.17],[-122.93,47.15],[-122.96,47.14],[-122.96,47.13],[-122.96,47.1],[-122.98,47.1],[-122.99,47.08],[-123.01,47.08],[-123.01,47.07],[-122.95,47.1],[-122.94,47.11],[-122.94,47.13],[-122.93,47.14],[-122.92,47.12],[-122.94,47.08],[-122.92,47.07],[-122.91,47.05],[-122.95,47.04],[-123.42,46.95],[-123.9,46.87],[-124.04,46.86],[-124.06,46.86],[-124.05,46.89],[-124.04,46.9],[-124,46.91],[-123.98,46.92],[-123.96,46.92],[-123.93,46.93],[-123.88,46.94],[-123.85,46.95],[-123.82,46.96],[-123.88,46.97],[-123.92,46.97],[-123.94,46.97],[-123.94,46.98],[-123.99,46.98],[-124.01,46.98],[-124.02,46.99],[-124.01,47],[-124.02,47.01],[-124.03,47.03],[-124.06,47.04],[-124.11,47.04],[-124.14,47.04],[-124.15,47.02],[-124.14,47],[-124.14,46.98],[-124.13,46.95],[-124.11,46.94],[-124.11,46.93],[-124.14,46.94],[-124.15,46.94],[-124.15,46.93],[-124.17,46.93],[-124.18,46.95],[-124.17,46.97],[-124.17,47.04],[-124.18,47.08],[-124.19,47.13],[-124.21,47.22],[-124.23,47.28],[-124.25,47.3],[-124.28,47.31],[-124.29,47.34],[-124.3,47.35],[-124.32,47.36],[-124.33,47.4],[-124.34,47.41],[-124.34,47.45],[-124.34,47.48],[-124.35,47.53],[-124.35,47.54],[-124.36,47.55],[-124.37,47.58],[-124.38,47.61],[-124.39,47.66],[-124.41,47.69],[-124.42,47.74],[-124.45,47.76],[-124.45,47.77],[-124.47,47.77],[-124.48,47.79],[-124.48,47.81],[-124.5,47.82],[-124.52,47.83],[-124.54,47.83],[-124.54,47.84],[-124.56,47.85],[-124.56,47.86],[-124.57,47.87],[-124.58,47.87],[-124.6,47.88],[-124.6,47.87],[-124.63,47.89],[-124.64,47.91],[-124.64,47.93],[-124.66,47.95],[-124.68,48],[-124.68,48.01],[-124.68,48.05],[-124.69,48.06],[-124.7,48.07],[-124.69,48.1],[-124.7,48.12],[-124.73,48.17],[-124.71,48.18],[-124.7,48.19],[-124.69,48.22],[-124.7,48.24],[-124.68,48.26],[-124.68,48.27],[-124.69,48.29],[-124.67,48.3],[-124.66,48.31],[-124.67,48.32],[-124.66,48.33],[-124.67,48.34],[-124.68,48.34],[-124.71,48.35],[-124.72,48.37],[-124.73,48.38],[-124.72,48.39],[-124.71,48.39],[-124.69,48.39],[-124.64,48.39],[-124.62,48.37],[-124.61,48.37],[-124.59,48.37],[-124.56,48.37],[-124.54,48.35],[-124.52,48.35],[-124.49,48.33],[-124.45,48.32],[-124.44,48.31],[-124.42,48.3],[-124.38,48.29],[-124.36,48.29],[-124.34,48.28],[-124.31,48.27],[-124.3,48.26],[-124.27,48.25],[-124.25,48.26],[-124.19,48.25],[-124.14,48.23],[-124.13,48.22],[-124.1,48.22],[-124.11,48.2],[-124.06,48.19],[-124.05,48.18],[-123.97,48.16],[-123.94,48.17],[-123.94,48.16],[-123.91,48.16],[-123.88,48.16],[-123.87,48.15],[-123.84,48.16],[-123.83,48.16],[-123.81,48.15],[-123.78,48.16],[-123.73,48.17],[-123.72,48.16],[-123.7,48.17],[-123.67,48.16],[-123.64,48.15],[-123.63,48.14],[-123.59,48.14],[-123.58,48.14],[-123.57,48.15],[-123.55,48.15],[-123.54,48.15],[-123.53,48.14],[-123.5,48.13],[-123.46,48.13],[-123.45,48.13],[-123.43,48.12],[-123.37,48.11],[-123.35,48.12],[-123.32,48.11],[-123.29,48.12],[-123.28,48.12],[-123.25,48.12],[-123.21,48.13],[-123.19,48.15],[-123.13,48.15],[-123.12,48.15],[-123.08,48.13],[-123.06,48.12],[-123.05,48.1],[-123.05,48.06],[-123.02,48.04],[-123.01,48.03],[-123,48.03],[-123.01,48.05],[-123.01,48.06],[-123.01,48.07],[-123.02,48.08],[-123.01,48.09],[-122.98,48.1],[-122.95,48.1],[-122.92,48.1],[-122.93,48.07],[-122.92,48.06],[-122.87,48.05],[-122.86,48.02],[-122.87,47.99],[-122.85,48],[-122.83,48.01],[-122.83,48.05],[-122.85,48.05],[-122.86,48.07],[-122.89,48.08],[-122.88,48.09],[-122.88,48.11],[-122.85,48.13],[-122.84,48.14],[-122.81,48.14],[-122.79,48.14],[-122.76,48.14],[-122.76,48.13],[-122.75,48.12],[-122.79,48.1],[-122.8,48.09],[-122.78,48.07],[-122.77,48.06],[-122.77,48.05],[-122.75,48.04],[-122.73,48.04],[-122.74,48.05],[-122.74,48.08],[-122.73,48.09],[-122.72,48.07],[-122.72,48.06],[-122.71,48.03],[-122.7,48.06],[-122.7,48.07],[-122.71,48.08],[-122.72,48.1],[-122.7,48.1],[-122.69,48.07],[-122.68,48.04],[-122.67,48.03],[-122.68,48.01],[-122.69,48.01],[-122.7,48.01],[-122.73,48.03],[-122.73,48.02],[-122.72,48.01],[-122.72,47.99],[-122.7,47.97],[-122.68,47.97],[-122.68,47.96],[-122.68,47.94],[-122.68,47.92],[-122.69,47.92]]],[[[-122.69,48.49],[-122.7,48.47],[-122.71,48.48],[-122.69,48.49]]],[[[-122.8,48.53],[-122.79,48.51],[-122.79,48.5],[-122.81,48.49],[-122.82,48.5],[-122.84,48.51],[-122.83,48.52],[-122.8,48.53]]],[[[-122.87,48.55],[-122.88,48.55],[-122.86,48.54],[-122.87,48.51],[-122.87,48.5],[-122.85,48.48],[-122.86,48.46],[-122.84,48.45],[-122.82,48.46],[-122.81,48.45],[-122.81,48.42],[-122.84,48.43],[-122.86,48.43],[-122.86,48.42],[-122.88,48.42],[-122.88,48.45],[-122.91,48.45],[-122.92,48.46],[-122.94,48.46],[-122.95,48.47],[-122.94,48.49],[-122.91,48.51],[-122.92,48.52],[-122.92,48.54],[-122.92,48.55],[-122.9,48.55],[-122.89,48.56],[-122.87,48.55]]],[[[-122.77,48.55],[-122.8,48.54],[-122.81,48.53],[-122.83,48.55],[-122.83,48.57],[-122.83,48.58],[-122.81,48.59],[-122.79,48.58],[-122.77,48.56],[-122.77,48.55]]],[[[-122.58,48.54],[-122.58,48.53],[-122.6,48.54],[-122.62,48.53],[-122.64,48.53],[-122.65,48.53],[-122.65,48.55],[-122.65,48.56],[-122.65,48.57],[-122.65,48.59],[-122.64,48.59],[-122.63,48.57],[-122.61,48.56],[-122.58,48.55],[-122.58,48.54]]],[[[-122.97,48.59],[-122.95,48.59],[-122.9,48.58],[-122.91,48.57],[-122.94,48.56],[-122.94,48.55],[-122.98,48.55],[-122.98,48.57],[-123,48.58],[-122.99,48.59],[-122.97,48.59]]],[[[-122.69,48.59],[-122.7,48.59],[-122.67,48.57],[-122.69,48.55],[-122.68,48.54],[-122.72,48.54],[-122.72,48.55],[-122.72,48.56],[-122.74,48.57],[-122.72,48.6],[-122.71,48.61],[-122.69,48.59]]],[[[-123.18,48.6],[-123.18,48.59],[-123.2,48.59],[-123.2,48.61],[-123.18,48.62],[-123.18,48.6]]],[[[-123.17,48.59],[-123.16,48.61],[-123.15,48.62],[-123.14,48.62],[-123.11,48.62],[-123.1,48.61],[-123.1,48.6],[-123.08,48.59],[-123.06,48.58],[-123.05,48.57],[-123.02,48.56],[-123.01,48.55],[-123.02,48.54],[-123.01,48.53],[-122.99,48.54],[-122.97,48.52],[-122.98,48.51],[-123.02,48.52],[-123.02,48.49],[-123.01,48.48],[-123.01,48.47],[-122.99,48.46],[-122.96,48.46],[-122.96,48.45],[-123.04,48.46],[-123.06,48.47],[-123.07,48.48],[-123.09,48.48],[-123.11,48.49],[-123.13,48.5],[-123.16,48.53],[-123.16,48.55],[-123.17,48.56],[-123.18,48.57],[-123.17,48.59]]],[[[-122.66,48.61],[-122.7,48.62],[-122.68,48.63],[-122.66,48.62],[-122.66,48.61]]],[[[-123.17,48.67],[-123.19,48.67],[-123.18,48.68],[-123.17,48.67]]],[[[-123.19,48.67],[-123.2,48.67],[-123.18,48.67],[-123.19,48.66],[-123.22,48.67],[-123.24,48.68],[-123.23,48.69],[-123.21,48.69],[-123.21,48.68],[-123.19,48.67]]],[[[-122.99,48.6],[-123,48.62],[-123.03,48.61],[-123.03,48.63],[-123.02,48.64],[-123.01,48.65],[-122.98,48.68],[-122.96,48.69],[-122.95,48.69],[-122.94,48.71],[-122.9,48.71],[-122.88,48.71],[-122.87,48.71],[-122.83,48.7],[-122.8,48.68],[-122.74,48.66],[-122.77,48.64],[-122.8,48.63],[-122.81,48.62],[-122.8,48.6],[-122.82,48.61],[-122.85,48.62],[-122.87,48.65],[-122.88,48.66],[-122.88,48.69],[-122.89,48.69],[-122.92,48.69],[-122.91,48.67],[-122.91,48.66],[-122.88,48.64],[-122.88,48.62],[-122.86,48.61],[-122.87,48.6],[-122.89,48.59],[-122.9,48.59],[-122.94,48.59],[-122.95,48.6],[-122.95,48.62],[-122.97,48.63],[-122.98,48.64],[-122.99,48.63],[-122.99,48.62],[-122.98,48.61],[-122.98,48.6],[-122.99,48.6]]],[[[-122.61,48.71],[-122.61,48.7],[-122.62,48.69],[-122.65,48.71],[-122.61,48.71]]],[[[-123.01,48.72],[-123.01,48.69],[-123.02,48.68],[-123.04,48.68],[-123.04,48.69],[-123.05,48.7],[-123.04,48.72],[-123.01,48.72]]],[[[-122.68,48.72],[-122.66,48.7],[-122.65,48.69],[-122.62,48.67],[-122.61,48.65],[-122.64,48.65],[-122.67,48.68],[-122.69,48.71],[-122.7,48.72],[-122.72,48.72],[-122.72,48.74],[-122.71,48.75],[-122.69,48.73],[-122.68,48.72]]],[[[-122.42,47.27],[-122.42,47.28],[-122.41,47.28],[-122.42,47.3],[-122.44,47.3],[-122.43,47.32],[-122.38,47.33],[-122.37,47.34],[-122.34,47.34],[-122.32,47.35],[-122.33,47.39],[-122.33,47.41],[-122.35,47.42],[-122.36,47.44],[-122.38,47.45],[-122.37,47.46],[-122.37,47.47],[-122.36,47.48],[-122.39,47.5],[-122.4,47.52],[-122.4,47.54],[-122.4,47.56],[-122.42,47.58],[-122.4,47.58],[-122.39,47.6],[-122.37,47.58],[-122.35,47.59],[-122.34,47.58],[-122.34,47.6],[-122.37,47.63],[-122.41,47.64],[-122.42,47.64],[-122.43,47.66],[-122.41,47.67],[-122.41,47.69],[-122.38,47.71],[-122.37,47.73],[-122.38,47.75],[-122.38,47.76],[-122.4,47.78],[-122.39,47.79],[-122.39,47.81],[-122.38,47.82],[-122.35,47.84],[-122.34,47.85],[-122.33,47.87],[-122.33,47.88],[-122.32,47.91],[-122.31,47.92],[-122.31,47.95],[-122.28,47.96],[-122.25,47.96],[-122.22,47.98],[-122.22,47.99],[-122.22,48.01],[-122.21,48.03],[-122.19,48.03],[-122.21,48.04],[-122.24,48.03],[-122.27,48.05],[-122.28,48.06],[-122.32,48.08],[-122.33,48.09],[-122.34,48.1],[-122.35,48.11],[-122.36,48.12],[-122.37,48.13],[-122.36,48.14],[-122.37,48.17],[-122.35,48.19],[-122.38,48.19],[-122.37,48.21],[-122.38,48.22],[-122.39,48.23],[-122.42,48.23],[-122.43,48.24],[-122.45,48.23],[-122.45,48.22],[-122.44,48.21],[-122.46,48.19],[-122.48,48.19],[-122.47,48.17],[-122.44,48.13],[-122.43,48.12],[-122.38,48.09],[-122.36,48.06],[-122.37,48.06],[-122.39,48.07],[-122.39,48.08],[-122.41,48.09],[-122.42,48.1],[-122.44,48.11],[-122.47,48.13],[-122.48,48.12],[-122.51,48.13],[-122.51,48.15],[-122.54,48.18],[-122.54,48.2],[-122.53,48.24],[-122.53,48.25],[-122.5,48.26],[-122.49,48.25],[-122.48,48.25],[-122.47,48.27],[-122.42,48.26],[-122.4,48.25],[-122.38,48.28],[-122.37,48.3],[-122.39,48.31],[-122.4,48.32],[-122.42,48.33],[-122.45,48.34],[-122.47,48.36],[-122.51,48.36],[-122.51,48.37],[-122.53,48.38],[-122.54,48.4],[-122.56,48.41],[-122.56,48.42],[-122.55,48.44],[-122.57,48.45],[-122.58,48.43],[-122.61,48.42],[-122.62,48.41],[-122.63,48.41],[-122.64,48.41],[-122.63,48.4],[-122.61,48.41],[-122.6,48.41],[-122.59,48.39],[-122.58,48.37],[-122.6,48.36],[-122.55,48.34],[-122.52,48.32],[-122.51,48.31],[-122.5,48.3],[-122.53,48.28],[-122.56,48.28],[-122.57,48.29],[-122.61,48.3],[-122.62,48.29],[-122.62,48.27],[-122.63,48.27],[-122.66,48.28],[-122.66,48.27],[-122.65,48.26],[-122.66,48.24],[-122.68,48.24],[-122.71,48.24],[-122.73,48.23],[-122.72,48.21],[-122.71,48.21],[-122.69,48.22],[-122.67,48.22],[-122.63,48.22],[-122.61,48.21],[-122.6,48.2],[-122.59,48.18],[-122.58,48.16],[-122.57,48.15],[-122.56,48.11],[-122.57,48.11],[-122.55,48.08],[-122.55,48.05],[-122.54,48.05],[-122.54,48.02],[-122.52,48.02],[-122.51,48.04],[-122.52,48.06],[-122.51,48.08],[-122.52,48.1],[-122.49,48.1],[-122.48,48.08],[-122.46,48.07],[-122.45,48.05],[-122.43,48.05],[-122.41,48.04],[-122.38,48.03],[-122.37,48.03],[-122.37,48],[-122.35,47.98],[-122.35,47.96],[-122.36,47.94],[-122.38,47.92],[-122.38,47.91],[-122.39,47.91],[-122.41,47.91],[-122.43,47.92],[-122.45,47.94],[-122.44,47.95],[-122.45,47.97],[-122.47,47.99],[-122.49,47.99],[-122.51,47.98],[-122.52,47.97],[-122.54,47.97],[-122.55,47.97],[-122.54,47.99],[-122.56,48.01],[-122.58,48.01],[-122.61,48.03],[-122.59,48.05],[-122.6,48.06],[-122.61,48.07],[-122.6,48.11],[-122.6,48.13],[-122.61,48.16],[-122.63,48.16],[-122.65,48.16],[-122.68,48.15],[-122.69,48.17],[-122.71,48.19],[-122.74,48.2],[-122.74,48.21],[-122.76,48.21],[-122.77,48.23],[-122.75,48.26],[-122.73,48.28],[-122.72,48.3],[-122.69,48.33],[-122.68,48.35],[-122.67,48.37],[-122.66,48.4],[-122.65,48.4],[-122.67,48.42],[-122.68,48.44],[-122.67,48.44],[-122.66,48.45],[-122.66,48.47],[-122.67,48.48],[-122.69,48.49],[-122.7,48.49],[-122.69,48.51],[-122.67,48.5],[-122.61,48.52],[-122.6,48.52],[-122.61,48.51],[-122.58,48.47],[-122.57,48.47],[-122.58,48.49],[-122.56,48.5],[-122.55,48.49],[-122.54,48.47],[-122.51,48.46],[-122.47,48.47],[-122.47,48.48],[-122.48,48.49],[-122.49,48.51],[-122.48,48.52],[-122.49,48.53],[-122.5,48.54],[-122.51,48.56],[-122.52,48.57],[-122.53,48.58],[-122.5,48.58],[-122.49,48.56],[-122.48,48.56],[-122.43,48.58],[-122.43,48.6],[-122.45,48.62],[-122.46,48.63],[-122.5,48.66],[-122.49,48.67],[-122.5,48.7],[-122.52,48.7],[-122.52,48.72],[-122.49,48.74],[-122.5,48.76],[-122.51,48.75],[-122.51,48.76],[-122.54,48.78],[-122.56,48.77],[-122.61,48.76],[-122.64,48.74],[-122.65,48.72],[-122.66,48.72],[-122.67,48.74],[-122.65,48.77],[-122.65,48.78],[-122.68,48.79],[-122.68,48.8],[-122.71,48.8],[-122.72,48.85],[-122.73,48.85],[-122.75,48.86],[-122.76,48.87],[-122.79,48.89],[-122.75,48.91],[-122.75,48.92],[-122.75,48.93],[-122.77,48.94],[-122.79,48.93],[-122.82,48.94],[-122.82,48.96],[-122.79,48.98],[-122.78,48.97],[-122.75,48.96],[-122.73,48.96],[-122.74,48.98],[-122.76,48.99],[-122.75,49],[-122.68,49],[-122.47,49],[-122.45,49],[-122.12,49],[-121.96,49],[-121.75,49],[-121.5,49],[-121.25,49],[-121,49],[-120.86,49],[-120.81,49],[-120.64,49],[-120.72,48.73],[-120.89,48.39],[-121.11,48.07],[-121.38,47.78],[-121.7,47.53],[-122.09,47.32],[-122.51,47.17],[-122.66,47.12],[-122.65,47.13],[-122.64,47.14],[-122.62,47.15],[-122.61,47.17],[-122.59,47.18],[-122.58,47.19],[-122.58,47.2],[-122.57,47.22],[-122.56,47.24],[-122.55,47.25],[-122.55,47.26],[-122.53,47.28],[-122.53,47.29],[-122.54,47.31],[-122.53,47.32],[-122.51,47.31],[-122.5,47.29],[-122.47,47.28],[-122.45,47.27],[-122.44,47.26],[-122.42,47.26],[-122.42,47.27]]],[[[-123.02,48.98],[-123.04,48.98],[-123.08,48.97],[-123.09,49],[-123.04,49],[-123.02,48.98]]]]},"properties":{"Cat":"Below","Prob":40}}]}